2025-09-20 15:27:59.627 INFO  [1] [VMGlobalScript.GlobalScript::Init@0]  ====================================================V4.3.0 GlobalScript Start Print Log====================================================

2025-09-20 15:28:05.086 INFO  [20] [VM.GlobalScript.Support.GlobalManager::objLoadDefaultScriptTime_Elapsed@0] Load default globalScript begin

2025-09-20 15:28:06.701 INFO  [20] [VM.GlobalScript.Support.UserGlobalScriptManger::compileGlobalScript@0] Compile begin

2025-09-20 15:28:09.735 INFO  [20] [VM.GlobalScript.Support.UserGlobalScriptSupport::CompileCode@0] 2025-09-20 15:28:09:734 : Compile complete -- 0 Errors, 0 Warnings 


2025-09-20 15:28:11.775 INFO  [20] [VM.GlobalScript.Support.UserGlobalScriptManger::updateBackFile@0] Update BackFile end

2025-09-20 15:28:11.776 INFO  [20] [VM.GlobalScript.Support.UserGlobalScriptManger::compileGlobalScript@0] Compile end

2025-09-20 15:28:11.780 INFO  [20] [VM.GlobalScript.Support.GlobalManager::objLoadDefaultScriptTime_Elapsed@0] Load default globalScript end

2025-09-22 13:51:07.733 INFO  [1] [VMGlobalScript.GlobalScript::Init@0]  ====================================================V4.3.0 GlobalScript Start Print Log====================================================

2025-09-22 13:51:16.419 INFO  [4] [VM.GlobalScript.Support.GlobalManager::objLoadDefaultScriptTime_Elapsed@0] Load default globalScript begin

2025-09-22 13:51:19.830 INFO  [4] [VM.GlobalScript.Support.UserGlobalScriptManger::compileGlobalScript@0] Compile begin

2025-09-22 13:51:23.426 INFO  [4] [VM.GlobalScript.Support.UserGlobalScriptSupport::CompileCode@0] 2025-09-22 13:51:23:425 : Compile complete -- 0 Errors, 0 Warnings 


2025-09-22 13:51:28.352 INFO  [4] [VM.GlobalScript.Support.UserGlobalScriptManger::updateBackFile@0] Update BackFile end

2025-09-22 13:51:28.353 INFO  [4] [VM.GlobalScript.Support.UserGlobalScriptManger::compileGlobalScript@0] Compile end

2025-09-22 13:51:28.357 INFO  [4] [VM.GlobalScript.Support.GlobalManager::objLoadDefaultScriptTime_Elapsed@0] Load default globalScript end

2025-09-22 15:46:40.604 INFO  [1] [VMGlobalScript.GlobalScript::Init@0]  ====================================================V4.3.0 GlobalScript Start Print Log====================================================

2025-09-22 15:46:45.793 INFO  [4] [VM.GlobalScript.Support.GlobalManager::objLoadDefaultScriptTime_Elapsed@0] Load default globalScript begin

2025-09-22 15:46:50.057 INFO  [4] [VM.GlobalScript.Support.UserGlobalScriptManger::compileGlobalScript@0] Compile begin

2025-09-22 15:46:53.787 INFO  [4] [VM.GlobalScript.Support.UserGlobalScriptSupport::CompileCode@0] 2025-09-22 15:46:53:786 : Compile complete -- 0 Errors, 0 Warnings 


2025-09-22 15:46:58.546 INFO  [4] [VM.GlobalScript.Support.UserGlobalScriptManger::updateBackFile@0] Update BackFile end

2025-09-22 15:46:58.549 INFO  [4] [VM.GlobalScript.Support.UserGlobalScriptManger::compileGlobalScript@0] Compile end

2025-09-22 15:46:58.550 INFO  [4] [VM.GlobalScript.Support.GlobalManager::objLoadDefaultScriptTime_Elapsed@0] Load default globalScript end

2025-09-22 17:48:57.664 INFO  [11] [VM.GlobalScript.LogHelper+<>c::<.cctor>b__8_0@0] ProcessID-11448-,2025-09-22 17:48:56.653 [1] [GlobalScript::Init]  ====================================================V4.3.0 GlobalScript Start Print Log====================================================

2025-09-22 17:49:01.748 INFO  [11] [VM.GlobalScript.LogHelper+<>c::<.cctor>b__8_0@0] ProcessID-11448-,2025-09-22 17:49:01.692 [4] [GlobalManager::objLoadDefaultScriptTime_Elapsed] Load default globalScript begin

2025-09-22 17:49:01.748 INFO  [11] [VM.GlobalScript.LogHelper+<>c::<.cctor>b__8_0@0] ProcessID-11448-,2025-09-22 17:49:01.707 [4] [UserGlobalScriptManger::compileGlobalScript] Compile begin

2025-09-22 17:49:02.749 INFO  [11] [VM.GlobalScript.LogHelper+<>c::<.cctor>b__8_0@0] ProcessID-11448-,2025-09-22 17:49:01.935 [4] [UserGlobalScriptSupport::CompileCode] 2025-09-22 17:49:01:935 : Compile complete -- 0 Errors, 0 Warnings 


2025-09-22 17:49:02.749 INFO  [11] [VM.GlobalScript.LogHelper+<>c::<.cctor>b__8_0@0] ProcessID-11448-,2025-09-22 17:49:02.011 [4] [UserGlobalScriptManger::updateBackFile] Update BackFile end

2025-09-22 17:49:02.749 INFO  [11] [VM.GlobalScript.LogHelper+<>c::<.cctor>b__8_0@0] ProcessID-11448-,2025-09-22 17:49:02.011 [4] [UserGlobalScriptManger::compileGlobalScript] Compile end

2025-09-22 17:49:02.749 INFO  [11] [VM.GlobalScript.LogHelper+<>c::<.cctor>b__8_0@0] ProcessID-11448-,2025-09-22 17:49:02.011 [4] [GlobalManager::objLoadDefaultScriptTime_Elapsed] Load default globalScript end

2025-09-23 09:25:29.392 INFO  [23] [VM.GlobalScript.LogHelper+<>c::<.cctor>b__8_0@0] ProcessID-21996-,2025-09-23 09:25:28.377 [1] [GlobalScript::Init]  ====================================================V4.3.0 GlobalScript Start Print Log====================================================

2025-09-23 09:25:33.497 INFO  [23] [VM.GlobalScript.LogHelper+<>c::<.cctor>b__8_0@0] ProcessID-21996-,2025-09-23 09:25:33.423 [3] [GlobalManager::objLoadDefaultScriptTime_Elapsed] Load default globalScript begin

2025-09-23 09:25:33.498 INFO  [23] [VM.GlobalScript.LogHelper+<>c::<.cctor>b__8_0@0] ProcessID-21996-,2025-09-23 09:25:33.433 [3] [UserGlobalScriptManger::compileGlobalScript] Compile begin

2025-09-23 09:25:34.499 INFO  [23] [VM.GlobalScript.LogHelper+<>c::<.cctor>b__8_0@0] ProcessID-21996-,2025-09-23 09:25:33.657 [3] [UserGlobalScriptSupport::CompileCode] 2025-09-23 09:25:33:656 : Compile complete -- 0 Errors, 0 Warnings 


2025-09-23 09:25:34.499 INFO  [23] [VM.GlobalScript.LogHelper+<>c::<.cctor>b__8_0@0] ProcessID-21996-,2025-09-23 09:25:33.732 [3] [UserGlobalScriptManger::updateBackFile] Update BackFile end

2025-09-23 09:25:34.499 INFO  [23] [VM.GlobalScript.LogHelper+<>c::<.cctor>b__8_0@0] ProcessID-21996-,2025-09-23 09:25:33.732 [3] [UserGlobalScriptManger::compileGlobalScript] Compile end

2025-09-23 09:25:34.499 INFO  [23] [VM.GlobalScript.LogHelper+<>c::<.cctor>b__8_0@0] ProcessID-21996-,2025-09-23 09:25:33.732 [3] [GlobalManager::objLoadDefaultScriptTime_Elapsed] Load default globalScript end

2025-09-23 09:26:22.182 INFO  [63] [VM.GlobalScript.LogHelper+<>c::<.cctor>b__8_0@0] ProcessID-10508-,2025-09-23 09:26:21.151 [1] [GlobalScript::Init]  ====================================================V4.3.0 GlobalScript Start Print Log====================================================

2025-09-23 09:26:26.229 INFO  [63] [VM.GlobalScript.LogHelper+<>c::<.cctor>b__8_0@0] ProcessID-10508-,2025-09-23 09:26:26.191 [3] [GlobalManager::objLoadDefaultScriptTime_Elapsed] Load default globalScript begin

2025-09-23 09:26:26.229 INFO  [63] [VM.GlobalScript.LogHelper+<>c::<.cctor>b__8_0@0] ProcessID-10508-,2025-09-23 09:26:26.201 [3] [UserGlobalScriptManger::compileGlobalScript] Compile begin

2025-09-23 09:26:27.232 INFO  [63] [VM.GlobalScript.LogHelper+<>c::<.cctor>b__8_0@0] ProcessID-10508-,2025-09-23 09:26:26.383 [3] [UserGlobalScriptSupport::CompileCode] 2025-09-23 09:26:26:383 : Compile complete -- 0 Errors, 0 Warnings 


2025-09-23 09:26:27.232 INFO  [63] [VM.GlobalScript.LogHelper+<>c::<.cctor>b__8_0@0] ProcessID-10508-,2025-09-23 09:26:26.457 [3] [UserGlobalScriptManger::updateBackFile] Update BackFile end

2025-09-23 09:26:27.232 INFO  [63] [VM.GlobalScript.LogHelper+<>c::<.cctor>b__8_0@0] ProcessID-10508-,2025-09-23 09:26:26.457 [3] [UserGlobalScriptManger::compileGlobalScript] Compile end

2025-09-23 09:26:27.232 INFO  [63] [VM.GlobalScript.LogHelper+<>c::<.cctor>b__8_0@0] ProcessID-10508-,2025-09-23 09:26:26.457 [3] [GlobalManager::objLoadDefaultScriptTime_Elapsed] Load default globalScript end

2025-09-23 09:26:58.095 INFO  [74] [VM.GlobalScript.LogHelper+<>c::<.cctor>b__8_0@0] ProcessID-18480-,2025-09-23 09:26:57.048 [1] [GlobalScript::Init]  ====================================================V4.3.0 GlobalScript Start Print Log====================================================

2025-09-23 09:27:02.404 INFO  [74] [VM.GlobalScript.LogHelper+<>c::<.cctor>b__8_0@0] ProcessID-18480-,2025-09-23 09:27:02.110 [4] [GlobalManager::objLoadDefaultScriptTime_Elapsed] Load default globalScript begin

2025-09-23 09:27:02.404 INFO  [74] [VM.GlobalScript.LogHelper+<>c::<.cctor>b__8_0@0] ProcessID-18480-,2025-09-23 09:27:02.123 [4] [UserGlobalScriptManger::compileGlobalScript] Compile begin

2025-09-23 09:27:02.404 INFO  [74] [VM.GlobalScript.LogHelper+<>c::<.cctor>b__8_0@0] ProcessID-18480-,2025-09-23 09:27:02.297 [4] [UserGlobalScriptSupport::CompileCode] 2025-09-23 09:27:02:297 : Compile complete -- 0 Errors, 0 Warnings 


2025-09-23 09:27:02.404 INFO  [74] [VM.GlobalScript.LogHelper+<>c::<.cctor>b__8_0@0] ProcessID-18480-,2025-09-23 09:27:02.373 [4] [UserGlobalScriptManger::updateBackFile] Update BackFile end

2025-09-23 09:27:02.404 INFO  [74] [VM.GlobalScript.LogHelper+<>c::<.cctor>b__8_0@0] ProcessID-18480-,2025-09-23 09:27:02.373 [4] [UserGlobalScriptManger::compileGlobalScript] Compile end

2025-09-23 09:27:02.405 INFO  [74] [VM.GlobalScript.LogHelper+<>c::<.cctor>b__8_0@0] ProcessID-18480-,2025-09-23 09:27:02.373 [4] [GlobalManager::objLoadDefaultScriptTime_Elapsed] Load default globalScript end

2025-09-23 09:30:56.203 INFO  [69] [VM.GlobalScript.LogHelper+<>c::<.cctor>b__8_0@0] ProcessID-7652-,2025-09-23 09:30:55.187 [1] [GlobalScript::Init]  ====================================================V4.3.0 GlobalScript Start Print Log====================================================

2025-09-23 09:31:24.278 INFO  [69] [VM.GlobalScript.LogHelper+<>c::<.cctor>b__8_0@0] ProcessID-7652-,2025-09-23 09:31:23.213 [4] [GlobalManager::objLoadDefaultScriptTime_Elapsed] Load default globalScript begin

2025-09-23 09:31:24.372 INFO  [69] [VM.GlobalScript.LogHelper+<>c::<.cctor>b__8_0@0] ProcessID-7652-,2025-09-23 09:31:24.168 [4] [UserGlobalScriptManger::compileGlobalScript] Compile begin

2025-09-23 09:31:25.483 INFO  [69] [VM.GlobalScript.LogHelper+<>c::<.cctor>b__8_0@0] ProcessID-7652-,2025-09-23 09:31:25.289 [4] [UserGlobalScriptSupport::CompileCode] 2025-09-23 09:31:25:289 : Compile complete -- 0 Errors, 0 Warnings 


2025-09-23 09:31:25.483 INFO  [69] [VM.GlobalScript.LogHelper+<>c::<.cctor>b__8_0@0] ProcessID-7652-,2025-09-23 09:31:25.369 [4] [UserGlobalScriptManger::updateBackFile] Update BackFile end

2025-09-23 09:31:25.483 INFO  [69] [VM.GlobalScript.LogHelper+<>c::<.cctor>b__8_0@0] ProcessID-7652-,2025-09-23 09:31:25.369 [4] [UserGlobalScriptManger::compileGlobalScript] Compile end

2025-09-23 09:31:25.484 INFO  [69] [VM.GlobalScript.LogHelper+<>c::<.cctor>b__8_0@0] ProcessID-7652-,2025-09-23 09:31:25.369 [4] [GlobalManager::objLoadDefaultScriptTime_Elapsed] Load default globalScript end

2025-09-23 09:39:58.933 INFO  [89] [VM.GlobalScript.LogHelper+<>c::<.cctor>b__8_0@0] ProcessID-23600-,2025-09-23 09:39:57.902 [1] [GlobalScript::Init]  ====================================================V4.3.0 GlobalScript Start Print Log====================================================

2025-09-23 09:40:03.137 INFO  [89] [VM.GlobalScript.LogHelper+<>c::<.cctor>b__8_0@0] ProcessID-23600-,2025-09-23 09:40:02.954 [3] [GlobalManager::objLoadDefaultScriptTime_Elapsed] Load default globalScript begin

2025-09-23 09:40:03.137 INFO  [89] [VM.GlobalScript.LogHelper+<>c::<.cctor>b__8_0@0] ProcessID-23600-,2025-09-23 09:40:02.964 [3] [UserGlobalScriptManger::compileGlobalScript] Compile begin

2025-09-23 09:40:04.138 INFO  [89] [VM.GlobalScript.LogHelper+<>c::<.cctor>b__8_0@0] ProcessID-23600-,2025-09-23 09:40:03.151 [3] [UserGlobalScriptSupport::CompileCode] 2025-09-23 09:40:03:151 : Compile complete -- 0 Errors, 0 Warnings 


2025-09-23 09:40:04.138 INFO  [89] [VM.GlobalScript.LogHelper+<>c::<.cctor>b__8_0@0] ProcessID-23600-,2025-09-23 09:40:03.235 [3] [UserGlobalScriptManger::updateBackFile] Update BackFile end

2025-09-23 09:40:04.138 INFO  [89] [VM.GlobalScript.LogHelper+<>c::<.cctor>b__8_0@0] ProcessID-23600-,2025-09-23 09:40:03.235 [3] [UserGlobalScriptManger::compileGlobalScript] Compile end

2025-09-23 09:40:04.138 INFO  [89] [VM.GlobalScript.LogHelper+<>c::<.cctor>b__8_0@0] ProcessID-23600-,2025-09-23 09:40:03.235 [3] [GlobalManager::objLoadDefaultScriptTime_Elapsed] Load default globalScript end

2025-09-23 09:43:39.129 INFO  [76] [VM.GlobalScript.LogHelper+<>c::<.cctor>b__8_0@0] ProcessID-24172-,2025-09-23 09:43:38.113 [1] [GlobalScript::Init]  ====================================================V4.3.0 GlobalScript Start Print Log====================================================

2025-09-23 09:43:43.230 INFO  [76] [VM.GlobalScript.LogHelper+<>c::<.cctor>b__8_0@0] ProcessID-24172-,2025-09-23 09:43:43.189 [3] [GlobalManager::objLoadDefaultScriptTime_Elapsed] Load default globalScript begin

2025-09-23 09:43:43.231 INFO  [76] [VM.GlobalScript.LogHelper+<>c::<.cctor>b__8_0@0] ProcessID-24172-,2025-09-23 09:43:43.198 [3] [UserGlobalScriptManger::compileGlobalScript] Compile begin

2025-09-23 09:43:44.233 INFO  [76] [VM.GlobalScript.LogHelper+<>c::<.cctor>b__8_0@0] ProcessID-24172-,2025-09-23 09:43:43.393 [3] [UserGlobalScriptSupport::CompileCode] 2025-09-23 09:43:43:393 : Compile complete -- 0 Errors, 0 Warnings 


2025-09-23 09:43:44.233 INFO  [76] [VM.GlobalScript.LogHelper+<>c::<.cctor>b__8_0@0] ProcessID-24172-,2025-09-23 09:43:43.467 [3] [UserGlobalScriptManger::updateBackFile] Update BackFile end

2025-09-23 09:43:44.233 INFO  [76] [VM.GlobalScript.LogHelper+<>c::<.cctor>b__8_0@0] ProcessID-24172-,2025-09-23 09:43:43.467 [3] [UserGlobalScriptManger::compileGlobalScript] Compile end

2025-09-23 09:43:44.233 INFO  [76] [VM.GlobalScript.LogHelper+<>c::<.cctor>b__8_0@0] ProcessID-24172-,2025-09-23 09:43:43.467 [3] [GlobalManager::objLoadDefaultScriptTime_Elapsed] Load default globalScript end

2025-09-23 09:46:49.581 INFO  [33] [VM.GlobalScript.LogHelper+<>c::<.cctor>b__8_0@0] ProcessID-9044-,2025-09-23 09:46:48.534 [1] [GlobalScript::Init]  ====================================================V4.3.0 GlobalScript Start Print Log====================================================

2025-09-23 09:46:53.854 INFO  [33] [VM.GlobalScript.LogHelper+<>c::<.cctor>b__8_0@0] ProcessID-9044-,2025-09-23 09:46:53.597 [3] [GlobalManager::objLoadDefaultScriptTime_Elapsed] Load default globalScript begin

2025-09-23 09:46:53.854 INFO  [33] [VM.GlobalScript.LogHelper+<>c::<.cctor>b__8_0@0] ProcessID-9044-,2025-09-23 09:46:53.607 [3] [UserGlobalScriptManger::compileGlobalScript] Compile begin

2025-09-23 09:46:53.854 INFO  [33] [VM.GlobalScript.LogHelper+<>c::<.cctor>b__8_0@0] ProcessID-9044-,2025-09-23 09:46:53.830 [3] [UserGlobalScriptSupport::CompileCode] 2025-09-23 09:46:53:830 : Compile complete -- 0 Errors, 0 Warnings 


2025-09-23 09:46:54.855 INFO  [33] [VM.GlobalScript.LogHelper+<>c::<.cctor>b__8_0@0] ProcessID-9044-,2025-09-23 09:46:53.905 [3] [UserGlobalScriptManger::updateBackFile] Update BackFile end

2025-09-23 09:46:54.855 INFO  [33] [VM.GlobalScript.LogHelper+<>c::<.cctor>b__8_0@0] ProcessID-9044-,2025-09-23 09:46:53.905 [3] [UserGlobalScriptManger::compileGlobalScript] Compile end

2025-09-23 09:46:54.855 INFO  [33] [VM.GlobalScript.LogHelper+<>c::<.cctor>b__8_0@0] ProcessID-9044-,2025-09-23 09:46:53.905 [3] [GlobalManager::objLoadDefaultScriptTime_Elapsed] Load default globalScript end

2025-09-23 09:48:13.055 INFO  [34] [VM.GlobalScript.LogHelper+<>c::<.cctor>b__8_0@0] ProcessID-20036-,2025-09-23 09:48:12.040 [1] [GlobalScript::Init]  ====================================================V4.3.0 GlobalScript Start Print Log====================================================

2025-09-23 09:48:17.184 INFO  [34] [VM.GlobalScript.LogHelper+<>c::<.cctor>b__8_0@0] ProcessID-20036-,2025-09-23 09:48:17.096 [3] [GlobalManager::objLoadDefaultScriptTime_Elapsed] Load default globalScript begin

2025-09-23 09:48:17.184 INFO  [34] [VM.GlobalScript.LogHelper+<>c::<.cctor>b__8_0@0] ProcessID-20036-,2025-09-23 09:48:17.109 [3] [UserGlobalScriptManger::compileGlobalScript] Compile begin

2025-09-23 09:48:18.184 INFO  [34] [VM.GlobalScript.LogHelper+<>c::<.cctor>b__8_0@0] ProcessID-20036-,2025-09-23 09:48:17.299 [3] [UserGlobalScriptSupport::CompileCode] 2025-09-23 09:48:17:299 : Compile complete -- 0 Errors, 0 Warnings 


2025-09-23 09:48:18.184 INFO  [34] [VM.GlobalScript.LogHelper+<>c::<.cctor>b__8_0@0] ProcessID-20036-,2025-09-23 09:48:17.375 [3] [UserGlobalScriptManger::updateBackFile] Update BackFile end

2025-09-23 09:48:18.184 INFO  [34] [VM.GlobalScript.LogHelper+<>c::<.cctor>b__8_0@0] ProcessID-20036-,2025-09-23 09:48:17.375 [3] [UserGlobalScriptManger::compileGlobalScript] Compile end

2025-09-23 09:48:18.184 INFO  [34] [VM.GlobalScript.LogHelper+<>c::<.cctor>b__8_0@0] ProcessID-20036-,2025-09-23 09:48:17.375 [3] [GlobalManager::objLoadDefaultScriptTime_Elapsed] Load default globalScript end

2025-09-23 09:59:23.230 INFO  [32] [VM.GlobalScript.LogHelper+<>c::<.cctor>b__8_0@0] ProcessID-21268-,2025-09-23 09:59:22.184 [1] [GlobalScript::Init]  ====================================================V4.3.0 GlobalScript Start Print Log====================================================

2025-09-23 09:59:28.339 INFO  [32] [VM.GlobalScript.LogHelper+<>c::<.cctor>b__8_0@0] ProcessID-21268-,2025-09-23 09:59:27.417 [4] [GlobalManager::objLoadDefaultScriptTime_Elapsed] Load default globalScript begin

2025-09-23 09:59:31.401 INFO  [32] [VM.GlobalScript.LogHelper+<>c::<.cctor>b__8_0@0] ProcessID-21268-,2025-09-23 09:59:30.839 [4] [UserGlobalScriptManger::compileGlobalScript] Compile begin

2025-09-23 09:59:32.620 INFO  [32] [VM.GlobalScript.LogHelper+<>c::<.cctor>b__8_0@0] ProcessID-21268-,2025-09-23 09:59:31.948 [4] [UserGlobalScriptSupport::CompileCode] 2025-09-23 09:59:31:948 : Compile complete -- 0 Errors, 0 Warnings 


2025-09-23 09:59:34.839 INFO  [32] [VM.GlobalScript.LogHelper+<>c::<.cctor>b__8_0@0] ProcessID-21268-,2025-09-23 09:59:34.745 [4] [UserGlobalScriptManger::updateBackFile] Update BackFile end

2025-09-23 09:59:34.839 INFO  [32] [VM.GlobalScript.LogHelper+<>c::<.cctor>b__8_0@0] ProcessID-21268-,2025-09-23 09:59:34.745 [4] [UserGlobalScriptManger::compileGlobalScript] Compile end

2025-09-23 09:59:34.839 INFO  [32] [VM.GlobalScript.LogHelper+<>c::<.cctor>b__8_0@0] ProcessID-21268-,2025-09-23 09:59:34.745 [4] [GlobalManager::objLoadDefaultScriptTime_Elapsed] Load default globalScript end

2025-09-23 10:04:39.267 INFO  [35] [VM.GlobalScript.LogHelper+<>c::<.cctor>b__8_0@0] ProcessID-22872-,2025-09-23 10:04:38.247 [1] [GlobalScript::Init]  ====================================================V4.3.0 GlobalScript Start Print Log====================================================

2025-09-23 10:04:43.326 INFO  [35] [VM.GlobalScript.LogHelper+<>c::<.cctor>b__8_0@0] ProcessID-22872-,2025-09-23 10:04:43.299 [4] [GlobalManager::objLoadDefaultScriptTime_Elapsed] Load default globalScript begin

2025-09-23 10:04:43.327 INFO  [35] [VM.GlobalScript.LogHelper+<>c::<.cctor>b__8_0@0] ProcessID-22872-,2025-09-23 10:04:43.314 [4] [UserGlobalScriptManger::compileGlobalScript] Compile begin

2025-09-23 10:04:44.328 INFO  [35] [VM.GlobalScript.LogHelper+<>c::<.cctor>b__8_0@0] ProcessID-22872-,2025-09-23 10:04:43.497 [4] [UserGlobalScriptSupport::CompileCode] 2025-09-23 10:04:43:497 : Compile complete -- 0 Errors, 0 Warnings 


2025-09-23 10:04:44.328 INFO  [35] [VM.GlobalScript.LogHelper+<>c::<.cctor>b__8_0@0] ProcessID-22872-,2025-09-23 10:04:43.573 [4] [UserGlobalScriptManger::updateBackFile] Update BackFile end

2025-09-23 10:04:44.328 INFO  [35] [VM.GlobalScript.LogHelper+<>c::<.cctor>b__8_0@0] ProcessID-22872-,2025-09-23 10:04:43.573 [4] [UserGlobalScriptManger::compileGlobalScript] Compile end

2025-09-23 10:04:44.330 INFO  [35] [VM.GlobalScript.LogHelper+<>c::<.cctor>b__8_0@0] ProcessID-22872-,2025-09-23 10:04:43.573 [4] [GlobalManager::objLoadDefaultScriptTime_Elapsed] Load default globalScript end

2025-09-23 10:52:43.149 INFO  [31] [VM.GlobalScript.LogHelper+<>c::<.cctor>b__8_0@0] ProcessID-19888-,2025-09-23 10:52:42.107 [1] [GlobalScript::Init]  ====================================================V4.3.0 GlobalScript Start Print Log====================================================

2025-09-23 10:52:47.322 INFO  [31] [VM.GlobalScript.LogHelper+<>c::<.cctor>b__8_0@0] ProcessID-19888-,2025-09-23 10:52:47.165 [3] [GlobalManager::objLoadDefaultScriptTime_Elapsed] Load default globalScript begin

2025-09-23 10:52:47.322 INFO  [31] [VM.GlobalScript.LogHelper+<>c::<.cctor>b__8_0@0] ProcessID-19888-,2025-09-23 10:52:47.181 [3] [UserGlobalScriptManger::compileGlobalScript] Compile begin

2025-09-23 10:52:48.324 INFO  [31] [VM.GlobalScript.LogHelper+<>c::<.cctor>b__8_0@0] ProcessID-19888-,2025-09-23 10:52:47.374 [3] [UserGlobalScriptSupport::CompileCode] 2025-09-23 10:52:47:374 : Compile complete -- 0 Errors, 0 Warnings 


2025-09-23 10:52:48.324 INFO  [31] [VM.GlobalScript.LogHelper+<>c::<.cctor>b__8_0@0] ProcessID-19888-,2025-09-23 10:52:47.447 [3] [UserGlobalScriptManger::updateBackFile] Update BackFile end

2025-09-23 10:52:48.324 INFO  [31] [VM.GlobalScript.LogHelper+<>c::<.cctor>b__8_0@0] ProcessID-19888-,2025-09-23 10:52:47.447 [3] [UserGlobalScriptManger::compileGlobalScript] Compile end

2025-09-23 10:52:48.324 INFO  [31] [VM.GlobalScript.LogHelper+<>c::<.cctor>b__8_0@0] ProcessID-19888-,2025-09-23 10:52:47.447 [3] [GlobalManager::objLoadDefaultScriptTime_Elapsed] Load default globalScript end

2025-09-23 10:59:32.715 INFO  [34] [VM.GlobalScript.LogHelper+<>c::<.cctor>b__8_0@0] ProcessID-21336-,2025-09-23 10:59:31.668 [1] [GlobalScript::Init]  ====================================================V4.3.0 GlobalScript Start Print Log====================================================

2025-09-23 10:59:36.758 INFO  [34] [VM.GlobalScript.LogHelper+<>c::<.cctor>b__8_0@0] ProcessID-21336-,2025-09-23 10:59:36.713 [3] [GlobalManager::objLoadDefaultScriptTime_Elapsed] Load default globalScript begin

2025-09-23 10:59:36.758 INFO  [34] [VM.GlobalScript.LogHelper+<>c::<.cctor>b__8_0@0] ProcessID-21336-,2025-09-23 10:59:36.730 [3] [UserGlobalScriptManger::compileGlobalScript] Compile begin

2025-09-23 10:59:37.760 INFO  [34] [VM.GlobalScript.LogHelper+<>c::<.cctor>b__8_0@0] ProcessID-21336-,2025-09-23 10:59:36.910 [3] [UserGlobalScriptSupport::CompileCode] 2025-09-23 10:59:36:910 : Compile complete -- 0 Errors, 0 Warnings 


2025-09-23 10:59:37.760 INFO  [34] [VM.GlobalScript.LogHelper+<>c::<.cctor>b__8_0@0] ProcessID-21336-,2025-09-23 10:59:36.987 [3] [UserGlobalScriptManger::updateBackFile] Update BackFile end

2025-09-23 10:59:37.760 INFO  [34] [VM.GlobalScript.LogHelper+<>c::<.cctor>b__8_0@0] ProcessID-21336-,2025-09-23 10:59:36.987 [3] [UserGlobalScriptManger::compileGlobalScript] Compile end

2025-09-23 10:59:37.761 INFO  [34] [VM.GlobalScript.LogHelper+<>c::<.cctor>b__8_0@0] ProcessID-21336-,2025-09-23 10:59:36.987 [3] [GlobalManager::objLoadDefaultScriptTime_Elapsed] Load default globalScript end

2025-09-23 11:02:15.426 INFO  [34] [VM.GlobalScript.LogHelper+<>c::<.cctor>b__8_0@0] ProcessID-23928-,2025-09-23 11:02:14.395 [1] [GlobalScript::Init]  ====================================================V4.3.0 GlobalScript Start Print Log====================================================

2025-09-23 11:02:19.667 INFO  [34] [VM.GlobalScript.LogHelper+<>c::<.cctor>b__8_0@0] ProcessID-23928-,2025-09-23 11:02:19.442 [20] [GlobalManager::objLoadDefaultScriptTime_Elapsed] Load default globalScript begin

2025-09-23 11:02:19.667 INFO  [34] [VM.GlobalScript.LogHelper+<>c::<.cctor>b__8_0@0] ProcessID-23928-,2025-09-23 11:02:19.457 [20] [UserGlobalScriptManger::compileGlobalScript] Compile begin

2025-09-23 11:02:19.667 INFO  [34] [VM.GlobalScript.LogHelper+<>c::<.cctor>b__8_0@0] ProcessID-23928-,2025-09-23 11:02:19.634 [20] [UserGlobalScriptSupport::CompileCode] 2025-09-23 11:02:19:634 : Compile complete -- 0 Errors, 0 Warnings 


2025-09-23 11:02:20.668 INFO  [34] [VM.GlobalScript.LogHelper+<>c::<.cctor>b__8_0@0] ProcessID-23928-,2025-09-23 11:02:19.710 [20] [UserGlobalScriptManger::updateBackFile] Update BackFile end

2025-09-23 11:02:20.668 INFO  [34] [VM.GlobalScript.LogHelper+<>c::<.cctor>b__8_0@0] ProcessID-23928-,2025-09-23 11:02:19.710 [20] [UserGlobalScriptManger::compileGlobalScript] Compile end

2025-09-23 11:02:20.668 INFO  [34] [VM.GlobalScript.LogHelper+<>c::<.cctor>b__8_0@0] ProcessID-23928-,2025-09-23 11:02:19.710 [20] [GlobalManager::objLoadDefaultScriptTime_Elapsed] Load default globalScript end

2025-09-23 11:30:10.000 INFO  [27] [VM.GlobalScript.LogHelper+<>c::<.cctor>b__8_0@0] ProcessID-19920-,2025-09-23 11:30:08.985 [1] [GlobalScript::Init]  ====================================================V4.3.0 GlobalScript Start Print Log====================================================

2025-09-23 11:30:14.078 INFO  [27] [VM.GlobalScript.LogHelper+<>c::<.cctor>b__8_0@0] ProcessID-19920-,2025-09-23 11:30:14.000 [6] [GlobalManager::objLoadDefaultScriptTime_Elapsed] Load default globalScript begin

2025-09-23 11:30:14.078 INFO  [27] [VM.GlobalScript.LogHelper+<>c::<.cctor>b__8_0@0] ProcessID-19920-,2025-09-23 11:30:14.000 [6] [UserGlobalScriptManger::compileGlobalScript] Compile begin

2025-09-23 11:30:15.093 INFO  [27] [VM.GlobalScript.LogHelper+<>c::<.cctor>b__8_0@0] ProcessID-19920-,2025-09-23 11:30:14.203 [6] [UserGlobalScriptSupport::CompileCode] 2025-09-23 11:30:14:203 : Compile complete -- 0 Errors, 0 Warnings 


2025-09-23 11:30:15.093 INFO  [27] [VM.GlobalScript.LogHelper+<>c::<.cctor>b__8_0@0] ProcessID-19920-,2025-09-23 11:30:14.265 [6] [UserGlobalScriptManger::updateBackFile] Update BackFile end

2025-09-23 11:30:15.093 INFO  [27] [VM.GlobalScript.LogHelper+<>c::<.cctor>b__8_0@0] ProcessID-19920-,2025-09-23 11:30:14.265 [6] [UserGlobalScriptManger::compileGlobalScript] Compile end

2025-09-23 11:30:15.093 INFO  [27] [VM.GlobalScript.LogHelper+<>c::<.cctor>b__8_0@0] ProcessID-19920-,2025-09-23 11:30:14.265 [6] [GlobalManager::objLoadDefaultScriptTime_Elapsed] Load default globalScript end

2025-09-23 14:00:25.742 INFO  [34] [VM.GlobalScript.LogHelper+<>c::<.cctor>b__8_0@0] ProcessID-24924-,2025-09-23 14:00:24.723 [1] [GlobalScript::Init]  ====================================================V4.3.0 GlobalScript Start Print Log====================================================

2025-09-23 14:00:29.777 INFO  [34] [VM.GlobalScript.LogHelper+<>c::<.cctor>b__8_0@0] ProcessID-24924-,2025-09-23 14:00:29.755 [3] [GlobalManager::objLoadDefaultScriptTime_Elapsed] Load default globalScript begin

2025-09-23 14:00:29.778 INFO  [34] [VM.GlobalScript.LogHelper+<>c::<.cctor>b__8_0@0] ProcessID-24924-,2025-09-23 14:00:29.765 [3] [UserGlobalScriptManger::compileGlobalScript] Compile begin

2025-09-23 14:00:30.779 INFO  [34] [VM.GlobalScript.LogHelper+<>c::<.cctor>b__8_0@0] ProcessID-24924-,2025-09-23 14:00:29.959 [3] [UserGlobalScriptSupport::CompileCode] 2025-09-23 14:00:29:959 : Compile complete -- 0 Errors, 0 Warnings 


2025-09-23 14:00:30.779 INFO  [34] [VM.GlobalScript.LogHelper+<>c::<.cctor>b__8_0@0] ProcessID-24924-,2025-09-23 14:00:30.032 [3] [UserGlobalScriptManger::updateBackFile] Update BackFile end

2025-09-23 14:00:30.779 INFO  [34] [VM.GlobalScript.LogHelper+<>c::<.cctor>b__8_0@0] ProcessID-24924-,2025-09-23 14:00:30.032 [3] [UserGlobalScriptManger::compileGlobalScript] Compile end

2025-09-23 14:00:30.780 INFO  [34] [VM.GlobalScript.LogHelper+<>c::<.cctor>b__8_0@0] ProcessID-24924-,2025-09-23 14:00:30.032 [3] [GlobalManager::objLoadDefaultScriptTime_Elapsed] Load default globalScript end

2025-09-24 13:54:43.434 INFO  [35] [VM.GlobalScript.LogHelper+<>c::<.cctor>b__8_0@0] ProcessID-1924-,2025-09-24 13:54:42.424 [1] [GlobalScript::Init]  ====================================================V4.3.0 GlobalScript Start Print Log====================================================

2025-09-24 13:54:48.502 INFO  [35] [VM.GlobalScript.LogHelper+<>c::<.cctor>b__8_0@0] ProcessID-1924-,2025-09-24 13:54:47.665 [3] [GlobalManager::objLoadDefaultScriptTime_Elapsed] Load default globalScript begin

2025-09-24 13:54:51.578 INFO  [35] [VM.GlobalScript.LogHelper+<>c::<.cctor>b__8_0@0] ProcessID-1924-,2025-09-24 13:54:51.055 [3] [UserGlobalScriptManger::compileGlobalScript] Compile begin

2025-09-24 13:54:52.669 INFO  [35] [VM.GlobalScript.LogHelper+<>c::<.cctor>b__8_0@0] ProcessID-1924-,2025-09-24 13:54:52.258 [3] [UserGlobalScriptSupport::CompileCode] 2025-09-24 13:54:52:257 : Compile complete -- 0 Errors, 0 Warnings 


2025-09-24 13:54:55.873 INFO  [35] [VM.GlobalScript.LogHelper+<>c::<.cctor>b__8_0@0] ProcessID-1924-,2025-09-24 13:54:55.112 [3] [UserGlobalScriptManger::updateBackFile] Update BackFile end

2025-09-24 13:54:55.873 INFO  [35] [VM.GlobalScript.LogHelper+<>c::<.cctor>b__8_0@0] ProcessID-1924-,2025-09-24 13:54:55.112 [3] [UserGlobalScriptManger::compileGlobalScript] Compile end

2025-09-24 13:54:55.873 INFO  [35] [VM.GlobalScript.LogHelper+<>c::<.cctor>b__8_0@0] ProcessID-1924-,2025-09-24 13:54:55.112 [3] [GlobalManager::objLoadDefaultScriptTime_Elapsed] Load default globalScript end

2025-09-25 16:44:15.109 INFO  [29] [VM.GlobalScript.LogHelper+<>c::<.cctor>b__8_0@0] ProcessID-5292-,2025-09-25 16:44:14.107 [1] [GlobalScript::Init]  ====================================================V4.3.0 GlobalScript Start Print Log====================================================

2025-09-25 16:44:20.145 INFO  [29] [VM.GlobalScript.LogHelper+<>c::<.cctor>b__8_0@0] ProcessID-5292-,2025-09-25 16:44:19.313 [6] [GlobalManager::objLoadDefaultScriptTime_Elapsed] Load default globalScript begin

2025-09-25 16:44:26.188 INFO  [29] [VM.GlobalScript.LogHelper+<>c::<.cctor>b__8_0@0] ProcessID-5292-,2025-09-25 16:44:25.227 [6] [UserGlobalScriptManger::compileGlobalScript] Compile begin

2025-09-25 16:44:26.188 INFO  [29] [VM.GlobalScript.LogHelper+<>c::<.cctor>b__8_0@0] ProcessID-5292-,2025-09-25 16:44:25.619 [6] [UserGlobalScriptSupport::CompileCode] 2025-09-25 16:44:25:619 : Compile complete -- 0 Errors, 0 Warnings 


2025-09-25 16:44:26.188 INFO  [29] [VM.GlobalScript.LogHelper+<>c::<.cctor>b__8_0@0] ProcessID-5292-,2025-09-25 16:44:25.689 [6] [UserGlobalScriptManger::updateBackFile] Update BackFile end

2025-09-25 16:44:26.189 INFO  [29] [VM.GlobalScript.LogHelper+<>c::<.cctor>b__8_0@0] ProcessID-5292-,2025-09-25 16:44:25.689 [6] [UserGlobalScriptManger::compileGlobalScript] Compile end

2025-09-25 16:44:26.189 INFO  [29] [VM.GlobalScript.LogHelper+<>c::<.cctor>b__8_0@0] ProcessID-5292-,2025-09-25 16:44:25.689 [6] [GlobalManager::objLoadDefaultScriptTime_Elapsed] Load default globalScript end

2025-09-25 18:28:11.284 INFO  [30] [VM.GlobalScript.LogHelper+<>c::<.cctor>b__8_0@0] ProcessID-13796-,2025-09-25 18:28:10.281 [1] [GlobalScript::Init]  ====================================================V4.3.0 GlobalScript Start Print Log====================================================

2025-09-25 18:28:16.337 INFO  [30] [VM.GlobalScript.LogHelper+<>c::<.cctor>b__8_0@0] ProcessID-13796-,2025-09-25 18:28:15.484 [6] [GlobalManager::objLoadDefaultScriptTime_Elapsed] Load default globalScript begin

2025-09-25 18:28:22.380 INFO  [30] [VM.GlobalScript.LogHelper+<>c::<.cctor>b__8_0@0] ProcessID-13796-,2025-09-25 18:28:22.067 [6] [UserGlobalScriptManger::compileGlobalScript] Compile begin

2025-09-25 18:28:23.390 INFO  [30] [VM.GlobalScript.LogHelper+<>c::<.cctor>b__8_0@0] ProcessID-13796-,2025-09-25 18:28:22.469 [6] [UserGlobalScriptSupport::CompileCode] 2025-09-25 18:28:22:469 : Compile complete -- 0 Errors, 0 Warnings 


2025-09-25 18:28:23.390 INFO  [30] [VM.GlobalScript.LogHelper+<>c::<.cctor>b__8_0@0] ProcessID-13796-,2025-09-25 18:28:22.539 [6] [UserGlobalScriptManger::updateBackFile] Update BackFile end

2025-09-25 18:28:23.390 INFO  [30] [VM.GlobalScript.LogHelper+<>c::<.cctor>b__8_0@0] ProcessID-13796-,2025-09-25 18:28:22.539 [6] [UserGlobalScriptManger::compileGlobalScript] Compile end

2025-09-25 18:28:23.390 INFO  [30] [VM.GlobalScript.LogHelper+<>c::<.cctor>b__8_0@0] ProcessID-13796-,2025-09-25 18:28:22.539 [6] [GlobalManager::objLoadDefaultScriptTime_Elapsed] Load default globalScript end

2025-09-26 09:54:22.827 INFO  [30] [VM.GlobalScript.LogHelper+<>c::<.cctor>b__8_0@0] ProcessID-9496-,2025-09-26 09:54:21.811 [1] [GlobalScript::Init]  ====================================================V4.3.0 GlobalScript Start Print Log====================================================

2025-09-26 09:54:27.933 INFO  [30] [VM.GlobalScript.LogHelper+<>c::<.cctor>b__8_0@0] ProcessID-9496-,2025-09-26 09:54:27.011 [6] [GlobalManager::objLoadDefaultScriptTime_Elapsed] Load default globalScript begin

2025-09-26 09:54:34.042 INFO  [30] [VM.GlobalScript.LogHelper+<>c::<.cctor>b__8_0@0] ProcessID-9496-,2025-09-26 09:54:33.433 [6] [UserGlobalScriptManger::compileGlobalScript] Compile begin

2025-09-26 09:54:34.042 INFO  [30] [VM.GlobalScript.LogHelper+<>c::<.cctor>b__8_0@0] ProcessID-9496-,2025-09-26 09:54:33.823 [6] [UserGlobalScriptSupport::CompileCode] 2025-09-26 09:54:33:823 : Compile complete -- 0 Errors, 0 Warnings 


2025-09-26 09:54:34.042 INFO  [30] [VM.GlobalScript.LogHelper+<>c::<.cctor>b__8_0@0] ProcessID-9496-,2025-09-26 09:54:33.901 [6] [UserGlobalScriptManger::updateBackFile] Update BackFile end

2025-09-26 09:54:34.042 INFO  [30] [VM.GlobalScript.LogHelper+<>c::<.cctor>b__8_0@0] ProcessID-9496-,2025-09-26 09:54:33.901 [6] [UserGlobalScriptManger::compileGlobalScript] Compile end

2025-09-26 09:54:34.042 INFO  [30] [VM.GlobalScript.LogHelper+<>c::<.cctor>b__8_0@0] ProcessID-9496-,2025-09-26 09:54:33.901 [6] [GlobalManager::objLoadDefaultScriptTime_Elapsed] Load default globalScript end

2025-09-26 11:40:03.243 INFO  [29] [VM.GlobalScript.LogHelper+<>c::<.cctor>b__8_0@0] ProcessID-13212-,2025-09-26 11:40:02.240 [1] [GlobalScript::Init]  ====================================================V4.3.0 GlobalScript Start Print Log====================================================

2025-09-26 11:40:07.306 INFO  [29] [VM.GlobalScript.LogHelper+<>c::<.cctor>b__8_0@0] ProcessID-13212-,2025-09-26 11:40:07.245 [17] [GlobalManager::objLoadDefaultScriptTime_Elapsed] Load default globalScript begin

2025-09-26 11:40:07.306 INFO  [29] [VM.GlobalScript.LogHelper+<>c::<.cctor>b__8_0@0] ProcessID-13212-,2025-09-26 11:40:07.260 [17] [UserGlobalScriptManger::compileGlobalScript] Compile begin

2025-09-26 11:40:08.324 INFO  [29] [VM.GlobalScript.LogHelper+<>c::<.cctor>b__8_0@0] ProcessID-13212-,2025-09-26 11:40:07.506 [17] [UserGlobalScriptSupport::CompileCode] 2025-09-26 11:40:07:506 : Compile complete -- 0 Errors, 0 Warnings 


2025-09-26 11:40:08.324 INFO  [29] [VM.GlobalScript.LogHelper+<>c::<.cctor>b__8_0@0] ProcessID-13212-,2025-09-26 11:40:07.575 [17] [UserGlobalScriptManger::updateBackFile] Update BackFile end

2025-09-26 11:40:08.324 INFO  [29] [VM.GlobalScript.LogHelper+<>c::<.cctor>b__8_0@0] ProcessID-13212-,2025-09-26 11:40:07.575 [17] [UserGlobalScriptManger::compileGlobalScript] Compile end

2025-09-26 11:40:08.324 INFO  [29] [VM.GlobalScript.LogHelper+<>c::<.cctor>b__8_0@0] ProcessID-13212-,2025-09-26 11:40:07.575 [17] [GlobalManager::objLoadDefaultScriptTime_Elapsed] Load default globalScript end

2025-09-26 16:14:25.420 INFO  [29] [VM.GlobalScript.LogHelper+<>c::<.cctor>b__8_0@0] ProcessID-7392-,2025-09-26 16:14:24.409 [1] [GlobalScript::Init]  ====================================================V4.3.0 GlobalScript Start Print Log====================================================

2025-09-26 16:14:30.489 INFO  [29] [VM.GlobalScript.LogHelper+<>c::<.cctor>b__8_0@0] ProcessID-7392-,2025-09-26 16:14:29.627 [6] [GlobalManager::objLoadDefaultScriptTime_Elapsed] Load default globalScript begin

2025-09-26 16:14:36.545 INFO  [29] [VM.GlobalScript.LogHelper+<>c::<.cctor>b__8_0@0] ProcessID-7392-,2025-09-26 16:14:35.571 [6] [UserGlobalScriptManger::compileGlobalScript] Compile begin

2025-09-26 16:14:36.545 INFO  [29] [VM.GlobalScript.LogHelper+<>c::<.cctor>b__8_0@0] ProcessID-7392-,2025-09-26 16:14:36.101 [6] [UserGlobalScriptSupport::CompileCode] 2025-09-26 16:14:36:101 : Compile complete -- 0 Errors, 0 Warnings 


2025-09-26 16:14:36.545 INFO  [29] [VM.GlobalScript.LogHelper+<>c::<.cctor>b__8_0@0] ProcessID-7392-,2025-09-26 16:14:36.177 [6] [UserGlobalScriptManger::updateBackFile] Update BackFile end

2025-09-26 16:14:36.546 INFO  [29] [VM.GlobalScript.LogHelper+<>c::<.cctor>b__8_0@0] ProcessID-7392-,2025-09-26 16:14:36.177 [6] [UserGlobalScriptManger::compileGlobalScript] Compile end

2025-09-26 16:14:36.546 INFO  [29] [VM.GlobalScript.LogHelper+<>c::<.cctor>b__8_0@0] ProcessID-7392-,2025-09-26 16:14:36.177 [6] [GlobalManager::objLoadDefaultScriptTime_Elapsed] Load default globalScript end

2025-09-27 10:01:19.353 INFO  [31] [VM.GlobalScript.LogHelper+<>c::<.cctor>b__8_0@0] ProcessID-18156-,2025-09-27 10:01:18.351 [1] [GlobalScript::Init]  ====================================================V4.3.0 GlobalScript Start Print Log====================================================

2025-09-27 10:01:23.921 INFO  [31] [VM.GlobalScript.LogHelper+<>c::<.cctor>b__8_0@0] ProcessID-18156-,2025-09-27 10:01:23.561 [6] [GlobalManager::objLoadDefaultScriptTime_Elapsed] Load default globalScript begin

2025-09-27 10:01:30.994 INFO  [31] [VM.GlobalScript.LogHelper+<>c::<.cctor>b__8_0@0] ProcessID-18156-,2025-09-27 10:01:30.205 [6] [UserGlobalScriptManger::compileGlobalScript] Compile begin

2025-09-27 10:01:32.008 INFO  [31] [VM.GlobalScript.LogHelper+<>c::<.cctor>b__8_0@0] ProcessID-18156-,2025-09-27 10:01:31.061 [6] [UserGlobalScriptSupport::CompileCode] 2025-09-27 10:01:31:061 : Compile complete -- 0 Errors, 0 Warnings 


2025-09-27 10:01:32.008 INFO  [31] [VM.GlobalScript.LogHelper+<>c::<.cctor>b__8_0@0] ProcessID-18156-,2025-09-27 10:01:31.134 [6] [UserGlobalScriptManger::updateBackFile] Update BackFile end

2025-09-27 10:01:32.008 INFO  [31] [VM.GlobalScript.LogHelper+<>c::<.cctor>b__8_0@0] ProcessID-18156-,2025-09-27 10:01:31.134 [6] [UserGlobalScriptManger::compileGlobalScript] Compile end

2025-09-27 10:01:32.009 INFO  [31] [VM.GlobalScript.LogHelper+<>c::<.cctor>b__8_0@0] ProcessID-18156-,2025-09-27 10:01:31.134 [6] [GlobalManager::objLoadDefaultScriptTime_Elapsed] Load default globalScript end

2025-10-08 16:27:48.063 INFO  [29] [VM.GlobalScript.LogHelper+<>c::<.cctor>b__8_0@0] ProcessID-18892-,2025-10-08 16:27:47.049 [1] [GlobalScript::Init]  ====================================================V4.3.0 GlobalScript Start Print Log====================================================

2025-10-08 16:27:52.109 INFO  [29] [VM.GlobalScript.LogHelper+<>c::<.cctor>b__8_0@0] ProcessID-18892-,2025-10-08 16:27:52.062 [25] [GlobalManager::objLoadDefaultScriptTime_Elapsed] Load default globalScript begin

2025-10-08 16:27:52.109 INFO  [29] [VM.GlobalScript.LogHelper+<>c::<.cctor>b__8_0@0] ProcessID-18892-,2025-10-08 16:27:52.075 [25] [UserGlobalScriptManger::compileGlobalScript] Compile begin

2025-10-08 16:27:53.111 INFO  [29] [VM.GlobalScript.LogHelper+<>c::<.cctor>b__8_0@0] ProcessID-18892-,2025-10-08 16:27:52.252 [25] [UserGlobalScriptSupport::CompileCode] 2025-10-08 16:27:52:252 : Compile complete -- 0 Errors, 0 Warnings 


2025-10-08 16:27:53.111 INFO  [29] [VM.GlobalScript.LogHelper+<>c::<.cctor>b__8_0@0] ProcessID-18892-,2025-10-08 16:27:52.319 [25] [UserGlobalScriptManger::updateBackFile] Update BackFile end

2025-10-08 16:27:53.111 INFO  [29] [VM.GlobalScript.LogHelper+<>c::<.cctor>b__8_0@0] ProcessID-18892-,2025-10-08 16:27:52.319 [25] [UserGlobalScriptManger::compileGlobalScript] Compile end

2025-10-08 16:27:53.112 INFO  [29] [VM.GlobalScript.LogHelper+<>c::<.cctor>b__8_0@0] ProcessID-18892-,2025-10-08 16:27:52.319 [25] [GlobalManager::objLoadDefaultScriptTime_Elapsed] Load default globalScript end

2025-10-13 15:00:34.238 INFO  [14] [VM.GlobalScript.LogHelper+<>c::<.cctor>b__8_0@0] ProcessID-9224-,2025-10-13 15:00:33.229 [1] [GlobalScript::Init]  ====================================================V4.3.0 GlobalScript Start Print Log====================================================

2025-10-13 15:00:39.308 INFO  [14] [VM.GlobalScript.LogHelper+<>c::<.cctor>b__8_0@0] ProcessID-9224-,2025-10-13 15:00:38.467 [4] [GlobalManager::objLoadDefaultScriptTime_Elapsed] Load default globalScript begin

2025-10-13 15:00:41.330 INFO  [14] [VM.GlobalScript.LogHelper+<>c::<.cctor>b__8_0@0] ProcessID-9224-,2025-10-13 15:00:41.243 [4] [UserGlobalScriptManger::compileGlobalScript] Compile begin

2025-10-13 15:00:42.354 INFO  [14] [VM.GlobalScript.LogHelper+<>c::<.cctor>b__8_0@0] ProcessID-9224-,2025-10-13 15:00:42.269 [4] [UserGlobalScriptSupport::CompileCode] 2025-10-13 15:00:42:269 : Compile complete -- 0 Errors, 0 Warnings 


2025-10-13 15:00:43.538 INFO  [14] [VM.GlobalScript.LogHelper+<>c::<.cctor>b__8_0@0] ProcessID-9224-,2025-10-13 15:00:43.536 [4] [UserGlobalScriptManger::updateBackFile] Update BackFile end

2025-10-13 15:00:43.538 INFO  [14] [VM.GlobalScript.LogHelper+<>c::<.cctor>b__8_0@0] ProcessID-9224-,2025-10-13 15:00:43.536 [4] [UserGlobalScriptManger::compileGlobalScript] Compile end

2025-10-13 15:00:43.538 INFO  [14] [VM.GlobalScript.LogHelper+<>c::<.cctor>b__8_0@0] ProcessID-9224-,2025-10-13 15:00:43.536 [4] [GlobalManager::objLoadDefaultScriptTime_Elapsed] Load default globalScript end

2025-10-13 15:24:21.415 INFO  [32] [VM.GlobalScript.LogHelper+<>c::<.cctor>b__8_0@0] ProcessID-972-,2025-10-13 15:24:20.406 [1] [GlobalScript::Init]  ====================================================V4.3.0 GlobalScript Start Print Log====================================================

2025-10-13 15:24:25.634 INFO  [32] [VM.GlobalScript.LogHelper+<>c::<.cctor>b__8_0@0] ProcessID-972-,2025-10-13 15:24:25.447 [17] [GlobalManager::objLoadDefaultScriptTime_Elapsed] Load default globalScript begin

2025-10-13 15:24:25.634 INFO  [32] [VM.GlobalScript.LogHelper+<>c::<.cctor>b__8_0@0] ProcessID-972-,2025-10-13 15:24:25.472 [17] [UserGlobalScriptManger::compileGlobalScript] Compile begin

2025-10-13 15:24:26.636 INFO  [32] [VM.GlobalScript.LogHelper+<>c::<.cctor>b__8_0@0] ProcessID-972-,2025-10-13 15:24:25.646 [17] [UserGlobalScriptSupport::CompileCode] 2025-10-13 15:24:25:646 : Compile complete -- 0 Errors, 0 Warnings 


2025-10-13 15:24:26.636 INFO  [32] [VM.GlobalScript.LogHelper+<>c::<.cctor>b__8_0@0] ProcessID-972-,2025-10-13 15:24:25.721 [17] [UserGlobalScriptManger::updateBackFile] Update BackFile end

2025-10-13 15:24:26.636 INFO  [32] [VM.GlobalScript.LogHelper+<>c::<.cctor>b__8_0@0] ProcessID-972-,2025-10-13 15:24:25.721 [17] [UserGlobalScriptManger::compileGlobalScript] Compile end

2025-10-13 15:24:26.637 INFO  [32] [VM.GlobalScript.LogHelper+<>c::<.cctor>b__8_0@0] ProcessID-972-,2025-10-13 15:24:25.721 [17] [GlobalManager::objLoadDefaultScriptTime_Elapsed] Load default globalScript end

2025-10-13 15:55:43.809 INFO  [28] [VM.GlobalScript.LogHelper+<>c::<.cctor>b__8_0@0] ProcessID-10276-,2025-10-13 15:55:42.791 [1] [GlobalScript::Init]  ====================================================V4.3.0 GlobalScript Start Print Log====================================================

2025-10-13 15:55:47.902 INFO  [28] [VM.GlobalScript.LogHelper+<>c::<.cctor>b__8_0@0] ProcessID-10276-,2025-10-13 15:55:47.845 [4] [GlobalManager::objLoadDefaultScriptTime_Elapsed] Load default globalScript begin

2025-10-13 15:55:47.903 INFO  [28] [VM.GlobalScript.LogHelper+<>c::<.cctor>b__8_0@0] ProcessID-10276-,2025-10-13 15:55:47.873 [4] [UserGlobalScriptManger::compileGlobalScript] Compile begin

2025-10-13 15:55:48.905 INFO  [28] [VM.GlobalScript.LogHelper+<>c::<.cctor>b__8_0@0] ProcessID-10276-,2025-10-13 15:55:48.056 [4] [UserGlobalScriptSupport::CompileCode] 2025-10-13 15:55:48:056 : Compile complete -- 0 Errors, 0 Warnings 


2025-10-13 15:55:48.905 INFO  [28] [VM.GlobalScript.LogHelper+<>c::<.cctor>b__8_0@0] ProcessID-10276-,2025-10-13 15:55:48.133 [4] [UserGlobalScriptManger::updateBackFile] Update BackFile end

2025-10-13 15:55:48.905 INFO  [28] [VM.GlobalScript.LogHelper+<>c::<.cctor>b__8_0@0] ProcessID-10276-,2025-10-13 15:55:48.133 [4] [UserGlobalScriptManger::compileGlobalScript] Compile end

2025-10-13 15:55:48.906 INFO  [28] [VM.GlobalScript.LogHelper+<>c::<.cctor>b__8_0@0] ProcessID-10276-,2025-10-13 15:55:48.133 [4] [GlobalManager::objLoadDefaultScriptTime_Elapsed] Load default globalScript end

2025-10-13 16:03:00.842 INFO  [33] [VM.GlobalScript.LogHelper+<>c::<.cctor>b__8_0@0] ProcessID-11936-,2025-10-13 16:02:59.829 [1] [GlobalScript::Init]  ====================================================V4.3.0 GlobalScript Start Print Log====================================================

2025-10-13 16:03:04.932 INFO  [33] [VM.GlobalScript.LogHelper+<>c::<.cctor>b__8_0@0] ProcessID-11936-,2025-10-13 16:03:04.865 [4] [GlobalManager::objLoadDefaultScriptTime_Elapsed] Load default globalScript begin

2025-10-13 16:03:04.932 INFO  [33] [VM.GlobalScript.LogHelper+<>c::<.cctor>b__8_0@0] ProcessID-11936-,2025-10-13 16:03:04.882 [4] [UserGlobalScriptManger::compileGlobalScript] Compile begin

2025-10-13 16:03:05.934 INFO  [33] [VM.GlobalScript.LogHelper+<>c::<.cctor>b__8_0@0] ProcessID-11936-,2025-10-13 16:03:05.065 [4] [UserGlobalScriptSupport::CompileCode] 2025-10-13 16:03:05:065 : Compile complete -- 0 Errors, 0 Warnings 


2025-10-13 16:03:05.934 INFO  [33] [VM.GlobalScript.LogHelper+<>c::<.cctor>b__8_0@0] ProcessID-11936-,2025-10-13 16:03:05.136 [4] [UserGlobalScriptManger::updateBackFile] Update BackFile end

2025-10-13 16:03:05.934 INFO  [33] [VM.GlobalScript.LogHelper+<>c::<.cctor>b__8_0@0] ProcessID-11936-,2025-10-13 16:03:05.136 [4] [UserGlobalScriptManger::compileGlobalScript] Compile end

2025-10-13 16:03:05.935 INFO  [33] [VM.GlobalScript.LogHelper+<>c::<.cctor>b__8_0@0] ProcessID-11936-,2025-10-13 16:03:05.136 [4] [GlobalManager::objLoadDefaultScriptTime_Elapsed] Load default globalScript end

2025-10-13 16:04:45.967 INFO  [37] [VM.GlobalScript.LogHelper+<>c::<.cctor>b__8_0@0] ProcessID-22204-,2025-10-13 16:04:44.934 [1] [GlobalScript::Init]  ====================================================V4.3.0 GlobalScript Start Print Log====================================================

2025-10-13 16:04:50.040 INFO  [37] [VM.GlobalScript.LogHelper+<>c::<.cctor>b__8_0@0] ProcessID-22204-,2025-10-13 16:04:49.974 [4] [GlobalManager::objLoadDefaultScriptTime_Elapsed] Load default globalScript begin

2025-10-13 16:04:50.040 INFO  [37] [VM.GlobalScript.LogHelper+<>c::<.cctor>b__8_0@0] ProcessID-22204-,2025-10-13 16:04:50.001 [4] [UserGlobalScriptManger::compileGlobalScript] Compile begin

2025-10-13 16:04:51.042 INFO  [37] [VM.GlobalScript.LogHelper+<>c::<.cctor>b__8_0@0] ProcessID-22204-,2025-10-13 16:04:50.180 [4] [UserGlobalScriptSupport::CompileCode] 2025-10-13 16:04:50:180 : Compile complete -- 0 Errors, 0 Warnings 


2025-10-13 16:04:51.042 INFO  [37] [VM.GlobalScript.LogHelper+<>c::<.cctor>b__8_0@0] ProcessID-22204-,2025-10-13 16:04:50.254 [4] [UserGlobalScriptManger::updateBackFile] Update BackFile end

2025-10-13 16:04:51.042 INFO  [37] [VM.GlobalScript.LogHelper+<>c::<.cctor>b__8_0@0] ProcessID-22204-,2025-10-13 16:04:50.254 [4] [UserGlobalScriptManger::compileGlobalScript] Compile end

2025-10-13 16:04:51.043 INFO  [37] [VM.GlobalScript.LogHelper+<>c::<.cctor>b__8_0@0] ProcessID-22204-,2025-10-13 16:04:50.254 [4] [GlobalManager::objLoadDefaultScriptTime_Elapsed] Load default globalScript end

2025-10-24 17:05:58.769 INFO  [11] [VM.GlobalScript.LogHelper+<>c::<.cctor>b__8_0@0] ProcessID-21404-,2025-10-24 17:05:58.766 [1] [GlobalScript::Init]  ====================================================V4.3.0 GlobalScript Start Print Log====================================================

2025-10-24 17:06:03.853 INFO  [11] [VM.GlobalScript.LogHelper+<>c::<.cctor>b__8_0@0] ProcessID-21404-,2025-10-24 17:06:03.793 [6] [GlobalManager::objLoadDefaultScriptTime_Elapsed] Load default globalScript begin

2025-10-24 17:06:04.864 INFO  [11] [VM.GlobalScript.LogHelper+<>c::<.cctor>b__8_0@0] ProcessID-21404-,2025-10-24 17:06:03.879 [6] [UserGlobalScriptManger::compileGlobalScript] Compile begin

2025-10-24 17:06:05.891 INFO  [11] [VM.GlobalScript.LogHelper+<>c::<.cctor>b__8_0@0] ProcessID-21404-,2025-10-24 17:06:05.715 [6] [UserGlobalScriptSupport::CompileCode] 2025-10-24 17:06:05:715 : Compile complete -- 0 Errors, 0 Warnings 


2025-10-24 17:06:05.911 INFO  [11] [VM.GlobalScript.LogHelper+<>c::<.cctor>b__8_0@0] ProcessID-21404-,2025-10-24 17:06:05.823 [6] [UserGlobalScriptManger::updateBackFile] Update BackFile end

2025-10-24 17:06:05.918 INFO  [11] [VM.GlobalScript.LogHelper+<>c::<.cctor>b__8_0@0] ProcessID-21404-,2025-10-24 17:06:05.823 [6] [UserGlobalScriptManger::compileGlobalScript] Compile end

2025-10-24 17:06:05.966 INFO  [11] [VM.GlobalScript.LogHelper+<>c::<.cctor>b__8_0@0] ProcessID-21404-,2025-10-24 17:06:05.823 [6] [GlobalManager::objLoadDefaultScriptTime_Elapsed] Load default globalScript end

2025-10-29 08:50:13.249 INFO  [19] [VM.GlobalScript.LogHelper+<>c::<.cctor>b__8_0@0] ProcessID-1084-,2025-10-29 08:50:12.233 [1] [GlobalScript::Init]  ====================================================V4.3.0 GlobalScript Start Print Log====================================================

2025-10-29 08:50:18.309 INFO  [19] [VM.GlobalScript.LogHelper+<>c::<.cctor>b__8_0@0] ProcessID-1084-,2025-10-29 08:50:17.372 [6] [GlobalManager::objLoadDefaultScriptTime_Elapsed] Load default globalScript begin

2025-10-29 08:50:18.309 INFO  [19] [VM.GlobalScript.LogHelper+<>c::<.cctor>b__8_0@0] ProcessID-1084-,2025-10-29 08:50:17.419 [6] [UserGlobalScriptManger::compileGlobalScript] Compile begin

2025-10-29 08:50:18.309 INFO  [19] [VM.GlobalScript.LogHelper+<>c::<.cctor>b__8_0@0] ProcessID-1084-,2025-10-29 08:50:18.168 [6] [UserGlobalScriptSupport::CompileCode] 2025-10-29 08:50:18:168 : Compile complete -- 0 Errors, 0 Warnings 


2025-10-29 08:50:18.309 INFO  [19] [VM.GlobalScript.LogHelper+<>c::<.cctor>b__8_0@0] ProcessID-1084-,2025-10-29 08:50:18.231 [6] [UserGlobalScriptManger::updateBackFile] Update BackFile end

2025-10-29 08:50:18.309 INFO  [19] [VM.GlobalScript.LogHelper+<>c::<.cctor>b__8_0@0] ProcessID-1084-,2025-10-29 08:50:18.231 [6] [UserGlobalScriptManger::compileGlobalScript] Compile end

2025-10-29 08:50:18.325 INFO  [19] [VM.GlobalScript.LogHelper+<>c::<.cctor>b__8_0@0] ProcessID-1084-,2025-10-29 08:50:18.231 [6] [GlobalManager::objLoadDefaultScriptTime_Elapsed] Load default globalScript end

2025-10-29 08:52:53.445 INFO  [19] [VM.GlobalScript.LogHelper+<>c::<.cctor>b__8_0@0] ProcessID-10220-,2025-10-29 08:52:52.430 [1] [GlobalScript::Init]  ====================================================V4.3.0 GlobalScript Start Print Log====================================================

2025-10-29 08:52:57.491 INFO  [19] [VM.GlobalScript.LogHelper+<>c::<.cctor>b__8_0@0] ProcessID-10220-,2025-10-29 08:52:57.445 [10] [GlobalManager::objLoadDefaultScriptTime_Elapsed] Load default globalScript begin

2025-10-29 08:52:57.496 INFO  [19] [VM.GlobalScript.LogHelper+<>c::<.cctor>b__8_0@0] ProcessID-10220-,2025-10-29 08:52:57.454 [10] [UserGlobalScriptManger::compileGlobalScript] Compile begin

2025-10-29 08:52:58.512 INFO  [19] [VM.GlobalScript.LogHelper+<>c::<.cctor>b__8_0@0] ProcessID-10220-,2025-10-29 08:52:57.699 [10] [UserGlobalScriptSupport::CompileCode] 2025-10-29 08:52:57:699 : Compile complete -- 0 Errors, 0 Warnings 


2025-10-29 08:52:58.512 INFO  [19] [VM.GlobalScript.LogHelper+<>c::<.cctor>b__8_0@0] ProcessID-10220-,2025-10-29 08:52:57.746 [10] [UserGlobalScriptManger::updateBackFile] Update BackFile end

2025-10-29 08:52:58.512 INFO  [19] [VM.GlobalScript.LogHelper+<>c::<.cctor>b__8_0@0] ProcessID-10220-,2025-10-29 08:52:57.746 [10] [UserGlobalScriptManger::compileGlobalScript] Compile end

2025-10-29 08:52:58.527 INFO  [19] [VM.GlobalScript.LogHelper+<>c::<.cctor>b__8_0@0] ProcessID-10220-,2025-10-29 08:52:57.746 [10] [GlobalManager::objLoadDefaultScriptTime_Elapsed] Load default globalScript end

2025-10-29 08:59:36.360 INFO  [172] [VM.GlobalScript.LogHelper+<>c::<.cctor>b__8_0@0] ProcessID-12048-,2025-10-29 08:59:35.337 [1] [GlobalScript::Init]  ====================================================V4.3.0 GlobalScript Start Print Log====================================================

2025-10-29 08:59:40.411 INFO  [172] [VM.GlobalScript.LogHelper+<>c::<.cctor>b__8_0@0] ProcessID-12048-,2025-10-29 08:59:40.364 [7] [GlobalManager::objLoadDefaultScriptTime_Elapsed] Load default globalScript begin

2025-10-29 08:59:40.411 INFO  [172] [VM.GlobalScript.LogHelper+<>c::<.cctor>b__8_0@0] ProcessID-12048-,2025-10-29 08:59:40.379 [7] [UserGlobalScriptManger::compileGlobalScript] Compile begin

2025-10-29 08:59:41.442 INFO  [172] [VM.GlobalScript.LogHelper+<>c::<.cctor>b__8_0@0] ProcessID-12048-,2025-10-29 08:59:40.645 [7] [UserGlobalScriptSupport::CompileCode] 2025-10-29 08:59:40:645 : Compile complete -- 0 Errors, 0 Warnings 


2025-10-29 08:59:41.442 INFO  [172] [VM.GlobalScript.LogHelper+<>c::<.cctor>b__8_0@0] ProcessID-12048-,2025-10-29 08:59:40.692 [7] [UserGlobalScriptManger::updateBackFile] Update BackFile end

2025-10-29 08:59:41.442 INFO  [172] [VM.GlobalScript.LogHelper+<>c::<.cctor>b__8_0@0] ProcessID-12048-,2025-10-29 08:59:40.692 [7] [UserGlobalScriptManger::compileGlobalScript] Compile end

2025-10-29 08:59:41.442 INFO  [172] [VM.GlobalScript.LogHelper+<>c::<.cctor>b__8_0@0] ProcessID-12048-,2025-10-29 08:59:40.692 [7] [GlobalManager::objLoadDefaultScriptTime_Elapsed] Load default globalScript end

2025-10-29 09:18:35.672 INFO  [106] [VM.GlobalScript.LogHelper+<>c::<.cctor>b__8_0@0] ProcessID-2380-,2025-10-29 09:18:34.657 [1] [GlobalScript::Init]  ====================================================V4.3.0 GlobalScript Start Print Log====================================================

2025-10-29 09:18:39.718 INFO  [106] [VM.GlobalScript.LogHelper+<>c::<.cctor>b__8_0@0] ProcessID-2380-,2025-10-29 09:18:39.670 [6] [GlobalManager::objLoadDefaultScriptTime_Elapsed] Load default globalScript begin

2025-10-29 09:18:39.722 INFO  [106] [VM.GlobalScript.LogHelper+<>c::<.cctor>b__8_0@0] ProcessID-2380-,2025-10-29 09:18:39.676 [6] [UserGlobalScriptManger::compileGlobalScript] Compile begin

2025-10-29 09:18:40.733 INFO  [106] [VM.GlobalScript.LogHelper+<>c::<.cctor>b__8_0@0] ProcessID-2380-,2025-10-29 09:18:39.907 [6] [UserGlobalScriptSupport::CompileCode] 2025-10-29 09:18:39:907 : Compile complete -- 0 Errors, 0 Warnings 


2025-10-29 09:18:40.739 INFO  [106] [VM.GlobalScript.LogHelper+<>c::<.cctor>b__8_0@0] ProcessID-2380-,2025-10-29 09:18:39.971 [6] [UserGlobalScriptManger::updateBackFile] Update BackFile end

2025-10-29 09:18:40.744 INFO  [106] [VM.GlobalScript.LogHelper+<>c::<.cctor>b__8_0@0] ProcessID-2380-,2025-10-29 09:18:39.971 [6] [UserGlobalScriptManger::compileGlobalScript] Compile end

2025-10-29 09:18:40.748 INFO  [106] [VM.GlobalScript.LogHelper+<>c::<.cctor>b__8_0@0] ProcessID-2380-,2025-10-29 09:18:39.971 [6] [GlobalManager::objLoadDefaultScriptTime_Elapsed] Load default globalScript end

2025-10-29 10:02:49.052 INFO  [11] [VM.GlobalScript.LogHelper+<>c::<.cctor>b__8_0@0] ProcessID-16200-,2025-10-29 10:02:48.049 [1] [GlobalScript::Init]  ====================================================V4.3.0 GlobalScript Start Print Log====================================================

2025-10-29 10:09:22.271 INFO  [12] [VM.GlobalScript.LogHelper+<>c::<.cctor>b__8_0@0] ProcessID-16180-,2025-10-29 10:09:21.261 [1] [GlobalScript::Init]  ====================================================V4.3.0 GlobalScript Start Print Log====================================================

2025-10-29 10:09:27.309 INFO  [12] [VM.GlobalScript.LogHelper+<>c::<.cctor>b__8_0@0] ProcessID-16180-,2025-10-29 10:09:26.315 [4] [GlobalManager::objLoadDefaultScriptTime_Elapsed] Load default globalScript begin

2025-10-29 10:09:27.320 INFO  [12] [VM.GlobalScript.LogHelper+<>c::<.cctor>b__8_0@0] ProcessID-16180-,2025-10-29 10:09:26.333 [4] [UserGlobalScriptManger::compileGlobalScript] Compile begin

2025-10-29 10:09:27.327 INFO  [12] [VM.GlobalScript.LogHelper+<>c::<.cctor>b__8_0@0] ProcessID-16180-,2025-10-29 10:09:26.590 [4] [UserGlobalScriptSupport::CompileCode] 2025-10-29 10:09:26:590 : Compile complete -- 0 Errors, 0 Warnings 


2025-10-29 10:09:27.334 INFO  [12] [VM.GlobalScript.LogHelper+<>c::<.cctor>b__8_0@0] ProcessID-16180-,2025-10-29 10:09:26.670 [4] [UserGlobalScriptManger::updateBackFile] Update BackFile end

2025-10-29 10:09:27.340 INFO  [12] [VM.GlobalScript.LogHelper+<>c::<.cctor>b__8_0@0] ProcessID-16180-,2025-10-29 10:09:26.670 [4] [UserGlobalScriptManger::compileGlobalScript] Compile end

2025-10-29 10:09:27.346 INFO  [12] [VM.GlobalScript.LogHelper+<>c::<.cctor>b__8_0@0] ProcessID-16180-,2025-10-29 10:09:26.670 [4] [GlobalManager::objLoadDefaultScriptTime_Elapsed] Load default globalScript end

2025-10-29 10:39:10.858 INFO  [24] [VM.GlobalScript.LogHelper+<>c::<.cctor>b__8_0@0] ProcessID-24480-,2025-10-29 10:39:09.841 [1] [GlobalScript::Init]  ====================================================V4.3.0 GlobalScript Start Print Log====================================================

2025-10-29 10:39:15.901 INFO  [24] [VM.GlobalScript.LogHelper+<>c::<.cctor>b__8_0@0] ProcessID-24480-,2025-10-29 10:39:14.898 [3] [GlobalManager::objLoadDefaultScriptTime_Elapsed] Load default globalScript begin

2025-10-29 10:39:15.906 INFO  [24] [VM.GlobalScript.LogHelper+<>c::<.cctor>b__8_0@0] ProcessID-24480-,2025-10-29 10:39:14.905 [3] [UserGlobalScriptManger::compileGlobalScript] Compile begin

2025-10-29 10:39:15.910 INFO  [24] [VM.GlobalScript.LogHelper+<>c::<.cctor>b__8_0@0] ProcessID-24480-,2025-10-29 10:39:15.175 [3] [UserGlobalScriptSupport::CompileCode] 2025-10-29 10:39:15:175 : Compile complete -- 0 Errors, 0 Warnings 


2025-10-29 10:39:15.915 INFO  [24] [VM.GlobalScript.LogHelper+<>c::<.cctor>b__8_0@0] ProcessID-24480-,2025-10-29 10:39:15.281 [3] [UserGlobalScriptManger::updateBackFile] Update BackFile end

2025-10-29 10:39:15.919 INFO  [24] [VM.GlobalScript.LogHelper+<>c::<.cctor>b__8_0@0] ProcessID-24480-,2025-10-29 10:39:15.281 [3] [UserGlobalScriptManger::compileGlobalScript] Compile end

2025-10-29 10:39:15.923 INFO  [24] [VM.GlobalScript.LogHelper+<>c::<.cctor>b__8_0@0] ProcessID-24480-,2025-10-29 10:39:15.281 [3] [GlobalManager::objLoadDefaultScriptTime_Elapsed] Load default globalScript end

2025-10-29 10:45:43.456 INFO  [71] [VM.GlobalScript.LogHelper+<>c::<.cctor>b__8_0@0] ProcessID-23644-,2025-10-29 10:45:43.441 [1] [GlobalScript::Init]  ====================================================V4.3.0 GlobalScript Start Print Log====================================================

2025-10-29 10:45:48.509 INFO  [71] [VM.GlobalScript.LogHelper+<>c::<.cctor>b__8_0@0] ProcessID-23644-,2025-10-29 10:45:48.472 [3] [GlobalManager::objLoadDefaultScriptTime_Elapsed] Load default globalScript begin

2025-10-29 10:45:48.517 INFO  [71] [VM.GlobalScript.LogHelper+<>c::<.cctor>b__8_0@0] ProcessID-23644-,2025-10-29 10:45:48.478 [3] [UserGlobalScriptManger::compileGlobalScript] Compile begin

2025-10-29 10:45:49.525 INFO  [71] [VM.GlobalScript.LogHelper+<>c::<.cctor>b__8_0@0] ProcessID-23644-,2025-10-29 10:45:48.790 [3] [UserGlobalScriptSupport::CompileCode] 2025-10-29 10:45:48:790 : Compile complete -- 0 Errors, 0 Warnings 


2025-10-29 10:45:49.529 INFO  [71] [VM.GlobalScript.LogHelper+<>c::<.cctor>b__8_0@0] ProcessID-23644-,2025-10-29 10:45:48.876 [3] [UserGlobalScriptManger::updateBackFile] Update BackFile end

2025-10-29 10:45:49.534 INFO  [71] [VM.GlobalScript.LogHelper+<>c::<.cctor>b__8_0@0] ProcessID-23644-,2025-10-29 10:45:48.876 [3] [UserGlobalScriptManger::compileGlobalScript] Compile end

2025-10-29 10:45:49.539 INFO  [71] [VM.GlobalScript.LogHelper+<>c::<.cctor>b__8_0@0] ProcessID-23644-,2025-10-29 10:45:48.876 [3] [GlobalManager::objLoadDefaultScriptTime_Elapsed] Load default globalScript end

2025-10-29 11:29:53.053 INFO  [30] [VM.GlobalScript.LogHelper+<>c::<.cctor>b__8_0@0] ProcessID-21056-,2025-10-29 11:29:53.053 [1] [GlobalScript::Init]  ====================================================V4.3.0 GlobalScript Start Print Log====================================================

2025-10-29 11:29:59.118 INFO  [30] [VM.GlobalScript.LogHelper+<>c::<.cctor>b__8_0@0] ProcessID-21056-,2025-10-29 11:29:58.315 [3] [GlobalManager::objLoadDefaultScriptTime_Elapsed] Load default globalScript begin

2025-10-29 11:29:59.129 INFO  [30] [VM.GlobalScript.LogHelper+<>c::<.cctor>b__8_0@0] ProcessID-21056-,2025-10-29 11:29:58.412 [3] [UserGlobalScriptManger::compileGlobalScript] Compile begin

2025-10-29 11:30:00.139 INFO  [30] [VM.GlobalScript.LogHelper+<>c::<.cctor>b__8_0@0] ProcessID-21056-,2025-10-29 11:29:59.936 [3] [UserGlobalScriptSupport::CompileCode] 2025-10-29 11:29:59:936 : Compile complete -- 0 Errors, 0 Warnings 


2025-10-29 11:30:00.148 INFO  [30] [VM.GlobalScript.LogHelper+<>c::<.cctor>b__8_0@0] ProcessID-21056-,2025-10-29 11:30:00.053 [3] [UserGlobalScriptManger::updateBackFile] Update BackFile end

2025-10-29 11:30:00.157 INFO  [30] [VM.GlobalScript.LogHelper+<>c::<.cctor>b__8_0@0] ProcessID-21056-,2025-10-29 11:30:00.053 [3] [UserGlobalScriptManger::compileGlobalScript] Compile end

2025-10-29 11:30:00.166 INFO  [30] [VM.GlobalScript.LogHelper+<>c::<.cctor>b__8_0@0] ProcessID-21056-,2025-10-29 11:30:00.053 [3] [GlobalManager::objLoadDefaultScriptTime_Elapsed] Load default globalScript end

2025-10-29 18:36:28.013 INFO  [27] [VM.GlobalScript.LogHelper+<>c::<.cctor>b__8_0@0] ProcessID-15380-,2025-10-29 18:36:26.998 [1] [GlobalScript::Init]  ====================================================V4.3.0 GlobalScript Start Print Log====================================================

2025-10-29 18:36:33.076 INFO  [27] [VM.GlobalScript.LogHelper+<>c::<.cctor>b__8_0@0] ProcessID-15380-,2025-10-29 18:36:32.259 [3] [GlobalManager::objLoadDefaultScriptTime_Elapsed] Load default globalScript begin

2025-10-29 18:36:33.086 INFO  [27] [VM.GlobalScript.LogHelper+<>c::<.cctor>b__8_0@0] ProcessID-15380-,2025-10-29 18:36:32.312 [3] [UserGlobalScriptManger::compileGlobalScript] Compile begin

2025-10-29 18:36:34.098 INFO  [27] [VM.GlobalScript.LogHelper+<>c::<.cctor>b__8_0@0] ProcessID-15380-,2025-10-29 18:36:33.614 [3] [UserGlobalScriptSupport::CompileCode] 2025-10-29 18:36:33:614 : Compile complete -- 0 Errors, 0 Warnings 


2025-10-29 18:36:34.108 INFO  [27] [VM.GlobalScript.LogHelper+<>c::<.cctor>b__8_0@0] ProcessID-15380-,2025-10-29 18:36:33.703 [3] [UserGlobalScriptManger::updateBackFile] Update BackFile end

2025-10-29 18:36:34.120 INFO  [27] [VM.GlobalScript.LogHelper+<>c::<.cctor>b__8_0@0] ProcessID-15380-,2025-10-29 18:36:33.703 [3] [UserGlobalScriptManger::compileGlobalScript] Compile end

2025-10-29 18:36:34.130 INFO  [27] [VM.GlobalScript.LogHelper+<>c::<.cctor>b__8_0@0] ProcessID-15380-,2025-10-29 18:36:33.703 [3] [GlobalManager::objLoadDefaultScriptTime_Elapsed] Load default globalScript end

2025-10-30 08:54:42.721 INFO  [28] [VM.GlobalScript.LogHelper+<>c::<.cctor>b__8_0@0] ProcessID-12632-,2025-10-30 08:54:41.710 [1] [GlobalScript::Init]  ====================================================V4.3.0 GlobalScript Start Print Log====================================================

2025-10-30 08:54:47.765 INFO  [28] [VM.GlobalScript.LogHelper+<>c::<.cctor>b__8_0@0] ProcessID-12632-,2025-10-30 08:54:46.930 [6] [GlobalManager::objLoadDefaultScriptTime_Elapsed] Load default globalScript begin

2025-10-30 08:54:47.773 INFO  [28] [VM.GlobalScript.LogHelper+<>c::<.cctor>b__8_0@0] ProcessID-12632-,2025-10-30 08:54:47.038 [6] [UserGlobalScriptManger::compileGlobalScript] Compile begin

2025-10-30 08:54:48.800 INFO  [28] [VM.GlobalScript.LogHelper+<>c::<.cctor>b__8_0@0] ProcessID-12632-,2025-10-30 08:54:48.384 [6] [UserGlobalScriptSupport::CompileCode] 2025-10-30 08:54:48:384 : Compile complete -- 0 Errors, 0 Warnings 


2025-10-30 08:54:48.808 INFO  [28] [VM.GlobalScript.LogHelper+<>c::<.cctor>b__8_0@0] ProcessID-12632-,2025-10-30 08:54:48.460 [6] [UserGlobalScriptManger::updateBackFile] Update BackFile end

2025-10-30 08:54:48.820 INFO  [28] [VM.GlobalScript.LogHelper+<>c::<.cctor>b__8_0@0] ProcessID-12632-,2025-10-30 08:54:48.464 [6] [UserGlobalScriptManger::compileGlobalScript] Compile end

2025-10-30 08:54:48.828 INFO  [28] [VM.GlobalScript.LogHelper+<>c::<.cctor>b__8_0@0] ProcessID-12632-,2025-10-30 08:54:48.464 [6] [GlobalManager::objLoadDefaultScriptTime_Elapsed] Load default globalScript end

2025-10-30 08:55:59.427 INFO  [28] [VM.GlobalScript.LogHelper+<>c::<.cctor>b__8_0@0] ProcessID-12632-,2025-10-30 08:55:59.101 [12] [GlobalManager::HandleCmd] Receive:CloseScript

2025-10-30 08:55:59.439 INFO  [28] [VM.GlobalScript.LogHelper+<>c::<.cctor>b__8_0@0] ProcessID-12632-,2025-10-30 08:55:59.109 [12] [GlobalManager::HandleCmd] Receive end:CloseScript

2025-10-30 08:56:02.464 INFO  [28] [VM.GlobalScript.LogHelper+<>c::<.cctor>b__8_0@0] ProcessID-12632-,2025-10-30 08:56:01.491 [12] [GlobalManager::HandleCmd] Receive:LoadSolution

2025-10-30 08:56:02.475 INFO  [28] [VM.GlobalScript.LogHelper+<>c::<.cctor>b__8_0@0] ProcessID-12632-,2025-10-30 08:56:01.533 [12] [GlobalManager::HandleCmd] Receive end:LoadSolution

2025-10-30 08:56:02.487 INFO  [28] [VM.GlobalScript.LogHelper+<>c::<.cctor>b__8_0@0] ProcessID-12632-,2025-10-30 08:56:01.567 [10] [UserGlobalScriptManger::compileGlobalScript] Compile begin

2025-10-30 08:56:05.502 INFO  [28] [VM.GlobalScript.LogHelper+<>c::<.cctor>b__8_0@0] ProcessID-12632-,2025-10-30 08:56:04.506 [10] [UserGlobalScriptSupport::CompileCode] 2025-10-30 08:56:04:506 : Compile complete -- 0 Errors, 0 Warnings 


2025-10-30 08:56:05.517 INFO  [28] [VM.GlobalScript.LogHelper+<>c::<.cctor>b__8_0@0] ProcessID-12632-,2025-10-30 08:56:04.518 [10] [UserGlobalScriptManger::updateBackFile] Update BackFile end

2025-10-30 08:56:05.528 INFO  [28] [VM.GlobalScript.LogHelper+<>c::<.cctor>b__8_0@0] ProcessID-12632-,2025-10-30 08:56:04.518 [10] [UserGlobalScriptManger::compileGlobalScript] Compile end

2025-10-30 08:56:09.544 INFO  [28] [VM.GlobalScript.LogHelper+<>c::<.cctor>b__8_0@0] ProcessID-12632-,2025-10-30 08:56:09.450 [12] [GlobalManager::HandleCmd] Receive:LoadSolutionEnd

2025-10-30 08:56:09.554 INFO  [28] [VM.GlobalScript.LogHelper+<>c::<.cctor>b__8_0@0] ProcessID-12632-,2025-10-30 08:56:09.450 [12] [GlobalManager::HandleCmd] Receive end:LoadSolutionEnd

2025-10-30 08:56:09.563 INFO  [28] [VM.GlobalScript.LogHelper+<>c::<.cctor>b__8_0@0] ProcessID-12632-,2025-10-30 08:56:09.450 [6] [UserGlobalScriptManger::loadInitAction] ExecuteLoadInit start

2025-10-30 08:58:43.840 INFO  [28] [VM.GlobalScript.LogHelper+<>c::<.cctor>b__8_0@0] ProcessID-12632-,2025-10-30 08:58:43.654 [12] [GlobalManager::HandleCmd] Receive:SaveSolution

2025-10-30 08:58:43.855 INFO  [28] [VM.GlobalScript.LogHelper+<>c::<.cctor>b__8_0@0] ProcessID-12632-,2025-10-30 08:58:43.654 [12] [UserGlobalScriptManger::SaveSolutionByMap] save solution byte len:3713

2025-10-30 08:58:43.869 INFO  [28] [VM.GlobalScript.LogHelper+<>c::<.cctor>b__8_0@0] ProcessID-12632-,2025-10-30 08:58:43.654 [12] [GlobalManager::HandleCmd] Receive end:SaveSolution

2025-10-30 08:58:43.883 INFO  [28] [VM.GlobalScript.LogHelper+<>c::<.cctor>b__8_0@0] ProcessID-12632-,2025-10-30 08:58:43.654 [12] [GlobalManager::HandleCmd] Receive:SaveSolution

2025-10-30 08:58:43.892 INFO  [28] [VM.GlobalScript.LogHelper+<>c::<.cctor>b__8_0@0] ProcessID-12632-,2025-10-30 08:58:43.654 [12] [UserGlobalScriptManger::SaveSolutionByMap] save solution byte len:3713

2025-10-30 08:58:43.903 INFO  [28] [VM.GlobalScript.LogHelper+<>c::<.cctor>b__8_0@0] ProcessID-12632-,2025-10-30 08:58:43.654 [12] [GlobalManager::HandleCmd] Receive end:SaveSolution

2025-10-30 10:11:05.158 INFO  [29] [VM.GlobalScript.LogHelper+<>c::<.cctor>b__8_0@0] ProcessID-740-,2025-10-30 10:11:04.147 [1] [GlobalScript::Init]  ====================================================V4.3.0 GlobalScript Start Print Log====================================================

2025-10-30 10:11:09.208 INFO  [29] [VM.GlobalScript.LogHelper+<>c::<.cctor>b__8_0@0] ProcessID-740-,2025-10-30 10:11:09.168 [20] [GlobalManager::objLoadDefaultScriptTime_Elapsed] Load default globalScript begin

2025-10-30 10:11:09.220 INFO  [29] [VM.GlobalScript.LogHelper+<>c::<.cctor>b__8_0@0] ProcessID-740-,2025-10-30 10:11:09.172 [20] [UserGlobalScriptManger::compileGlobalScript] Compile begin

2025-10-30 10:11:10.235 INFO  [29] [VM.GlobalScript.LogHelper+<>c::<.cctor>b__8_0@0] ProcessID-740-,2025-10-30 10:11:09.644 [20] [UserGlobalScriptSupport::CompileCode] 2025-10-30 10:11:09:644 : Compile complete -- 0 Errors, 0 Warnings 


2025-10-30 10:11:10.247 INFO  [29] [VM.GlobalScript.LogHelper+<>c::<.cctor>b__8_0@0] ProcessID-740-,2025-10-30 10:11:09.704 [20] [UserGlobalScriptManger::updateBackFile] Update BackFile end

2025-10-30 10:11:10.259 INFO  [29] [VM.GlobalScript.LogHelper+<>c::<.cctor>b__8_0@0] ProcessID-740-,2025-10-30 10:11:09.704 [20] [UserGlobalScriptManger::compileGlobalScript] Compile end

2025-10-30 10:11:10.271 INFO  [29] [VM.GlobalScript.LogHelper+<>c::<.cctor>b__8_0@0] ProcessID-740-,2025-10-30 10:11:09.704 [20] [GlobalManager::objLoadDefaultScriptTime_Elapsed] Load default globalScript end

2025-10-30 10:12:16.826 INFO  [29] [VM.GlobalScript.LogHelper+<>c::<.cctor>b__8_0@0] ProcessID-740-,2025-10-30 10:12:16.473 [33] [GlobalManager::HandleCmd] Receive:CloseScript

2025-10-30 10:12:16.845 INFO  [29] [VM.GlobalScript.LogHelper+<>c::<.cctor>b__8_0@0] ProcessID-740-,2025-10-30 10:12:16.481 [33] [GlobalManager::HandleCmd] Receive end:CloseScript

2025-10-30 10:12:17.879 INFO  [29] [VM.GlobalScript.LogHelper+<>c::<.cctor>b__8_0@0] ProcessID-740-,2025-10-30 10:12:17.214 [33] [GlobalManager::HandleCmd] Receive:LoadSolution

2025-10-30 10:12:17.889 INFO  [29] [VM.GlobalScript.LogHelper+<>c::<.cctor>b__8_0@0] ProcessID-740-,2025-10-30 10:12:17.253 [33] [GlobalManager::HandleCmd] Receive end:LoadSolution

2025-10-30 10:12:17.898 INFO  [29] [VM.GlobalScript.LogHelper+<>c::<.cctor>b__8_0@0] ProcessID-740-,2025-10-30 10:12:17.260 [16] [UserGlobalScriptManger::compileGlobalScript] Compile begin

2025-10-30 10:12:17.908 INFO  [29] [VM.GlobalScript.LogHelper+<>c::<.cctor>b__8_0@0] ProcessID-740-,2025-10-30 10:12:17.784 [16] [UserGlobalScriptSupport::CompileCode] 2025-10-30 10:12:17:784 : Compile complete -- 0 Errors, 0 Warnings 


2025-10-30 10:12:17.917 INFO  [29] [VM.GlobalScript.LogHelper+<>c::<.cctor>b__8_0@0] ProcessID-740-,2025-10-30 10:12:17.785 [16] [UserGlobalScriptManger::updateBackFile] Update BackFile end

2025-10-30 10:12:17.927 INFO  [29] [VM.GlobalScript.LogHelper+<>c::<.cctor>b__8_0@0] ProcessID-740-,2025-10-30 10:12:17.785 [16] [UserGlobalScriptManger::compileGlobalScript] Compile end

2025-10-30 10:12:18.939 INFO  [29] [VM.GlobalScript.LogHelper+<>c::<.cctor>b__8_0@0] ProcessID-740-,2025-10-30 10:12:18.644 [33] [GlobalManager::HandleCmd] Receive:LoadSolutionEnd

2025-10-30 10:12:18.953 INFO  [29] [VM.GlobalScript.LogHelper+<>c::<.cctor>b__8_0@0] ProcessID-740-,2025-10-30 10:12:18.645 [33] [GlobalManager::HandleCmd] Receive end:LoadSolutionEnd

2025-10-30 10:12:18.966 INFO  [29] [VM.GlobalScript.LogHelper+<>c::<.cctor>b__8_0@0] ProcessID-740-,2025-10-30 10:12:18.645 [6] [UserGlobalScriptManger::loadInitAction] ExecuteLoadInit start

2025-10-30 10:13:16.718 INFO  [13] [VM.GlobalScript.LogHelper+<>c::<.cctor>b__8_0@0] ProcessID-1812-,2025-10-30 10:13:15.707 [5] [GlobalScript::Init]  ====================================================V4.3.0 GlobalScript Start Print Log====================================================

2025-10-30 10:13:16.738 INFO  [13] [VM.GlobalScript.LogHelper+<>c::<.cctor>b__8_0@0] ProcessID-1812-,2025-10-30 10:13:16.583 [15] [GlobalManager::HandleCmd] Receive:CloseScript

2025-10-30 10:13:16.750 INFO  [13] [VM.GlobalScript.LogHelper+<>c::<.cctor>b__8_0@0] ProcessID-1812-,2025-10-30 10:13:16.583 [15] [GlobalManager::HandleCmd] Receive end:CloseScript

2025-10-30 10:13:19.800 INFO  [13] [VM.GlobalScript.LogHelper+<>c::<.cctor>b__8_0@0] ProcessID-1812-,2025-10-30 10:13:19.300 [15] [GlobalManager::HandleCmd] Receive:LoadSolution

2025-10-30 10:13:19.808 INFO  [13] [VM.GlobalScript.LogHelper+<>c::<.cctor>b__8_0@0] ProcessID-1812-,2025-10-30 10:13:19.476 [15] [GlobalManager::HandleCmd] Receive end:LoadSolution

2025-10-30 10:13:19.816 INFO  [13] [VM.GlobalScript.LogHelper+<>c::<.cctor>b__8_0@0] ProcessID-1812-,2025-10-30 10:13:19.488 [6] [UserGlobalScriptManger::compileGlobalScript] Compile begin

2025-10-30 10:13:20.843 INFO  [13] [VM.GlobalScript.LogHelper+<>c::<.cctor>b__8_0@0] ProcessID-1812-,2025-10-30 10:13:20.188 [6] [UserGlobalScriptSupport::CompileCode] 2025-10-30 10:13:20:188 : Compile complete -- 0 Errors, 0 Warnings 


2025-10-30 10:13:20.851 INFO  [13] [VM.GlobalScript.LogHelper+<>c::<.cctor>b__8_0@0] ProcessID-1812-,2025-10-30 10:13:20.204 [6] [UserGlobalScriptManger::updateBackFile] Update BackFile end

2025-10-30 10:13:20.859 INFO  [13] [VM.GlobalScript.LogHelper+<>c::<.cctor>b__8_0@0] ProcessID-1812-,2025-10-30 10:13:20.204 [6] [UserGlobalScriptManger::compileGlobalScript] Compile end

2025-10-30 10:13:21.889 INFO  [13] [VM.GlobalScript.LogHelper+<>c::<.cctor>b__8_0@0] ProcessID-1812-,2025-10-30 10:13:21.562 [15] [GlobalManager::HandleCmd] Receive:LoadSolutionEnd

2025-10-30 10:13:21.901 INFO  [13] [VM.GlobalScript.LogHelper+<>c::<.cctor>b__8_0@0] ProcessID-1812-,2025-10-30 10:13:21.562 [15] [GlobalManager::HandleCmd] Receive end:LoadSolutionEnd

2025-10-30 10:13:21.909 INFO  [13] [VM.GlobalScript.LogHelper+<>c::<.cctor>b__8_0@0] ProcessID-1812-,2025-10-30 10:13:21.562 [6] [UserGlobalScriptManger::loadInitAction] ExecuteLoadInit start

2025-10-30 10:30:13.140 INFO  [16] [VM.GlobalScript.LogHelper+<>c::<.cctor>b__8_0@0] ProcessID-19908-,2025-10-30 10:30:13.129 [5] [GlobalScript::Init]  ====================================================V4.3.0 GlobalScript Start Print Log====================================================

2025-10-30 10:30:15.188 INFO  [16] [VM.GlobalScript.LogHelper+<>c::<.cctor>b__8_0@0] ProcessID-19908-,2025-10-30 10:30:14.544 [18] [GlobalManager::HandleCmd] Receive:CloseScript

2025-10-30 10:30:15.204 INFO  [16] [VM.GlobalScript.LogHelper+<>c::<.cctor>b__8_0@0] ProcessID-19908-,2025-10-30 10:30:14.545 [18] [GlobalManager::HandleCmd] Receive end:CloseScript

2025-10-30 10:30:18.236 INFO  [16] [VM.GlobalScript.LogHelper+<>c::<.cctor>b__8_0@0] ProcessID-19908-,2025-10-30 10:30:18.158 [3] [GlobalManager::objLoadDefaultScriptTime_Elapsed] Load default globalScript begin

2025-10-30 10:30:18.248 INFO  [16] [VM.GlobalScript.LogHelper+<>c::<.cctor>b__8_0@0] ProcessID-19908-,2025-10-30 10:30:18.190 [3] [UserGlobalScriptManger::compileGlobalScript] Compile begin

2025-10-30 10:30:20.278 INFO  [16] [VM.GlobalScript.LogHelper+<>c::<.cctor>b__8_0@0] ProcessID-19908-,2025-10-30 10:30:19.371 [3] [UserGlobalScriptSupport::CompileCode] 2025-10-30 10:30:19:371 : Compile complete -- 0 Errors, 0 Warnings 


2025-10-30 10:30:20.288 INFO  [16] [VM.GlobalScript.LogHelper+<>c::<.cctor>b__8_0@0] ProcessID-19908-,2025-10-30 10:30:19.465 [3] [UserGlobalScriptManger::updateBackFile] Update BackFile end

2025-10-30 10:30:20.298 INFO  [16] [VM.GlobalScript.LogHelper+<>c::<.cctor>b__8_0@0] ProcessID-19908-,2025-10-30 10:30:19.465 [3] [UserGlobalScriptManger::compileGlobalScript] Compile end

2025-10-30 10:30:20.324 INFO  [16] [VM.GlobalScript.LogHelper+<>c::<.cctor>b__8_0@0] ProcessID-19908-,2025-10-30 10:30:19.465 [3] [GlobalManager::objLoadDefaultScriptTime_Elapsed] Load default globalScript end

2025-10-30 10:30:20.355 INFO  [16] [VM.GlobalScript.LogHelper+<>c::<.cctor>b__8_0@0] ProcessID-19908-,2025-10-30 10:30:19.932 [18] [GlobalManager::HandleCmd] Receive:LoadSolution

2025-10-30 10:30:20.365 INFO  [16] [VM.GlobalScript.LogHelper+<>c::<.cctor>b__8_0@0] ProcessID-19908-,2025-10-30 10:30:20.042 [18] [GlobalManager::HandleCmd] Receive end:LoadSolution

2025-10-30 10:30:20.375 INFO  [16] [VM.GlobalScript.LogHelper+<>c::<.cctor>b__8_0@0] ProcessID-19908-,2025-10-30 10:30:20.057 [20] [UserGlobalScriptManger::compileGlobalScript] Compile begin

2025-10-30 10:30:21.388 INFO  [16] [VM.GlobalScript.LogHelper+<>c::<.cctor>b__8_0@0] ProcessID-19908-,2025-10-30 10:30:20.750 [20] [UserGlobalScriptSupport::CompileCode] 2025-10-30 10:30:20:750 : Compile complete -- 0 Errors, 0 Warnings 


2025-10-30 10:30:21.397 INFO  [16] [VM.GlobalScript.LogHelper+<>c::<.cctor>b__8_0@0] ProcessID-19908-,2025-10-30 10:30:20.751 [20] [UserGlobalScriptManger::updateBackFile] Update BackFile end

2025-10-30 10:30:21.406 INFO  [16] [VM.GlobalScript.LogHelper+<>c::<.cctor>b__8_0@0] ProcessID-19908-,2025-10-30 10:30:20.751 [20] [UserGlobalScriptManger::compileGlobalScript] Compile end

2025-10-30 10:30:22.417 INFO  [16] [VM.GlobalScript.LogHelper+<>c::<.cctor>b__8_0@0] ProcessID-19908-,2025-10-30 10:30:21.903 [18] [GlobalManager::HandleCmd] Receive:LoadSolutionEnd

2025-10-30 10:30:22.429 INFO  [16] [VM.GlobalScript.LogHelper+<>c::<.cctor>b__8_0@0] ProcessID-19908-,2025-10-30 10:30:21.903 [18] [GlobalManager::HandleCmd] Receive end:LoadSolutionEnd

2025-10-30 10:30:22.459 INFO  [16] [VM.GlobalScript.LogHelper+<>c::<.cctor>b__8_0@0] ProcessID-19908-,2025-10-30 10:30:21.904 [3] [UserGlobalScriptManger::loadInitAction] ExecuteLoadInit start

2025-10-30 11:49:16.229 INFO  [16] [VM.GlobalScript.LogHelper+<>c::<.cctor>b__8_0@0] ProcessID-19908-,2025-10-30 11:49:16.068 [18] [GlobalManager::HandleCmd] Receive:SaveSolution

2025-10-30 11:49:16.240 INFO  [16] [VM.GlobalScript.LogHelper+<>c::<.cctor>b__8_0@0] ProcessID-19908-,2025-10-30 11:49:16.069 [18] [UserGlobalScriptManger::SaveSolutionByMap] save solution byte len:3713

2025-10-30 11:49:16.254 INFO  [16] [VM.GlobalScript.LogHelper+<>c::<.cctor>b__8_0@0] ProcessID-19908-,2025-10-30 11:49:16.069 [18] [GlobalManager::HandleCmd] Receive end:SaveSolution

2025-10-30 11:49:16.268 INFO  [16] [VM.GlobalScript.LogHelper+<>c::<.cctor>b__8_0@0] ProcessID-19908-,2025-10-30 11:49:16.069 [18] [GlobalManager::HandleCmd] Receive:SaveSolution

2025-10-30 11:49:16.280 INFO  [16] [VM.GlobalScript.LogHelper+<>c::<.cctor>b__8_0@0] ProcessID-19908-,2025-10-30 11:49:16.069 [18] [UserGlobalScriptManger::SaveSolutionByMap] save solution byte len:3713

2025-10-30 11:49:16.293 INFO  [16] [VM.GlobalScript.LogHelper+<>c::<.cctor>b__8_0@0] ProcessID-19908-,2025-10-30 11:49:16.069 [18] [GlobalManager::HandleCmd] Receive end:SaveSolution

2025-10-30 11:57:49.758 INFO  [21] [VM.GlobalScript.LogHelper+<>c::<.cctor>b__8_0@0] ProcessID-6084-,2025-10-30 11:57:49.742 [11] [GlobalScript::Init]  ====================================================V4.3.0 GlobalScript Start Print Log====================================================

2025-10-30 11:57:50.789 INFO  [21] [VM.GlobalScript.LogHelper+<>c::<.cctor>b__8_0@0] ProcessID-6084-,2025-10-30 11:57:50.617 [23] [GlobalManager::HandleCmd] Receive:CloseScript

2025-10-30 11:57:50.789 INFO  [21] [VM.GlobalScript.LogHelper+<>c::<.cctor>b__8_0@0] ProcessID-6084-,2025-10-30 11:57:50.633 [23] [GlobalManager::HandleCmd] Receive end:CloseScript

2025-10-30 11:57:57.278 INFO  [21] [VM.GlobalScript.LogHelper+<>c::<.cctor>b__8_0@0] ProcessID-6084-,2025-10-30 11:57:56.279 [4] [GlobalManager::objLoadDefaultScriptTime_Elapsed] Load default globalScript begin

2025-10-30 11:57:57.289 INFO  [21] [VM.GlobalScript.LogHelper+<>c::<.cctor>b__8_0@0] ProcessID-6084-,2025-10-30 11:57:56.421 [4] [UserGlobalScriptManger::compileGlobalScript] Compile begin

2025-10-30 11:57:59.314 INFO  [21] [VM.GlobalScript.LogHelper+<>c::<.cctor>b__8_0@0] ProcessID-6084-,2025-10-30 11:57:58.486 [4] [UserGlobalScriptSupport::CompileCode] 2025-10-30 11:57:58:486 : Compile complete -- 0 Errors, 0 Warnings 


2025-10-30 11:57:59.325 INFO  [21] [VM.GlobalScript.LogHelper+<>c::<.cctor>b__8_0@0] ProcessID-6084-,2025-10-30 11:57:58.564 [4] [UserGlobalScriptManger::updateBackFile] Update BackFile end

2025-10-30 11:57:59.336 INFO  [21] [VM.GlobalScript.LogHelper+<>c::<.cctor>b__8_0@0] ProcessID-6084-,2025-10-30 11:57:58.564 [4] [UserGlobalScriptManger::compileGlobalScript] Compile end

2025-10-30 11:57:59.346 INFO  [21] [VM.GlobalScript.LogHelper+<>c::<.cctor>b__8_0@0] ProcessID-6084-,2025-10-30 11:57:58.564 [4] [GlobalManager::objLoadDefaultScriptTime_Elapsed] Load default globalScript end

2025-10-30 11:58:00.367 INFO  [21] [VM.GlobalScript.LogHelper+<>c::<.cctor>b__8_0@0] ProcessID-6084-,2025-10-30 11:58:00.333 [23] [GlobalManager::HandleCmd] Receive:LoadSolution

2025-10-30 11:58:01.425 INFO  [21] [VM.GlobalScript.LogHelper+<>c::<.cctor>b__8_0@0] ProcessID-6084-,2025-10-30 11:58:00.482 [23] [GlobalManager::HandleCmd] Receive end:LoadSolution

2025-10-30 11:58:01.435 INFO  [21] [VM.GlobalScript.LogHelper+<>c::<.cctor>b__8_0@0] ProcessID-6084-,2025-10-30 11:58:00.485 [18] [UserGlobalScriptManger::compileGlobalScript] Compile begin

2025-10-30 11:58:01.445 INFO  [21] [VM.GlobalScript.LogHelper+<>c::<.cctor>b__8_0@0] ProcessID-6084-,2025-10-30 11:58:01.363 [18] [UserGlobalScriptSupport::CompileCode] 2025-10-30 11:58:01:363 : Compile complete -- 0 Errors, 0 Warnings 


2025-10-30 11:58:01.455 INFO  [21] [VM.GlobalScript.LogHelper+<>c::<.cctor>b__8_0@0] ProcessID-6084-,2025-10-30 11:58:01.365 [18] [UserGlobalScriptManger::updateBackFile] Update BackFile end

2025-10-30 11:58:01.465 INFO  [21] [VM.GlobalScript.LogHelper+<>c::<.cctor>b__8_0@0] ProcessID-6084-,2025-10-30 11:58:01.365 [18] [UserGlobalScriptManger::compileGlobalScript] Compile end

2025-10-30 11:58:04.480 INFO  [21] [VM.GlobalScript.LogHelper+<>c::<.cctor>b__8_0@0] ProcessID-6084-,2025-10-30 11:58:04.475 [23] [GlobalManager::HandleCmd] Receive:LoadSolutionEnd

2025-10-30 11:58:04.491 INFO  [21] [VM.GlobalScript.LogHelper+<>c::<.cctor>b__8_0@0] ProcessID-6084-,2025-10-30 11:58:04.475 [23] [GlobalManager::HandleCmd] Receive end:LoadSolutionEnd

2025-10-30 11:58:04.501 INFO  [21] [VM.GlobalScript.LogHelper+<>c::<.cctor>b__8_0@0] ProcessID-6084-,2025-10-30 11:58:04.475 [3] [UserGlobalScriptManger::loadInitAction] ExecuteLoadInit start

2025-10-30 13:53:34.574 INFO  [13] [VM.GlobalScript.LogHelper+<>c::<.cctor>b__8_0@0] ProcessID-19152-,2025-10-30 13:53:33.559 [5] [GlobalScript::Init]  ====================================================V4.3.0 GlobalScript Start Print Log====================================================

2025-10-30 13:53:34.590 INFO  [13] [VM.GlobalScript.LogHelper+<>c::<.cctor>b__8_0@0] ProcessID-19152-,2025-10-30 13:53:34.496 [15] [GlobalManager::HandleCmd] Receive:CloseScript

2025-10-30 13:53:34.605 INFO  [13] [VM.GlobalScript.LogHelper+<>c::<.cctor>b__8_0@0] ProcessID-19152-,2025-10-30 13:53:34.496 [15] [GlobalManager::HandleCmd] Receive end:CloseScript

2025-10-30 13:53:37.667 INFO  [13] [VM.GlobalScript.LogHelper+<>c::<.cctor>b__8_0@0] ProcessID-19152-,2025-10-30 13:53:37.183 [15] [GlobalManager::HandleCmd] Receive:LoadSolution

2025-10-30 13:53:37.667 INFO  [13] [VM.GlobalScript.LogHelper+<>c::<.cctor>b__8_0@0] ProcessID-19152-,2025-10-30 13:53:37.308 [15] [GlobalManager::HandleCmd] Receive end:LoadSolution

2025-10-30 13:53:37.683 INFO  [13] [VM.GlobalScript.LogHelper+<>c::<.cctor>b__8_0@0] ProcessID-19152-,2025-10-30 13:53:37.371 [17] [UserGlobalScriptManger::compileGlobalScript] Compile begin

2025-10-30 13:53:38.714 INFO  [13] [VM.GlobalScript.LogHelper+<>c::<.cctor>b__8_0@0] ProcessID-19152-,2025-10-30 13:53:38.605 [17] [UserGlobalScriptSupport::CompileCode] 2025-10-30 13:53:38:605 : Compile complete -- 0 Errors, 0 Warnings 


2025-10-30 13:53:38.714 INFO  [13] [VM.GlobalScript.LogHelper+<>c::<.cctor>b__8_0@0] ProcessID-19152-,2025-10-30 13:53:38.620 [17] [UserGlobalScriptManger::updateBackFile] Update BackFile end

2025-10-30 13:53:38.730 INFO  [13] [VM.GlobalScript.LogHelper+<>c::<.cctor>b__8_0@0] ProcessID-19152-,2025-10-30 13:53:38.620 [17] [UserGlobalScriptManger::compileGlobalScript] Compile end

2025-10-30 13:53:40.784 INFO  [13] [VM.GlobalScript.LogHelper+<>c::<.cctor>b__8_0@0] ProcessID-19152-,2025-10-30 13:53:40.050 [15] [GlobalManager::HandleCmd] Receive:LoadSolutionEnd

2025-10-30 13:53:40.784 INFO  [13] [VM.GlobalScript.LogHelper+<>c::<.cctor>b__8_0@0] ProcessID-19152-,2025-10-30 13:53:40.050 [15] [GlobalManager::HandleCmd] Receive end:LoadSolutionEnd

2025-10-30 13:53:40.800 INFO  [13] [VM.GlobalScript.LogHelper+<>c::<.cctor>b__8_0@0] ProcessID-19152-,2025-10-30 13:53:40.050 [6] [UserGlobalScriptManger::loadInitAction] ExecuteLoadInit start

2025-10-30 14:14:26.866 INFO  [17] [VM.GlobalScript.LogHelper+<>c::<.cctor>b__8_0@0] ProcessID-2776-,2025-10-30 14:14:25.835 [11] [GlobalScript::Init]  ====================================================V4.3.0 GlobalScript Start Print Log====================================================

2025-10-30 14:14:27.897 INFO  [17] [VM.GlobalScript.LogHelper+<>c::<.cctor>b__8_0@0] ProcessID-2776-,2025-10-30 14:14:27.006 [19] [GlobalManager::HandleCmd] Receive:CloseScript

2025-10-30 14:14:27.897 INFO  [17] [VM.GlobalScript.LogHelper+<>c::<.cctor>b__8_0@0] ProcessID-2776-,2025-10-30 14:14:27.006 [19] [GlobalManager::HandleCmd] Receive end:CloseScript

2025-10-30 14:14:30.959 INFO  [17] [VM.GlobalScript.LogHelper+<>c::<.cctor>b__8_0@0] ProcessID-2776-,2025-10-30 14:14:30.037 [19] [GlobalManager::HandleCmd] Receive:LoadSolution

2025-10-30 14:14:30.959 INFO  [17] [VM.GlobalScript.LogHelper+<>c::<.cctor>b__8_0@0] ProcessID-2776-,2025-10-30 14:14:30.287 [19] [GlobalManager::HandleCmd] Receive end:LoadSolution

2025-10-30 14:14:30.975 INFO  [17] [VM.GlobalScript.LogHelper+<>c::<.cctor>b__8_0@0] ProcessID-2776-,2025-10-30 14:14:30.334 [3] [UserGlobalScriptManger::compileGlobalScript] Compile begin

2025-10-30 14:14:33.018 INFO  [17] [VM.GlobalScript.LogHelper+<>c::<.cctor>b__8_0@0] ProcessID-2776-,2025-10-30 14:14:32.275 [3] [UserGlobalScriptSupport::CompileCode] 2025-10-30 14:14:32:275 : Compile complete -- 0 Errors, 0 Warnings 


2025-10-30 14:14:33.029 INFO  [17] [VM.GlobalScript.LogHelper+<>c::<.cctor>b__8_0@0] ProcessID-2776-,2025-10-30 14:14:32.306 [3] [UserGlobalScriptManger::updateBackFile] Update BackFile end

2025-10-30 14:14:33.039 INFO  [17] [VM.GlobalScript.LogHelper+<>c::<.cctor>b__8_0@0] ProcessID-2776-,2025-10-30 14:14:32.306 [3] [UserGlobalScriptManger::compileGlobalScript] Compile end

2025-10-30 14:14:35.055 INFO  [17] [VM.GlobalScript.LogHelper+<>c::<.cctor>b__8_0@0] ProcessID-2776-,2025-10-30 14:14:34.091 [19] [GlobalManager::HandleCmd] Receive:LoadSolutionEnd

2025-10-30 14:14:35.065 INFO  [17] [VM.GlobalScript.LogHelper+<>c::<.cctor>b__8_0@0] ProcessID-2776-,2025-10-30 14:14:34.091 [19] [GlobalManager::HandleCmd] Receive end:LoadSolutionEnd

2025-10-30 14:14:35.075 INFO  [17] [VM.GlobalScript.LogHelper+<>c::<.cctor>b__8_0@0] ProcessID-2776-,2025-10-30 14:14:34.091 [3] [UserGlobalScriptManger::loadInitAction] ExecuteLoadInit start

2025-10-30 15:04:25.077 INFO  [17] [VM.GlobalScript.LogHelper+<>c::<.cctor>b__8_0@0] ProcessID-20404-,2025-10-30 15:04:25.070 [11] [GlobalScript::Init]  ====================================================V4.3.0 GlobalScript Start Print Log====================================================

2025-10-30 15:04:26.114 INFO  [17] [VM.GlobalScript.LogHelper+<>c::<.cctor>b__8_0@0] ProcessID-20404-,2025-10-30 15:04:26.091 [20] [GlobalManager::HandleCmd] Receive:CloseScript

2025-10-30 15:04:26.125 INFO  [17] [VM.GlobalScript.LogHelper+<>c::<.cctor>b__8_0@0] ProcessID-20404-,2025-10-30 15:04:26.092 [20] [GlobalManager::HandleCmd] Receive end:CloseScript

2025-10-30 15:04:29.152 INFO  [17] [VM.GlobalScript.LogHelper+<>c::<.cctor>b__8_0@0] ProcessID-20404-,2025-10-30 15:04:28.384 [20] [GlobalManager::HandleCmd] Receive:LoadSolution

2025-10-30 15:04:29.165 INFO  [17] [VM.GlobalScript.LogHelper+<>c::<.cctor>b__8_0@0] ProcessID-20404-,2025-10-30 15:04:28.637 [20] [GlobalManager::HandleCmd] Receive end:LoadSolution

2025-10-30 15:04:29.175 INFO  [17] [VM.GlobalScript.LogHelper+<>c::<.cctor>b__8_0@0] ProcessID-20404-,2025-10-30 15:04:28.671 [3] [UserGlobalScriptManger::compileGlobalScript] Compile begin

2025-10-30 15:04:30.185 INFO  [17] [VM.GlobalScript.LogHelper+<>c::<.cctor>b__8_0@0] ProcessID-20404-,2025-10-30 15:04:29.367 [3] [UserGlobalScriptSupport::CompileCode] 2025-10-30 15:04:29:367 : Compile complete -- 0 Errors, 0 Warnings 


2025-10-30 15:04:30.185 INFO  [17] [VM.GlobalScript.LogHelper+<>c::<.cctor>b__8_0@0] ProcessID-20404-,2025-10-30 15:04:29.398 [3] [UserGlobalScriptManger::updateBackFile] Update BackFile end

2025-10-30 15:04:30.201 INFO  [17] [VM.GlobalScript.LogHelper+<>c::<.cctor>b__8_0@0] ProcessID-20404-,2025-10-30 15:04:29.398 [3] [UserGlobalScriptManger::compileGlobalScript] Compile end

2025-10-30 15:04:32.227 INFO  [17] [VM.GlobalScript.LogHelper+<>c::<.cctor>b__8_0@0] ProcessID-20404-,2025-10-30 15:04:31.544 [20] [GlobalManager::HandleCmd] Receive:LoadSolutionEnd

2025-10-30 15:04:32.238 INFO  [17] [VM.GlobalScript.LogHelper+<>c::<.cctor>b__8_0@0] ProcessID-20404-,2025-10-30 15:04:31.544 [20] [GlobalManager::HandleCmd] Receive end:LoadSolutionEnd

2025-10-30 15:04:32.250 INFO  [17] [VM.GlobalScript.LogHelper+<>c::<.cctor>b__8_0@0] ProcessID-20404-,2025-10-30 15:04:31.544 [3] [UserGlobalScriptManger::loadInitAction] ExecuteLoadInit start

2025-10-31 09:08:52.736 INFO  [17] [VM.GlobalScript.LogHelper+<>c::<.cctor>b__8_0@0] ProcessID-20404-,2025-10-31 09:08:52.384 [20] [GlobalManager::HandleCmd] Receive:CloseScript

2025-10-31 09:08:52.750 INFO  [17] [VM.GlobalScript.LogHelper+<>c::<.cctor>b__8_0@0] ProcessID-20404-,2025-10-31 09:08:52.386 [20] [GlobalManager::HandleCmd] Receive end:CloseScript

2025-10-31 09:08:54.765 INFO  [17] [VM.GlobalScript.LogHelper+<>c::<.cctor>b__8_0@0] ProcessID-20404-,2025-10-31 09:08:54.443 [20] [GlobalManager::HandleCmd] Receive:LoadSolution

2025-10-31 09:08:54.776 INFO  [17] [VM.GlobalScript.LogHelper+<>c::<.cctor>b__8_0@0] ProcessID-20404-,2025-10-31 09:08:54.443 [20] [GlobalManager::HandleCmd] Receive end:LoadSolution

2025-10-31 09:08:54.788 INFO  [17] [VM.GlobalScript.LogHelper+<>c::<.cctor>b__8_0@0] ProcessID-20404-,2025-10-31 09:08:54.499 [46] [UserGlobalScriptManger::compileGlobalScript] Compile begin

2025-10-31 09:08:54.799 INFO  [17] [VM.GlobalScript.LogHelper+<>c::<.cctor>b__8_0@0] ProcessID-20404-,2025-10-31 09:08:54.559 [46] [UserGlobalScriptSupport::CompileCode] 2025-10-31 09:08:54:559 : Compile complete -- 0 Errors, 0 Warnings 


2025-10-31 09:08:54.809 INFO  [17] [VM.GlobalScript.LogHelper+<>c::<.cctor>b__8_0@0] ProcessID-20404-,2025-10-31 09:08:54.575 [46] [UserGlobalScriptManger::updateBackFile] Update BackFile end

2025-10-31 09:08:54.820 INFO  [17] [VM.GlobalScript.LogHelper+<>c::<.cctor>b__8_0@0] ProcessID-20404-,2025-10-31 09:08:54.575 [46] [UserGlobalScriptManger::compileGlobalScript] Compile end

2025-10-31 09:08:56.835 INFO  [17] [VM.GlobalScript.LogHelper+<>c::<.cctor>b__8_0@0] ProcessID-20404-,2025-10-31 09:08:56.320 [20] [GlobalManager::HandleCmd] Receive:LoadSolutionEnd

2025-10-31 09:08:56.846 INFO  [17] [VM.GlobalScript.LogHelper+<>c::<.cctor>b__8_0@0] ProcessID-20404-,2025-10-31 09:08:56.320 [20] [GlobalManager::HandleCmd] Receive end:LoadSolutionEnd

2025-10-31 09:08:56.856 INFO  [17] [VM.GlobalScript.LogHelper+<>c::<.cctor>b__8_0@0] ProcessID-20404-,2025-10-31 09:08:56.320 [46] [UserGlobalScriptManger::loadInitAction] ExecuteLoadInit start

2025-10-31 09:20:11.441 INFO  [17] [VM.GlobalScript.LogHelper+<>c::<.cctor>b__8_0@0] ProcessID-20404-,2025-10-31 09:20:10.774 [20] [GlobalManager::HandleCmd] Receive:SaveSolution

2025-10-31 09:20:11.453 INFO  [17] [VM.GlobalScript.LogHelper+<>c::<.cctor>b__8_0@0] ProcessID-20404-,2025-10-31 09:20:10.777 [20] [UserGlobalScriptManger::SaveSolutionByMap] save solution byte len:3713

2025-10-31 09:20:11.466 INFO  [17] [VM.GlobalScript.LogHelper+<>c::<.cctor>b__8_0@0] ProcessID-20404-,2025-10-31 09:20:10.777 [20] [GlobalManager::HandleCmd] Receive end:SaveSolution

2025-10-31 09:20:11.478 INFO  [17] [VM.GlobalScript.LogHelper+<>c::<.cctor>b__8_0@0] ProcessID-20404-,2025-10-31 09:20:10.777 [20] [GlobalManager::HandleCmd] Receive:SaveSolution

2025-10-31 09:20:11.489 INFO  [17] [VM.GlobalScript.LogHelper+<>c::<.cctor>b__8_0@0] ProcessID-20404-,2025-10-31 09:20:10.777 [20] [UserGlobalScriptManger::SaveSolutionByMap] save solution byte len:3713

2025-10-31 09:20:11.501 INFO  [17] [VM.GlobalScript.LogHelper+<>c::<.cctor>b__8_0@0] ProcessID-20404-,2025-10-31 09:20:10.777 [20] [GlobalManager::HandleCmd] Receive end:SaveSolution

2025-10-31 09:20:26.526 INFO  [17] [VM.GlobalScript.LogHelper+<>c::<.cctor>b__8_0@0] ProcessID-20404-,2025-10-31 09:20:25.746 [20] [GlobalManager::HandleCmd] Receive:SaveSolution

2025-10-31 09:20:26.543 INFO  [17] [VM.GlobalScript.LogHelper+<>c::<.cctor>b__8_0@0] ProcessID-20404-,2025-10-31 09:20:25.746 [20] [UserGlobalScriptManger::SaveSolutionByMap] save solution byte len:3713

2025-10-31 09:20:26.559 INFO  [17] [VM.GlobalScript.LogHelper+<>c::<.cctor>b__8_0@0] ProcessID-20404-,2025-10-31 09:20:25.746 [20] [GlobalManager::HandleCmd] Receive end:SaveSolution

2025-10-31 09:20:26.570 INFO  [17] [VM.GlobalScript.LogHelper+<>c::<.cctor>b__8_0@0] ProcessID-20404-,2025-10-31 09:20:25.746 [20] [GlobalManager::HandleCmd] Receive:SaveSolution

2025-10-31 09:20:26.580 INFO  [17] [VM.GlobalScript.LogHelper+<>c::<.cctor>b__8_0@0] ProcessID-20404-,2025-10-31 09:20:25.747 [20] [UserGlobalScriptManger::SaveSolutionByMap] save solution byte len:3713

2025-10-31 09:20:26.592 INFO  [17] [VM.GlobalScript.LogHelper+<>c::<.cctor>b__8_0@0] ProcessID-20404-,2025-10-31 09:20:25.747 [20] [GlobalManager::HandleCmd] Receive end:SaveSolution

2025-10-31 09:26:21.949 INFO  [21] [VM.GlobalScript.LogHelper+<>c::<.cctor>b__8_0@0] ProcessID-15328-,2025-10-31 09:26:20.934 [11] [GlobalScript::Init]  ====================================================V4.3.0 GlobalScript Start Print Log====================================================

2025-10-31 09:26:22.980 INFO  [21] [VM.GlobalScript.LogHelper+<>c::<.cctor>b__8_0@0] ProcessID-15328-,2025-10-31 09:26:22.090 [23] [GlobalManager::HandleCmd] Receive:CloseScript

2025-10-31 09:26:22.980 INFO  [21] [VM.GlobalScript.LogHelper+<>c::<.cctor>b__8_0@0] ProcessID-15328-,2025-10-31 09:26:22.090 [23] [GlobalManager::HandleCmd] Receive end:CloseScript

2025-10-31 09:26:28.745 INFO  [21] [VM.GlobalScript.LogHelper+<>c::<.cctor>b__8_0@0] ProcessID-15328-,2025-10-31 09:26:27.730 [3] [GlobalManager::objLoadDefaultScriptTime_Elapsed] Load default globalScript begin

2025-10-31 09:26:28.761 INFO  [21] [VM.GlobalScript.LogHelper+<>c::<.cctor>b__8_0@0] ProcessID-15328-,2025-10-31 09:26:27.886 [3] [UserGlobalScriptManger::compileGlobalScript] Compile begin

2025-10-31 09:26:29.772 INFO  [21] [VM.GlobalScript.LogHelper+<>c::<.cctor>b__8_0@0] ProcessID-15328-,2025-10-31 09:26:29.695 [3] [UserGlobalScriptSupport::CompileCode] 2025-10-31 09:26:29:695 : Compile complete -- 0 Errors, 0 Warnings 


2025-10-31 09:26:30.822 INFO  [21] [VM.GlobalScript.LogHelper+<>c::<.cctor>b__8_0@0] ProcessID-15328-,2025-10-31 09:26:29.858 [3] [UserGlobalScriptManger::updateBackFile] Update BackFile end

2025-10-31 09:26:30.833 INFO  [21] [VM.GlobalScript.LogHelper+<>c::<.cctor>b__8_0@0] ProcessID-15328-,2025-10-31 09:26:29.858 [3] [UserGlobalScriptManger::compileGlobalScript] Compile end

2025-10-31 09:26:30.844 INFO  [21] [VM.GlobalScript.LogHelper+<>c::<.cctor>b__8_0@0] ProcessID-15328-,2025-10-31 09:26:29.858 [3] [GlobalManager::objLoadDefaultScriptTime_Elapsed] Load default globalScript end

2025-10-31 09:26:31.856 INFO  [21] [VM.GlobalScript.LogHelper+<>c::<.cctor>b__8_0@0] ProcessID-15328-,2025-10-31 09:26:30.989 [23] [GlobalManager::HandleCmd] Receive:LoadSolution

2025-10-31 09:26:31.866 INFO  [21] [VM.GlobalScript.LogHelper+<>c::<.cctor>b__8_0@0] ProcessID-15328-,2025-10-31 09:26:31.257 [23] [GlobalManager::HandleCmd] Receive end:LoadSolution

2025-10-31 09:26:31.877 INFO  [21] [VM.GlobalScript.LogHelper+<>c::<.cctor>b__8_0@0] ProcessID-15328-,2025-10-31 09:26:31.260 [3] [UserGlobalScriptManger::compileGlobalScript] Compile begin

2025-10-31 09:26:32.891 INFO  [21] [VM.GlobalScript.LogHelper+<>c::<.cctor>b__8_0@0] ProcessID-15328-,2025-10-31 09:26:32.165 [3] [UserGlobalScriptSupport::CompileCode] 2025-10-31 09:26:32:165 : Compile complete -- 0 Errors, 0 Warnings 


2025-10-31 09:26:32.904 INFO  [21] [VM.GlobalScript.LogHelper+<>c::<.cctor>b__8_0@0] ProcessID-15328-,2025-10-31 09:26:32.166 [3] [UserGlobalScriptManger::updateBackFile] Update BackFile end

2025-10-31 09:26:32.918 INFO  [21] [VM.GlobalScript.LogHelper+<>c::<.cctor>b__8_0@0] ProcessID-15328-,2025-10-31 09:26:32.166 [3] [UserGlobalScriptManger::compileGlobalScript] Compile end

2025-10-31 09:26:34.935 INFO  [21] [VM.GlobalScript.LogHelper+<>c::<.cctor>b__8_0@0] ProcessID-15328-,2025-10-31 09:26:34.440 [23] [GlobalManager::HandleCmd] Receive:LoadSolutionEnd

2025-10-31 09:26:34.948 INFO  [21] [VM.GlobalScript.LogHelper+<>c::<.cctor>b__8_0@0] ProcessID-15328-,2025-10-31 09:26:34.440 [23] [GlobalManager::HandleCmd] Receive end:LoadSolutionEnd

2025-10-31 09:26:34.960 INFO  [21] [VM.GlobalScript.LogHelper+<>c::<.cctor>b__8_0@0] ProcessID-15328-,2025-10-31 09:26:34.440 [3] [UserGlobalScriptManger::loadInitAction] ExecuteLoadInit start

2025-10-31 09:48:56.293 INFO  [17] [VM.GlobalScript.LogHelper+<>c::<.cctor>b__8_0@0] ProcessID-20888-,2025-10-31 09:48:56.286 [11] [GlobalScript::Init]  ====================================================V4.3.0 GlobalScript Start Print Log====================================================

2025-10-31 09:48:57.328 INFO  [17] [VM.GlobalScript.LogHelper+<>c::<.cctor>b__8_0@0] ProcessID-20888-,2025-10-31 09:48:57.319 [19] [GlobalManager::HandleCmd] Receive:CloseScript

2025-10-31 09:48:57.341 INFO  [17] [VM.GlobalScript.LogHelper+<>c::<.cctor>b__8_0@0] ProcessID-20888-,2025-10-31 09:48:57.320 [19] [GlobalManager::HandleCmd] Receive end:CloseScript

2025-10-31 09:49:00.366 INFO  [17] [VM.GlobalScript.LogHelper+<>c::<.cctor>b__8_0@0] ProcessID-20888-,2025-10-31 09:49:00.244 [19] [GlobalManager::HandleCmd] Receive:LoadSolution

2025-10-31 09:49:01.389 INFO  [17] [VM.GlobalScript.LogHelper+<>c::<.cctor>b__8_0@0] ProcessID-20888-,2025-10-31 09:49:00.586 [19] [GlobalManager::HandleCmd] Receive end:LoadSolution

2025-10-31 09:49:01.389 INFO  [17] [VM.GlobalScript.LogHelper+<>c::<.cctor>b__8_0@0] ProcessID-20888-,2025-10-31 09:49:00.626 [3] [UserGlobalScriptManger::compileGlobalScript] Compile begin

2025-10-31 09:49:02.431 INFO  [17] [VM.GlobalScript.LogHelper+<>c::<.cctor>b__8_0@0] ProcessID-20888-,2025-10-31 09:49:01.998 [3] [UserGlobalScriptSupport::CompileCode] 2025-10-31 09:49:01:998 : Compile complete -- 0 Errors, 0 Warnings 


2025-10-31 09:49:02.444 INFO  [17] [VM.GlobalScript.LogHelper+<>c::<.cctor>b__8_0@0] ProcessID-20888-,2025-10-31 09:49:02.029 [3] [UserGlobalScriptManger::updateBackFile] Update BackFile end

2025-10-31 09:49:02.460 INFO  [17] [VM.GlobalScript.LogHelper+<>c::<.cctor>b__8_0@0] ProcessID-20888-,2025-10-31 09:49:02.029 [3] [UserGlobalScriptManger::compileGlobalScript] Compile end

2025-10-31 09:49:03.472 INFO  [17] [VM.GlobalScript.LogHelper+<>c::<.cctor>b__8_0@0] ProcessID-20888-,2025-10-31 09:49:03.174 [19] [GlobalManager::HandleCmd] Receive:LoadSolutionEnd

2025-10-31 09:49:03.494 INFO  [17] [VM.GlobalScript.LogHelper+<>c::<.cctor>b__8_0@0] ProcessID-20888-,2025-10-31 09:49:03.175 [19] [GlobalManager::HandleCmd] Receive end:LoadSolutionEnd

2025-10-31 09:49:03.510 INFO  [17] [VM.GlobalScript.LogHelper+<>c::<.cctor>b__8_0@0] ProcessID-20888-,2025-10-31 09:49:03.175 [3] [UserGlobalScriptManger::loadInitAction] ExecuteLoadInit start

2025-10-31 10:00:43.674 INFO  [17] [VM.GlobalScript.LogHelper+<>c::<.cctor>b__8_0@0] ProcessID-10588-,2025-10-31 10:00:43.660 [11] [GlobalScript::Init]  ====================================================V4.3.0 GlobalScript Start Print Log====================================================

2025-10-31 10:00:45.712 INFO  [17] [VM.GlobalScript.LogHelper+<>c::<.cctor>b__8_0@0] ProcessID-10588-,2025-10-31 10:00:44.787 [24] [GlobalManager::HandleCmd] Receive:CloseScript

2025-10-31 10:00:45.727 INFO  [17] [VM.GlobalScript.LogHelper+<>c::<.cctor>b__8_0@0] ProcessID-10588-,2025-10-31 10:00:44.789 [24] [GlobalManager::HandleCmd] Receive end:CloseScript

2025-10-31 10:00:48.767 INFO  [17] [VM.GlobalScript.LogHelper+<>c::<.cctor>b__8_0@0] ProcessID-10588-,2025-10-31 10:00:47.771 [24] [GlobalManager::HandleCmd] Receive:LoadSolution

2025-10-31 10:00:48.767 INFO  [17] [VM.GlobalScript.LogHelper+<>c::<.cctor>b__8_0@0] ProcessID-10588-,2025-10-31 10:00:48.042 [24] [GlobalManager::HandleCmd] Receive end:LoadSolution

2025-10-31 10:00:48.783 INFO  [17] [VM.GlobalScript.LogHelper+<>c::<.cctor>b__8_0@0] ProcessID-10588-,2025-10-31 10:00:48.084 [3] [UserGlobalScriptManger::compileGlobalScript] Compile begin

2025-10-31 10:00:50.809 INFO  [17] [VM.GlobalScript.LogHelper+<>c::<.cctor>b__8_0@0] ProcessID-10588-,2025-10-31 10:00:49.840 [3] [UserGlobalScriptSupport::CompileCode] 2025-10-31 10:00:49:840 : Compile complete -- 0 Errors, 0 Warnings 


2025-10-31 10:00:50.822 INFO  [17] [VM.GlobalScript.LogHelper+<>c::<.cctor>b__8_0@0] ProcessID-10588-,2025-10-31 10:00:49.855 [3] [UserGlobalScriptManger::updateBackFile] Update BackFile end

2025-10-31 10:00:50.836 INFO  [17] [VM.GlobalScript.LogHelper+<>c::<.cctor>b__8_0@0] ProcessID-10588-,2025-10-31 10:00:49.855 [3] [UserGlobalScriptManger::compileGlobalScript] Compile end

2025-10-31 10:00:50.851 INFO  [17] [VM.GlobalScript.LogHelper+<>c::<.cctor>b__8_0@0] ProcessID-10588-,2025-10-31 10:00:50.738 [24] [GlobalManager::HandleCmd] Receive:LoadSolutionEnd

2025-10-31 10:00:50.876 INFO  [17] [VM.GlobalScript.LogHelper+<>c::<.cctor>b__8_0@0] ProcessID-10588-,2025-10-31 10:00:50.738 [24] [GlobalManager::HandleCmd] Receive end:LoadSolutionEnd

2025-10-31 10:00:50.889 INFO  [17] [VM.GlobalScript.LogHelper+<>c::<.cctor>b__8_0@0] ProcessID-10588-,2025-10-31 10:00:50.738 [3] [UserGlobalScriptManger::loadInitAction] ExecuteLoadInit start

2025-10-31 10:06:17.391 INFO  [17] [VM.GlobalScript.LogHelper+<>c::<.cctor>b__8_0@0] ProcessID-10588-,2025-10-31 10:06:16.788 [24] [GlobalManager::HandleCmd] Receive:SaveSolution

2025-10-31 10:06:17.404 INFO  [17] [VM.GlobalScript.LogHelper+<>c::<.cctor>b__8_0@0] ProcessID-10588-,2025-10-31 10:06:16.791 [24] [UserGlobalScriptManger::SaveSolutionByMap] save solution byte len:3713

2025-10-31 10:06:17.417 INFO  [17] [VM.GlobalScript.LogHelper+<>c::<.cctor>b__8_0@0] ProcessID-10588-,2025-10-31 10:06:16.791 [24] [GlobalManager::HandleCmd] Receive end:SaveSolution

2025-10-31 10:06:17.427 INFO  [17] [VM.GlobalScript.LogHelper+<>c::<.cctor>b__8_0@0] ProcessID-10588-,2025-10-31 10:06:16.791 [24] [GlobalManager::HandleCmd] Receive:SaveSolution

2025-10-31 10:06:17.437 INFO  [17] [VM.GlobalScript.LogHelper+<>c::<.cctor>b__8_0@0] ProcessID-10588-,2025-10-31 10:06:16.791 [24] [UserGlobalScriptManger::SaveSolutionByMap] save solution byte len:3713

2025-10-31 10:06:17.448 INFO  [17] [VM.GlobalScript.LogHelper+<>c::<.cctor>b__8_0@0] ProcessID-10588-,2025-10-31 10:06:16.791 [24] [GlobalManager::HandleCmd] Receive end:SaveSolution

2025-10-31 13:19:18.145 INFO  [17] [VM.GlobalScript.LogHelper+<>c::<.cctor>b__8_0@0] ProcessID-10588-,2025-10-31 13:19:17.522 [24] [GlobalManager::HandleCmd] Receive:SaveSolution

2025-10-31 13:19:18.157 INFO  [17] [VM.GlobalScript.LogHelper+<>c::<.cctor>b__8_0@0] ProcessID-10588-,2025-10-31 13:19:17.522 [24] [UserGlobalScriptManger::SaveSolutionByMap] save solution byte len:3713

2025-10-31 13:19:18.168 INFO  [17] [VM.GlobalScript.LogHelper+<>c::<.cctor>b__8_0@0] ProcessID-10588-,2025-10-31 13:19:17.522 [24] [GlobalManager::HandleCmd] Receive end:SaveSolution

2025-10-31 13:19:18.182 INFO  [17] [VM.GlobalScript.LogHelper+<>c::<.cctor>b__8_0@0] ProcessID-10588-,2025-10-31 13:19:17.523 [24] [GlobalManager::HandleCmd] Receive:SaveSolution

2025-10-31 13:19:18.195 INFO  [17] [VM.GlobalScript.LogHelper+<>c::<.cctor>b__8_0@0] ProcessID-10588-,2025-10-31 13:19:17.523 [24] [UserGlobalScriptManger::SaveSolutionByMap] save solution byte len:3713

2025-10-31 13:19:18.206 INFO  [17] [VM.GlobalScript.LogHelper+<>c::<.cctor>b__8_0@0] ProcessID-10588-,2025-10-31 13:19:17.523 [24] [GlobalManager::HandleCmd] Receive end:SaveSolution

2025-10-31 13:19:32.229 INFO  [17] [VM.GlobalScript.LogHelper+<>c::<.cctor>b__8_0@0] ProcessID-10588-,2025-10-31 13:19:31.884 [24] [GlobalManager::HandleCmd] Receive:SaveSolution

2025-10-31 13:19:32.246 INFO  [17] [VM.GlobalScript.LogHelper+<>c::<.cctor>b__8_0@0] ProcessID-10588-,2025-10-31 13:19:31.885 [24] [UserGlobalScriptManger::SaveSolutionByMap] save solution byte len:3713

2025-10-31 13:19:32.261 INFO  [17] [VM.GlobalScript.LogHelper+<>c::<.cctor>b__8_0@0] ProcessID-10588-,2025-10-31 13:19:31.885 [24] [GlobalManager::HandleCmd] Receive end:SaveSolution

2025-10-31 13:19:32.272 INFO  [17] [VM.GlobalScript.LogHelper+<>c::<.cctor>b__8_0@0] ProcessID-10588-,2025-10-31 13:19:31.885 [24] [GlobalManager::HandleCmd] Receive:SaveSolution

2025-10-31 13:19:32.284 INFO  [17] [VM.GlobalScript.LogHelper+<>c::<.cctor>b__8_0@0] ProcessID-10588-,2025-10-31 13:19:31.885 [24] [UserGlobalScriptManger::SaveSolutionByMap] save solution byte len:3713

2025-10-31 13:19:32.295 INFO  [17] [VM.GlobalScript.LogHelper+<>c::<.cctor>b__8_0@0] ProcessID-10588-,2025-10-31 13:19:31.885 [24] [GlobalManager::HandleCmd] Receive end:SaveSolution

2025-11-14 15:38:07.347 INFO  [96] [VM.GlobalScript.LogHelper+<>c::<.cctor>b__8_0@0] ProcessID-2964-,2025-11-14 15:38:06.331 [1] [GlobalScript::Init]  ====================================================V4.3.0 GlobalScript Start Print Log====================================================

2025-11-14 15:38:11.401 INFO  [96] [VM.GlobalScript.LogHelper+<>c::<.cctor>b__8_0@0] ProcessID-2964-,2025-11-14 15:38:11.354 [7] [GlobalManager::objLoadDefaultScriptTime_Elapsed] Load default globalScript begin

2025-11-14 15:38:11.401 INFO  [96] [VM.GlobalScript.LogHelper+<>c::<.cctor>b__8_0@0] ProcessID-2964-,2025-11-14 15:38:11.354 [7] [UserGlobalScriptManger::compileGlobalScript] Compile begin

2025-11-14 15:38:12.417 INFO  [96] [VM.GlobalScript.LogHelper+<>c::<.cctor>b__8_0@0] ProcessID-2964-,2025-11-14 15:38:11.620 [7] [UserGlobalScriptSupport::CompileCode] 2025-11-14 15:38:11:620 : Compile complete -- 0 Errors, 0 Warnings 


2025-11-14 15:38:12.417 INFO  [96] [VM.GlobalScript.LogHelper+<>c::<.cctor>b__8_0@0] ProcessID-2964-,2025-11-14 15:38:11.714 [7] [UserGlobalScriptManger::updateBackFile] Update BackFile end

2025-11-14 15:38:12.417 INFO  [96] [VM.GlobalScript.LogHelper+<>c::<.cctor>b__8_0@0] ProcessID-2964-,2025-11-14 15:38:11.714 [7] [UserGlobalScriptManger::compileGlobalScript] Compile end

2025-11-14 15:38:12.417 INFO  [96] [VM.GlobalScript.LogHelper+<>c::<.cctor>b__8_0@0] ProcessID-2964-,2025-11-14 15:38:11.714 [7] [GlobalManager::objLoadDefaultScriptTime_Elapsed] Load default globalScript end

2025-11-18 17:22:53.753 INFO  [65] [VM.GlobalScript.LogHelper+<>c::<.cctor>b__8_0@0] ProcessID-10688-,2025-11-18 17:22:53.753 [1] [GlobalScript::Init]  ====================================================V4.3.0 GlobalScript Start Print Log====================================================

2025-11-18 17:22:58.862 INFO  [65] [VM.GlobalScript.LogHelper+<>c::<.cctor>b__8_0@0] ProcessID-10688-,2025-11-18 17:22:58.769 [6] [GlobalManager::objLoadDefaultScriptTime_Elapsed] Load default globalScript begin

2025-11-18 17:22:58.862 INFO  [65] [VM.GlobalScript.LogHelper+<>c::<.cctor>b__8_0@0] ProcessID-10688-,2025-11-18 17:22:58.769 [6] [UserGlobalScriptManger::compileGlobalScript] Compile begin

2025-11-18 17:22:59.878 INFO  [65] [VM.GlobalScript.LogHelper+<>c::<.cctor>b__8_0@0] ProcessID-10688-,2025-11-18 17:22:59.034 [6] [UserGlobalScriptSupport::CompileCode] 2025-11-18 17:22:59:034 : Compile complete -- 0 Errors, 0 Warnings 


2025-11-18 17:22:59.878 INFO  [65] [VM.GlobalScript.LogHelper+<>c::<.cctor>b__8_0@0] ProcessID-10688-,2025-11-18 17:22:59.128 [6] [UserGlobalScriptManger::updateBackFile] Update BackFile end

2025-11-18 17:22:59.878 INFO  [65] [VM.GlobalScript.LogHelper+<>c::<.cctor>b__8_0@0] ProcessID-10688-,2025-11-18 17:22:59.128 [6] [UserGlobalScriptManger::compileGlobalScript] Compile end

2025-11-18 17:22:59.878 INFO  [65] [VM.GlobalScript.LogHelper+<>c::<.cctor>b__8_0@0] ProcessID-10688-,2025-11-18 17:22:59.128 [6] [GlobalManager::objLoadDefaultScriptTime_Elapsed] Load default globalScript end

2025-11-18 18:34:40.372 INFO  [37] [VM.GlobalScript.LogHelper+<>c::<.cctor>b__8_0@0] ProcessID-10864-,2025-11-18 18:34:39.370 [1] [GlobalScript::Init]  ====================================================V4.3.0 GlobalScript Start Print Log====================================================

2025-11-18 18:34:45.383 INFO  [37] [VM.GlobalScript.LogHelper+<>c::<.cctor>b__8_0@0] ProcessID-10864-,2025-11-18 18:34:44.405 [3] [GlobalManager::objLoadDefaultScriptTime_Elapsed] Load default globalScript begin

2025-11-18 18:34:45.383 INFO  [37] [VM.GlobalScript.LogHelper+<>c::<.cctor>b__8_0@0] ProcessID-10864-,2025-11-18 18:34:44.410 [3] [UserGlobalScriptManger::compileGlobalScript] Compile begin

2025-11-18 18:34:45.383 INFO  [37] [VM.GlobalScript.LogHelper+<>c::<.cctor>b__8_0@0] ProcessID-10864-,2025-11-18 18:34:44.597 [3] [UserGlobalScriptSupport::CompileCode] 2025-11-18 18:34:44:597 : Compile complete -- 0 Errors, 0 Warnings 


2025-11-18 18:34:45.384 INFO  [37] [VM.GlobalScript.LogHelper+<>c::<.cctor>b__8_0@0] ProcessID-10864-,2025-11-18 18:34:44.685 [3] [UserGlobalScriptManger::updateBackFile] Update BackFile end

2025-11-18 18:34:45.384 INFO  [37] [VM.GlobalScript.LogHelper+<>c::<.cctor>b__8_0@0] ProcessID-10864-,2025-11-18 18:34:44.685 [3] [UserGlobalScriptManger::compileGlobalScript] Compile end

2025-11-18 18:34:45.384 INFO  [37] [VM.GlobalScript.LogHelper+<>c::<.cctor>b__8_0@0] ProcessID-10864-,2025-11-18 18:34:44.685 [3] [GlobalManager::objLoadDefaultScriptTime_Elapsed] Load default globalScript end

2025-11-18 18:38:07.869 INFO  [37] [VM.GlobalScript.LogHelper+<>c::<.cctor>b__8_0@0] ProcessID-15680-,2025-11-18 18:38:06.852 [1] [GlobalScript::Init]  ====================================================V4.3.0 GlobalScript Start Print Log====================================================

2025-11-18 18:38:12.881 INFO  [37] [VM.GlobalScript.LogHelper+<>c::<.cctor>b__8_0@0] ProcessID-15680-,2025-11-18 18:38:11.905 [3] [GlobalManager::objLoadDefaultScriptTime_Elapsed] Load default globalScript begin

2025-11-18 18:38:12.881 INFO  [37] [VM.GlobalScript.LogHelper+<>c::<.cctor>b__8_0@0] ProcessID-15680-,2025-11-18 18:38:11.915 [3] [UserGlobalScriptManger::compileGlobalScript] Compile begin

2025-11-18 18:38:12.881 INFO  [37] [VM.GlobalScript.LogHelper+<>c::<.cctor>b__8_0@0] ProcessID-15680-,2025-11-18 18:38:12.099 [3] [UserGlobalScriptSupport::CompileCode] 2025-11-18 18:38:12:099 : Compile complete -- 0 Errors, 0 Warnings 


2025-11-18 18:38:12.881 INFO  [37] [VM.GlobalScript.LogHelper+<>c::<.cctor>b__8_0@0] ProcessID-15680-,2025-11-18 18:38:12.175 [3] [UserGlobalScriptManger::updateBackFile] Update BackFile end

2025-11-18 18:38:12.881 INFO  [37] [VM.GlobalScript.LogHelper+<>c::<.cctor>b__8_0@0] ProcessID-15680-,2025-11-18 18:38:12.175 [3] [UserGlobalScriptManger::compileGlobalScript] Compile end

2025-11-18 18:38:12.882 INFO  [37] [VM.GlobalScript.LogHelper+<>c::<.cctor>b__8_0@0] ProcessID-15680-,2025-11-18 18:38:12.177 [3] [GlobalManager::objLoadDefaultScriptTime_Elapsed] Load default globalScript end

2025-11-18 18:38:49.106 INFO  [30] [VM.GlobalScript.LogHelper+<>c::<.cctor>b__8_0@0] ProcessID-14736-,2025-11-18 18:38:48.104 [1] [GlobalScript::Init]  ====================================================V4.3.0 GlobalScript Start Print Log====================================================

2025-11-18 18:38:54.127 INFO  [30] [VM.GlobalScript.LogHelper+<>c::<.cctor>b__8_0@0] ProcessID-14736-,2025-11-18 18:38:53.139 [4] [GlobalManager::objLoadDefaultScriptTime_Elapsed] Load default globalScript begin

2025-11-18 18:38:54.127 INFO  [30] [VM.GlobalScript.LogHelper+<>c::<.cctor>b__8_0@0] ProcessID-14736-,2025-11-18 18:38:53.147 [4] [UserGlobalScriptManger::compileGlobalScript] Compile begin

2025-11-18 18:38:54.127 INFO  [30] [VM.GlobalScript.LogHelper+<>c::<.cctor>b__8_0@0] ProcessID-14736-,2025-11-18 18:38:53.317 [4] [UserGlobalScriptSupport::CompileCode] 2025-11-18 18:38:53:317 : Compile complete -- 0 Errors, 0 Warnings 


2025-11-18 18:38:54.128 INFO  [30] [VM.GlobalScript.LogHelper+<>c::<.cctor>b__8_0@0] ProcessID-14736-,2025-11-18 18:38:53.393 [4] [UserGlobalScriptManger::updateBackFile] Update BackFile end

2025-11-18 18:38:54.128 INFO  [30] [VM.GlobalScript.LogHelper+<>c::<.cctor>b__8_0@0] ProcessID-14736-,2025-11-18 18:38:53.394 [4] [UserGlobalScriptManger::compileGlobalScript] Compile end

2025-11-18 18:38:54.128 INFO  [30] [VM.GlobalScript.LogHelper+<>c::<.cctor>b__8_0@0] ProcessID-14736-,2025-11-18 18:38:53.394 [4] [GlobalManager::objLoadDefaultScriptTime_Elapsed] Load default globalScript end

2025-11-18 19:28:03.240 INFO  [18] [VM.GlobalScript.LogHelper+<>c::<.cctor>b__8_0@0] ProcessID-15392-,2025-11-18 19:28:03.225 [11] [GlobalScript::Init]  ====================================================V4.3.0 GlobalScript Start Print Log====================================================

2025-11-18 19:28:04.255 INFO  [18] [VM.GlobalScript.LogHelper+<>c::<.cctor>b__8_0@0] ProcessID-15392-,2025-11-18 19:28:03.971 [21] [GlobalManager::HandleCmd] Receive:CloseScript

2025-11-18 19:28:04.255 INFO  [18] [VM.GlobalScript.LogHelper+<>c::<.cctor>b__8_0@0] ProcessID-15392-,2025-11-18 19:28:03.971 [21] [GlobalManager::HandleCmd] Receive end:CloseScript

2025-11-18 19:28:06.292 INFO  [18] [VM.GlobalScript.LogHelper+<>c::<.cctor>b__8_0@0] ProcessID-15392-,2025-11-18 19:28:05.428 [21] [GlobalManager::HandleCmd] Receive:LoadSolution

2025-11-18 19:28:06.292 INFO  [18] [VM.GlobalScript.LogHelper+<>c::<.cctor>b__8_0@0] ProcessID-15392-,2025-11-18 19:28:05.619 [21] [GlobalManager::HandleCmd] Receive end:LoadSolution

2025-11-18 19:28:06.292 INFO  [18] [VM.GlobalScript.LogHelper+<>c::<.cctor>b__8_0@0] ProcessID-15392-,2025-11-18 19:28:05.623 [3] [UserGlobalScriptManger::compileGlobalScript] Compile begin

2025-11-18 19:28:06.292 INFO  [18] [VM.GlobalScript.LogHelper+<>c::<.cctor>b__8_0@0] ProcessID-15392-,2025-11-18 19:28:05.804 [3] [UserGlobalScriptSupport::CompileCode] 2025-11-18 19:28:05:804 : Compile complete -- 0 Errors, 0 Warnings 


2025-11-18 19:28:06.292 INFO  [18] [VM.GlobalScript.LogHelper+<>c::<.cctor>b__8_0@0] ProcessID-15392-,2025-11-18 19:28:05.821 [3] [UserGlobalScriptManger::updateBackFile] Update BackFile end

2025-11-18 19:28:06.306 INFO  [18] [VM.GlobalScript.LogHelper+<>c::<.cctor>b__8_0@0] ProcessID-15392-,2025-11-18 19:28:05.822 [3] [UserGlobalScriptManger::compileGlobalScript] Compile end

2025-11-18 19:28:11.356 INFO  [18] [VM.GlobalScript.LogHelper+<>c::<.cctor>b__8_0@0] ProcessID-15392-,2025-11-18 19:28:10.511 [21] [GlobalManager::HandleCmd] Receive:LoadSolutionEnd

2025-11-18 19:28:11.356 INFO  [18] [VM.GlobalScript.LogHelper+<>c::<.cctor>b__8_0@0] ProcessID-15392-,2025-11-18 19:28:10.511 [21] [GlobalManager::HandleCmd] Receive end:LoadSolutionEnd

2025-11-18 19:28:11.356 INFO  [18] [VM.GlobalScript.LogHelper+<>c::<.cctor>b__8_0@0] ProcessID-15392-,2025-11-18 19:28:10.511 [3] [UserGlobalScriptManger::loadInitAction] ExecuteLoadInit start

2025-11-18 19:38:55.064 INFO  [13] [VM.GlobalScript.LogHelper+<>c::<.cctor>b__8_0@0] ProcessID-14252-,2025-11-18 19:38:54.039 [7] [GlobalScript::Init]  ====================================================V4.3.0 GlobalScript Start Print Log====================================================

2025-11-18 19:38:55.064 INFO  [13] [VM.GlobalScript.LogHelper+<>c::<.cctor>b__8_0@0] ProcessID-14252-,2025-11-18 19:38:54.552 [16] [GlobalManager::HandleCmd] Receive:CloseScript

2025-11-18 19:38:55.064 INFO  [13] [VM.GlobalScript.LogHelper+<>c::<.cctor>b__8_0@0] ProcessID-14252-,2025-11-18 19:38:54.557 [16] [GlobalManager::HandleCmd] Receive end:CloseScript

2025-11-18 19:38:57.087 INFO  [13] [VM.GlobalScript.LogHelper+<>c::<.cctor>b__8_0@0] ProcessID-14252-,2025-11-18 19:38:56.353 [16] [GlobalManager::HandleCmd] Receive:LoadSolution

2025-11-18 19:38:57.087 INFO  [13] [VM.GlobalScript.LogHelper+<>c::<.cctor>b__8_0@0] ProcessID-14252-,2025-11-18 19:38:56.530 [16] [GlobalManager::HandleCmd] Receive end:LoadSolution

2025-11-18 19:38:57.087 INFO  [13] [VM.GlobalScript.LogHelper+<>c::<.cctor>b__8_0@0] ProcessID-14252-,2025-11-18 19:38:56.569 [37] [UserGlobalScriptManger::compileGlobalScript] Compile begin

2025-11-18 19:38:57.087 INFO  [13] [VM.GlobalScript.LogHelper+<>c::<.cctor>b__8_0@0] ProcessID-14252-,2025-11-18 19:38:56.724 [37] [UserGlobalScriptSupport::CompileCode] 2025-11-18 19:38:56:724 : Compile complete -- 0 Errors, 0 Warnings 


2025-11-18 19:38:57.087 INFO  [13] [VM.GlobalScript.LogHelper+<>c::<.cctor>b__8_0@0] ProcessID-14252-,2025-11-18 19:38:56.738 [37] [UserGlobalScriptManger::updateBackFile] Update BackFile end

2025-11-18 19:38:57.087 INFO  [13] [VM.GlobalScript.LogHelper+<>c::<.cctor>b__8_0@0] ProcessID-14252-,2025-11-18 19:38:56.738 [37] [UserGlobalScriptManger::compileGlobalScript] Compile end

2025-11-18 19:39:10.020 INFO  [13] [VM.GlobalScript.LogHelper+<>c::<.cctor>b__8_0@0] ProcessID-14252-,2025-11-18 19:39:01.388 [16] [GlobalManager::HandleCmd] Receive:LoadSolutionEnd

2025-11-18 19:39:10.020 INFO  [13] [VM.GlobalScript.LogHelper+<>c::<.cctor>b__8_0@0] ProcessID-14252-,2025-11-18 19:39:01.388 [16] [GlobalManager::HandleCmd] Receive end:LoadSolutionEnd

2025-11-18 19:39:10.020 INFO  [13] [VM.GlobalScript.LogHelper+<>c::<.cctor>b__8_0@0] ProcessID-14252-,2025-11-18 19:39:01.388 [3] [UserGlobalScriptManger::loadInitAction] ExecuteLoadInit start

2025-11-18 19:54:51.381 INFO  [17] [VM.GlobalScript.LogHelper+<>c::<.cctor>b__8_0@0] ProcessID-2340-,2025-11-18 19:54:50.372 [11] [GlobalScript::Init]  ====================================================V4.3.0 GlobalScript Start Print Log====================================================

2025-11-18 19:54:51.381 INFO  [17] [VM.GlobalScript.LogHelper+<>c::<.cctor>b__8_0@0] ProcessID-2340-,2025-11-18 19:54:51.056 [21] [GlobalManager::HandleCmd] Receive:CloseScript

2025-11-18 19:54:51.381 INFO  [17] [VM.GlobalScript.LogHelper+<>c::<.cctor>b__8_0@0] ProcessID-2340-,2025-11-18 19:54:51.058 [21] [GlobalManager::HandleCmd] Receive end:CloseScript

2025-11-18 19:54:53.402 INFO  [17] [VM.GlobalScript.LogHelper+<>c::<.cctor>b__8_0@0] ProcessID-2340-,2025-11-18 19:54:52.553 [21] [GlobalManager::HandleCmd] Receive:LoadSolution

2025-11-18 19:54:53.402 INFO  [17] [VM.GlobalScript.LogHelper+<>c::<.cctor>b__8_0@0] ProcessID-2340-,2025-11-18 19:54:52.723 [21] [GlobalManager::HandleCmd] Receive end:LoadSolution

2025-11-18 19:54:53.402 INFO  [17] [VM.GlobalScript.LogHelper+<>c::<.cctor>b__8_0@0] ProcessID-2340-,2025-11-18 19:54:52.759 [3] [UserGlobalScriptManger::compileGlobalScript] Compile begin

2025-11-18 19:54:53.402 INFO  [17] [VM.GlobalScript.LogHelper+<>c::<.cctor>b__8_0@0] ProcessID-2340-,2025-11-18 19:54:52.919 [3] [UserGlobalScriptSupport::CompileCode] 2025-11-18 19:54:52:919 : Compile complete -- 0 Errors, 0 Warnings 


2025-11-18 19:54:53.403 INFO  [17] [VM.GlobalScript.LogHelper+<>c::<.cctor>b__8_0@0] ProcessID-2340-,2025-11-18 19:54:52.938 [3] [UserGlobalScriptManger::updateBackFile] Update BackFile end

2025-11-18 19:54:53.403 INFO  [17] [VM.GlobalScript.LogHelper+<>c::<.cctor>b__8_0@0] ProcessID-2340-,2025-11-18 19:54:52.938 [3] [UserGlobalScriptManger::compileGlobalScript] Compile end

2025-11-18 19:54:58.412 INFO  [17] [VM.GlobalScript.LogHelper+<>c::<.cctor>b__8_0@0] ProcessID-2340-,2025-11-18 19:54:57.684 [21] [GlobalManager::HandleCmd] Receive:LoadSolutionEnd

2025-11-18 19:54:58.412 INFO  [17] [VM.GlobalScript.LogHelper+<>c::<.cctor>b__8_0@0] ProcessID-2340-,2025-11-18 19:54:57.684 [21] [GlobalManager::HandleCmd] Receive end:LoadSolutionEnd

2025-11-18 19:54:58.412 INFO  [17] [VM.GlobalScript.LogHelper+<>c::<.cctor>b__8_0@0] ProcessID-2340-,2025-11-18 19:54:57.685 [3] [UserGlobalScriptManger::loadInitAction] ExecuteLoadInit start

2025-11-18 19:57:24.645 INFO  [17] [VM.GlobalScript.LogHelper+<>c::<.cctor>b__8_0@0] ProcessID-2340-,2025-11-18 19:57:24.264 [21] [GlobalManager::HandleCmd] Receive:SaveSolution

2025-11-18 19:57:24.645 INFO  [17] [VM.GlobalScript.LogHelper+<>c::<.cctor>b__8_0@0] ProcessID-2340-,2025-11-18 19:57:24.266 [21] [UserGlobalScriptManger::SaveSolutionByMap] save solution byte len:3713

2025-11-18 19:57:24.645 INFO  [17] [VM.GlobalScript.LogHelper+<>c::<.cctor>b__8_0@0] ProcessID-2340-,2025-11-18 19:57:24.267 [21] [GlobalManager::HandleCmd] Receive end:SaveSolution

2025-11-18 19:57:24.646 INFO  [17] [VM.GlobalScript.LogHelper+<>c::<.cctor>b__8_0@0] ProcessID-2340-,2025-11-18 19:57:24.267 [21] [GlobalManager::HandleCmd] Receive:SaveSolution

2025-11-18 19:57:24.646 INFO  [17] [VM.GlobalScript.LogHelper+<>c::<.cctor>b__8_0@0] ProcessID-2340-,2025-11-18 19:57:24.267 [21] [UserGlobalScriptManger::SaveSolutionByMap] save solution byte len:3713

2025-11-18 19:57:24.646 INFO  [17] [VM.GlobalScript.LogHelper+<>c::<.cctor>b__8_0@0] ProcessID-2340-,2025-11-18 19:57:24.267 [21] [GlobalManager::HandleCmd] Receive end:SaveSolution

2025-11-18 20:08:14.889 INFO  [18] [VM.GlobalScript.LogHelper+<>c::<.cctor>b__8_0@0] ProcessID-13112-,2025-11-18 20:08:13.880 [11] [GlobalScript::Init]  ====================================================V4.3.0 GlobalScript Start Print Log====================================================

2025-11-18 20:08:14.889 INFO  [18] [VM.GlobalScript.LogHelper+<>c::<.cctor>b__8_0@0] ProcessID-13112-,2025-11-18 20:08:14.497 [21] [GlobalManager::HandleCmd] Receive:CloseScript

2025-11-18 20:08:14.889 INFO  [18] [VM.GlobalScript.LogHelper+<>c::<.cctor>b__8_0@0] ProcessID-13112-,2025-11-18 20:08:14.499 [21] [GlobalManager::HandleCmd] Receive end:CloseScript

2025-11-18 20:08:15.909 INFO  [18] [VM.GlobalScript.LogHelper+<>c::<.cctor>b__8_0@0] ProcessID-13112-,2025-11-18 20:08:15.844 [21] [GlobalManager::HandleCmd] Receive:LoadSolution

2025-11-18 20:08:16.911 INFO  [18] [VM.GlobalScript.LogHelper+<>c::<.cctor>b__8_0@0] ProcessID-13112-,2025-11-18 20:08:16.047 [21] [GlobalManager::HandleCmd] Receive end:LoadSolution

2025-11-18 20:08:16.911 INFO  [18] [VM.GlobalScript.LogHelper+<>c::<.cctor>b__8_0@0] ProcessID-13112-,2025-11-18 20:08:16.072 [3] [UserGlobalScriptManger::compileGlobalScript] Compile begin

2025-11-18 20:08:16.912 INFO  [18] [VM.GlobalScript.LogHelper+<>c::<.cctor>b__8_0@0] ProcessID-13112-,2025-11-18 20:08:16.226 [3] [UserGlobalScriptSupport::CompileCode] 2025-11-18 20:08:16:226 : Compile complete -- 0 Errors, 0 Warnings 


2025-11-18 20:08:16.912 INFO  [18] [VM.GlobalScript.LogHelper+<>c::<.cctor>b__8_0@0] ProcessID-13112-,2025-11-18 20:08:16.241 [3] [UserGlobalScriptManger::updateBackFile] Update BackFile end

2025-11-18 20:08:16.912 INFO  [18] [VM.GlobalScript.LogHelper+<>c::<.cctor>b__8_0@0] ProcessID-13112-,2025-11-18 20:08:16.241 [3] [UserGlobalScriptManger::compileGlobalScript] Compile end

2025-11-18 20:08:20.923 INFO  [18] [VM.GlobalScript.LogHelper+<>c::<.cctor>b__8_0@0] ProcessID-13112-,2025-11-18 20:08:20.891 [21] [GlobalManager::HandleCmd] Receive:LoadSolutionEnd

2025-11-18 20:08:20.924 INFO  [18] [VM.GlobalScript.LogHelper+<>c::<.cctor>b__8_0@0] ProcessID-13112-,2025-11-18 20:08:20.892 [21] [GlobalManager::HandleCmd] Receive end:LoadSolutionEnd

2025-11-18 20:08:20.925 INFO  [18] [VM.GlobalScript.LogHelper+<>c::<.cctor>b__8_0@0] ProcessID-13112-,2025-11-18 20:08:20.892 [3] [UserGlobalScriptManger::loadInitAction] ExecuteLoadInit start

2025-11-18 20:17:17.064 INFO  [17] [VM.GlobalScript.LogHelper+<>c::<.cctor>b__8_0@0] ProcessID-7260-,2025-11-18 20:17:16.041 [11] [GlobalScript::Init]  ====================================================V4.3.0 GlobalScript Start Print Log====================================================

2025-11-18 20:17:17.072 INFO  [17] [VM.GlobalScript.LogHelper+<>c::<.cctor>b__8_0@0] ProcessID-7260-,2025-11-18 20:17:16.549 [21] [GlobalManager::HandleCmd] Receive:CloseScript

2025-11-18 20:17:17.073 INFO  [17] [VM.GlobalScript.LogHelper+<>c::<.cctor>b__8_0@0] ProcessID-7260-,2025-11-18 20:17:16.551 [21] [GlobalManager::HandleCmd] Receive end:CloseScript

2025-11-18 20:17:18.077 INFO  [17] [VM.GlobalScript.LogHelper+<>c::<.cctor>b__8_0@0] ProcessID-7260-,2025-11-18 20:17:17.417 [21] [GlobalManager::HandleCmd] Receive:LoadSolution

2025-11-18 20:17:18.077 INFO  [17] [VM.GlobalScript.LogHelper+<>c::<.cctor>b__8_0@0] ProcessID-7260-,2025-11-18 20:17:17.630 [21] [GlobalManager::HandleCmd] Receive end:LoadSolution

2025-11-18 20:17:18.077 INFO  [17] [VM.GlobalScript.LogHelper+<>c::<.cctor>b__8_0@0] ProcessID-7260-,2025-11-18 20:17:17.664 [3] [UserGlobalScriptManger::compileGlobalScript] Compile begin

2025-11-18 20:17:18.077 INFO  [17] [VM.GlobalScript.LogHelper+<>c::<.cctor>b__8_0@0] ProcessID-7260-,2025-11-18 20:17:17.830 [3] [UserGlobalScriptSupport::CompileCode] 2025-11-18 20:17:17:830 : Compile complete -- 0 Errors, 0 Warnings 


2025-11-18 20:17:18.077 INFO  [17] [VM.GlobalScript.LogHelper+<>c::<.cctor>b__8_0@0] ProcessID-7260-,2025-11-18 20:17:17.845 [3] [UserGlobalScriptManger::updateBackFile] Update BackFile end

2025-11-18 20:17:18.077 INFO  [17] [VM.GlobalScript.LogHelper+<>c::<.cctor>b__8_0@0] ProcessID-7260-,2025-11-18 20:17:17.845 [3] [UserGlobalScriptManger::compileGlobalScript] Compile end

2025-11-18 20:17:23.097 INFO  [17] [VM.GlobalScript.LogHelper+<>c::<.cctor>b__8_0@0] ProcessID-7260-,2025-11-18 20:17:22.481 [21] [GlobalManager::HandleCmd] Receive:LoadSolutionEnd

2025-11-18 20:17:23.098 INFO  [17] [VM.GlobalScript.LogHelper+<>c::<.cctor>b__8_0@0] ProcessID-7260-,2025-11-18 20:17:22.481 [21] [GlobalManager::HandleCmd] Receive end:LoadSolutionEnd

2025-11-18 20:17:23.099 INFO  [17] [VM.GlobalScript.LogHelper+<>c::<.cctor>b__8_0@0] ProcessID-7260-,2025-11-18 20:17:22.482 [3] [UserGlobalScriptManger::loadInitAction] ExecuteLoadInit start

2025-11-18 20:18:31.284 INFO  [17] [VM.GlobalScript.LogHelper+<>c::<.cctor>b__8_0@0] ProcessID-7260-,2025-11-18 20:18:31.058 [21] [GlobalManager::HandleCmd] Receive:SaveSolution

2025-11-18 20:18:31.284 INFO  [17] [VM.GlobalScript.LogHelper+<>c::<.cctor>b__8_0@0] ProcessID-7260-,2025-11-18 20:18:31.060 [21] [UserGlobalScriptManger::SaveSolutionByMap] save solution byte len:3713

2025-11-18 20:18:31.284 INFO  [17] [VM.GlobalScript.LogHelper+<>c::<.cctor>b__8_0@0] ProcessID-7260-,2025-11-18 20:18:31.060 [21] [GlobalManager::HandleCmd] Receive end:SaveSolution

2025-11-18 20:18:31.284 INFO  [17] [VM.GlobalScript.LogHelper+<>c::<.cctor>b__8_0@0] ProcessID-7260-,2025-11-18 20:18:31.060 [21] [GlobalManager::HandleCmd] Receive:SaveSolution

2025-11-18 20:18:31.284 INFO  [17] [VM.GlobalScript.LogHelper+<>c::<.cctor>b__8_0@0] ProcessID-7260-,2025-11-18 20:18:31.061 [21] [UserGlobalScriptManger::SaveSolutionByMap] save solution byte len:3713

2025-11-18 20:18:31.285 INFO  [17] [VM.GlobalScript.LogHelper+<>c::<.cctor>b__8_0@0] ProcessID-7260-,2025-11-18 20:18:31.061 [21] [GlobalManager::HandleCmd] Receive end:SaveSolution

2025-11-18 20:20:17.931 INFO  [17] [VM.GlobalScript.LogHelper+<>c::<.cctor>b__8_0@0] ProcessID-7260-,2025-11-18 20:20:17.009 [21] [GlobalManager::HandleCmd] Receive:SaveSolution

2025-11-18 20:20:17.931 INFO  [17] [VM.GlobalScript.LogHelper+<>c::<.cctor>b__8_0@0] ProcessID-7260-,2025-11-18 20:20:17.009 [21] [UserGlobalScriptManger::SaveSolutionByMap] save solution byte len:3713

2025-11-18 20:20:17.931 INFO  [17] [VM.GlobalScript.LogHelper+<>c::<.cctor>b__8_0@0] ProcessID-7260-,2025-11-18 20:20:17.010 [21] [GlobalManager::HandleCmd] Receive end:SaveSolution

2025-11-18 20:20:17.932 INFO  [17] [VM.GlobalScript.LogHelper+<>c::<.cctor>b__8_0@0] ProcessID-7260-,2025-11-18 20:20:17.010 [21] [GlobalManager::HandleCmd] Receive:SaveSolution

2025-11-18 20:20:17.932 INFO  [17] [VM.GlobalScript.LogHelper+<>c::<.cctor>b__8_0@0] ProcessID-7260-,2025-11-18 20:20:17.010 [21] [UserGlobalScriptManger::SaveSolutionByMap] save solution byte len:3713

2025-11-18 20:20:17.932 INFO  [17] [VM.GlobalScript.LogHelper+<>c::<.cctor>b__8_0@0] ProcessID-7260-,2025-11-18 20:20:17.010 [21] [GlobalManager::HandleCmd] Receive end:SaveSolution

2025-11-18 20:24:35.867 INFO  [17] [VM.GlobalScript.LogHelper+<>c::<.cctor>b__8_0@0] ProcessID-7856-,2025-11-18 20:24:34.825 [11] [GlobalScript::Init]  ====================================================V4.3.0 GlobalScript Start Print Log====================================================

2025-11-18 20:24:35.874 INFO  [17] [VM.GlobalScript.LogHelper+<>c::<.cctor>b__8_0@0] ProcessID-7856-,2025-11-18 20:24:35.523 [21] [GlobalManager::HandleCmd] Receive:CloseScript

2025-11-18 20:24:35.874 INFO  [17] [VM.GlobalScript.LogHelper+<>c::<.cctor>b__8_0@0] ProcessID-7856-,2025-11-18 20:24:35.525 [21] [GlobalManager::HandleCmd] Receive end:CloseScript

2025-11-18 20:24:37.889 INFO  [17] [VM.GlobalScript.LogHelper+<>c::<.cctor>b__8_0@0] ProcessID-7856-,2025-11-18 20:24:37.139 [21] [GlobalManager::HandleCmd] Receive:LoadSolution

2025-11-18 20:24:37.889 INFO  [17] [VM.GlobalScript.LogHelper+<>c::<.cctor>b__8_0@0] ProcessID-7856-,2025-11-18 20:24:37.358 [21] [GlobalManager::HandleCmd] Receive end:LoadSolution

2025-11-18 20:24:37.889 INFO  [17] [VM.GlobalScript.LogHelper+<>c::<.cctor>b__8_0@0] ProcessID-7856-,2025-11-18 20:24:37.374 [38] [UserGlobalScriptManger::compileGlobalScript] Compile begin

2025-11-18 20:24:37.889 INFO  [17] [VM.GlobalScript.LogHelper+<>c::<.cctor>b__8_0@0] ProcessID-7856-,2025-11-18 20:24:37.523 [38] [UserGlobalScriptSupport::CompileCode] 2025-11-18 20:24:37:523 : Compile complete -- 0 Errors, 0 Warnings 


2025-11-18 20:24:37.889 INFO  [17] [VM.GlobalScript.LogHelper+<>c::<.cctor>b__8_0@0] ProcessID-7856-,2025-11-18 20:24:37.541 [38] [UserGlobalScriptManger::updateBackFile] Update BackFile end

2025-11-18 20:24:37.889 INFO  [17] [VM.GlobalScript.LogHelper+<>c::<.cctor>b__8_0@0] ProcessID-7856-,2025-11-18 20:24:37.541 [38] [UserGlobalScriptManger::compileGlobalScript] Compile end

2025-11-18 20:24:42.899 INFO  [17] [VM.GlobalScript.LogHelper+<>c::<.cctor>b__8_0@0] ProcessID-7856-,2025-11-18 20:24:42.245 [21] [GlobalManager::HandleCmd] Receive:LoadSolutionEnd

2025-11-18 20:24:42.899 INFO  [17] [VM.GlobalScript.LogHelper+<>c::<.cctor>b__8_0@0] ProcessID-7856-,2025-11-18 20:24:42.245 [21] [GlobalManager::HandleCmd] Receive end:LoadSolutionEnd

2025-11-18 20:24:42.900 INFO  [17] [VM.GlobalScript.LogHelper+<>c::<.cctor>b__8_0@0] ProcessID-7856-,2025-11-18 20:24:42.245 [3] [UserGlobalScriptManger::loadInitAction] ExecuteLoadInit start

2025-11-18 20:38:31.654 INFO  [18] [VM.GlobalScript.LogHelper+<>c::<.cctor>b__8_0@0] ProcessID-7544-,2025-11-18 20:38:30.650 [11] [GlobalScript::Init]  ====================================================V4.3.0 GlobalScript Start Print Log====================================================

2025-11-18 20:38:31.654 INFO  [18] [VM.GlobalScript.LogHelper+<>c::<.cctor>b__8_0@0] ProcessID-7544-,2025-11-18 20:38:31.279 [19] [GlobalManager::HandleCmd] Receive:CloseScript

2025-11-18 20:38:31.654 INFO  [18] [VM.GlobalScript.LogHelper+<>c::<.cctor>b__8_0@0] ProcessID-7544-,2025-11-18 20:38:31.279 [19] [GlobalManager::HandleCmd] Receive end:CloseScript

2025-11-18 20:38:32.665 INFO  [18] [VM.GlobalScript.LogHelper+<>c::<.cctor>b__8_0@0] ProcessID-7544-,2025-11-18 20:38:32.643 [19] [GlobalManager::HandleCmd] Receive:LoadSolution

2025-11-18 20:38:33.678 INFO  [18] [VM.GlobalScript.LogHelper+<>c::<.cctor>b__8_0@0] ProcessID-7544-,2025-11-18 20:38:32.858 [19] [GlobalManager::HandleCmd] Receive end:LoadSolution

2025-11-18 20:38:33.678 INFO  [18] [VM.GlobalScript.LogHelper+<>c::<.cctor>b__8_0@0] ProcessID-7544-,2025-11-18 20:38:32.867 [3] [UserGlobalScriptManger::compileGlobalScript] Compile begin

2025-11-18 20:38:33.678 INFO  [18] [VM.GlobalScript.LogHelper+<>c::<.cctor>b__8_0@0] ProcessID-7544-,2025-11-18 20:38:33.028 [3] [UserGlobalScriptSupport::CompileCode] 2025-11-18 20:38:33:028 : Compile complete -- 0 Errors, 0 Warnings 


2025-11-18 20:38:33.678 INFO  [18] [VM.GlobalScript.LogHelper+<>c::<.cctor>b__8_0@0] ProcessID-7544-,2025-11-18 20:38:33.043 [3] [UserGlobalScriptManger::updateBackFile] Update BackFile end

2025-11-18 20:38:33.678 INFO  [18] [VM.GlobalScript.LogHelper+<>c::<.cctor>b__8_0@0] ProcessID-7544-,2025-11-18 20:38:33.043 [3] [UserGlobalScriptManger::compileGlobalScript] Compile end

2025-11-18 20:38:38.687 INFO  [18] [VM.GlobalScript.LogHelper+<>c::<.cctor>b__8_0@0] ProcessID-7544-,2025-11-18 20:38:37.775 [19] [GlobalManager::HandleCmd] Receive:LoadSolutionEnd

2025-11-18 20:38:38.687 INFO  [18] [VM.GlobalScript.LogHelper+<>c::<.cctor>b__8_0@0] ProcessID-7544-,2025-11-18 20:38:37.775 [19] [GlobalManager::HandleCmd] Receive end:LoadSolutionEnd

2025-11-18 20:38:38.687 INFO  [18] [VM.GlobalScript.LogHelper+<>c::<.cctor>b__8_0@0] ProcessID-7544-,2025-11-18 20:38:37.775 [3] [UserGlobalScriptManger::loadInitAction] ExecuteLoadInit start

2025-11-18 20:40:09.850 INFO  [18] [VM.GlobalScript.LogHelper+<>c::<.cctor>b__8_0@0] ProcessID-7544-,2025-11-18 20:40:09.717 [19] [GlobalManager::HandleCmd] Receive:SaveSolution

2025-11-18 20:40:09.850 INFO  [18] [VM.GlobalScript.LogHelper+<>c::<.cctor>b__8_0@0] ProcessID-7544-,2025-11-18 20:40:09.720 [19] [UserGlobalScriptManger::SaveSolutionByMap] save solution byte len:3713

2025-11-18 20:40:09.850 INFO  [18] [VM.GlobalScript.LogHelper+<>c::<.cctor>b__8_0@0] ProcessID-7544-,2025-11-18 20:40:09.720 [19] [GlobalManager::HandleCmd] Receive end:SaveSolution

2025-11-18 20:40:09.850 INFO  [18] [VM.GlobalScript.LogHelper+<>c::<.cctor>b__8_0@0] ProcessID-7544-,2025-11-18 20:40:09.720 [19] [GlobalManager::HandleCmd] Receive:SaveSolution

2025-11-18 20:40:09.850 INFO  [18] [VM.GlobalScript.LogHelper+<>c::<.cctor>b__8_0@0] ProcessID-7544-,2025-11-18 20:40:09.720 [19] [UserGlobalScriptManger::SaveSolutionByMap] save solution byte len:3713

2025-11-18 20:40:09.851 INFO  [18] [VM.GlobalScript.LogHelper+<>c::<.cctor>b__8_0@0] ProcessID-7544-,2025-11-18 20:40:09.720 [19] [GlobalManager::HandleCmd] Receive end:SaveSolution

2025-11-19 14:02:22.545 INFO  [17] [VM.GlobalScript.LogHelper+<>c::<.cctor>b__8_0@0] ProcessID-10860-,2025-11-19 14:02:21.530 [5] [GlobalScript::Init]  ====================================================V4.3.0 GlobalScript Start Print Log====================================================

2025-11-19 14:02:27.639 INFO  [17] [VM.GlobalScript.LogHelper+<>c::<.cctor>b__8_0@0] ProcessID-10860-,2025-11-19 14:02:26.842 [6] [GlobalManager::objLoadDefaultScriptTime_Elapsed] Load default globalScript begin

2025-11-19 14:02:27.639 INFO  [17] [VM.GlobalScript.LogHelper+<>c::<.cctor>b__8_0@0] ProcessID-10860-,2025-11-19 14:02:27.061 [6] [UserGlobalScriptManger::compileGlobalScript] Compile begin

2025-11-19 14:02:27.639 INFO  [17] [VM.GlobalScript.LogHelper+<>c::<.cctor>b__8_0@0] ProcessID-10860-,2025-11-19 14:02:27.107 [18] [GlobalManager::HandleCmd] Receive:CloseScript

2025-11-19 14:02:27.639 INFO  [17] [VM.GlobalScript.LogHelper+<>c::<.cctor>b__8_0@0] ProcessID-10860-,2025-11-19 14:02:27.123 [18] [GlobalManager::HandleCmd] Receive end:CloseScript

2025-11-19 14:02:27.639 ERROR [17] [VM.GlobalScript.LogHelper+<>c::<.cctor>b__8_0@0] ProcessID-10860-,2025-11-19 14:02:27.123 [6] [RemoteLoader::Compile] compile is exception:System.NullReferenceException: 未将对象引用设置到对象的实例。
   在 VM.GlobalScript.Support.RemoteLoader.Compile(String source, ArrayList references, Boolean compileDebug, ArrayList& ResultInfo, DateTime& lastDateTime)

2025-11-19 14:02:27.639 INFO  [17] [VM.GlobalScript.LogHelper+<>c::<.cctor>b__8_0@0] ProcessID-10860-,2025-11-19 14:02:27.123 [6] [UserGlobalScriptSupport::CompileCode] 2025-11-19 14:02:27:123 : Compile complete -- 1 Errors, 0 Warnings 
Line:0 -- Error:编译错误：可能未正确添加引用集


2025-11-19 14:02:27.639 INFO  [17] [VM.GlobalScript.LogHelper+<>c::<.cctor>b__8_0@0] ProcessID-10860-,2025-11-19 14:02:27.123 [6] [UserGlobalScriptManger::compileGlobalScript] Compile end

2025-11-19 14:02:27.639 INFO  [17] [VM.GlobalScript.LogHelper+<>c::<.cctor>b__8_0@0] ProcessID-10860-,2025-11-19 14:02:27.123 [6] [GlobalManager::objLoadDefaultScriptTime_Elapsed] Load default globalScript end

2025-11-19 14:02:34.778 INFO  [17] [VM.GlobalScript.LogHelper+<>c::<.cctor>b__8_0@0] ProcessID-10860-,2025-11-19 14:02:34.387 [18] [GlobalManager::HandleCmd] Receive:LoadSolution

2025-11-19 14:02:34.778 INFO  [17] [VM.GlobalScript.LogHelper+<>c::<.cctor>b__8_0@0] ProcessID-10860-,2025-11-19 14:02:34.700 [18] [GlobalManager::HandleCmd] Receive end:LoadSolution

2025-11-19 14:02:34.778 INFO  [17] [VM.GlobalScript.LogHelper+<>c::<.cctor>b__8_0@0] ProcessID-10860-,2025-11-19 14:02:34.700 [32] [UserGlobalScriptManger::compileGlobalScript] Compile begin

2025-11-19 14:02:36.809 INFO  [17] [VM.GlobalScript.LogHelper+<>c::<.cctor>b__8_0@0] ProcessID-10860-,2025-11-19 14:02:35.856 [32] [UserGlobalScriptSupport::CompileCode] 2025-11-19 14:02:35:856 : Compile complete -- 0 Errors, 0 Warnings 


2025-11-19 14:02:36.809 INFO  [17] [VM.GlobalScript.LogHelper+<>c::<.cctor>b__8_0@0] ProcessID-10860-,2025-11-19 14:02:35.872 [32] [UserGlobalScriptManger::updateBackFile] Update BackFile end

2025-11-19 14:02:36.809 INFO  [17] [VM.GlobalScript.LogHelper+<>c::<.cctor>b__8_0@0] ProcessID-10860-,2025-11-19 14:02:35.872 [32] [UserGlobalScriptManger::compileGlobalScript] Compile end

2025-11-19 14:02:40.887 INFO  [17] [VM.GlobalScript.LogHelper+<>c::<.cctor>b__8_0@0] ProcessID-10860-,2025-11-19 14:02:39.871 [18] [GlobalManager::HandleCmd] Receive:LoadSolutionEnd

2025-11-19 14:02:40.887 INFO  [17] [VM.GlobalScript.LogHelper+<>c::<.cctor>b__8_0@0] ProcessID-10860-,2025-11-19 14:02:39.871 [18] [GlobalManager::HandleCmd] Receive end:LoadSolutionEnd

2025-11-19 14:02:40.887 INFO  [17] [VM.GlobalScript.LogHelper+<>c::<.cctor>b__8_0@0] ProcessID-10860-,2025-11-19 14:02:39.871 [6] [UserGlobalScriptManger::loadInitAction] ExecuteLoadInit start

2025-11-19 14:47:43.469 INFO  [17] [VM.GlobalScript.LogHelper+<>c::<.cctor>b__8_0@0] ProcessID-9840-,2025-11-19 14:47:42.454 [5] [GlobalScript::Init]  ====================================================V4.3.0 GlobalScript Start Print Log====================================================

2025-11-19 14:47:48.562 INFO  [17] [VM.GlobalScript.LogHelper+<>c::<.cctor>b__8_0@0] ProcessID-9840-,2025-11-19 14:47:47.625 [18] [GlobalManager::HandleCmd] Receive:CloseScript

2025-11-19 14:47:48.562 INFO  [17] [VM.GlobalScript.LogHelper+<>c::<.cctor>b__8_0@0] ProcessID-9840-,2025-11-19 14:47:47.625 [18] [GlobalManager::HandleCmd] Receive end:CloseScript

2025-11-19 14:47:48.562 INFO  [17] [VM.GlobalScript.LogHelper+<>c::<.cctor>b__8_0@0] ProcessID-9840-,2025-11-19 14:47:47.719 [6] [GlobalManager::objLoadDefaultScriptTime_Elapsed] Load default globalScript begin

2025-11-19 14:47:48.562 INFO  [17] [VM.GlobalScript.LogHelper+<>c::<.cctor>b__8_0@0] ProcessID-9840-,2025-11-19 14:47:47.875 [6] [UserGlobalScriptManger::compileGlobalScript] Compile begin

2025-11-19 14:47:52.796 INFO  [17] [VM.GlobalScript.LogHelper+<>c::<.cctor>b__8_0@0] ProcessID-9840-,2025-11-19 14:47:51.797 [6] [UserGlobalScriptSupport::CompileCode] 2025-11-19 14:47:51:797 : Compile complete -- 0 Errors, 0 Warnings 


2025-11-19 14:47:52.796 INFO  [17] [VM.GlobalScript.LogHelper+<>c::<.cctor>b__8_0@0] ProcessID-9840-,2025-11-19 14:47:51.890 [6] [UserGlobalScriptManger::updateBackFile] Update BackFile end

2025-11-19 14:47:52.796 INFO  [17] [VM.GlobalScript.LogHelper+<>c::<.cctor>b__8_0@0] ProcessID-9840-,2025-11-19 14:47:51.890 [6] [UserGlobalScriptManger::compileGlobalScript] Compile end

2025-11-19 14:47:52.796 INFO  [17] [VM.GlobalScript.LogHelper+<>c::<.cctor>b__8_0@0] ProcessID-9840-,2025-11-19 14:47:51.890 [6] [GlobalManager::objLoadDefaultScriptTime_Elapsed] Load default globalScript end

2025-11-19 14:47:55.856 INFO  [17] [VM.GlobalScript.LogHelper+<>c::<.cctor>b__8_0@0] ProcessID-9840-,2025-11-19 14:47:55.372 [18] [GlobalManager::HandleCmd] Receive:LoadSolution

2025-11-19 14:47:55.856 INFO  [17] [VM.GlobalScript.LogHelper+<>c::<.cctor>b__8_0@0] ProcessID-9840-,2025-11-19 14:47:55.481 [18] [GlobalManager::HandleCmd] Receive end:LoadSolution

2025-11-19 14:47:55.856 INFO  [17] [VM.GlobalScript.LogHelper+<>c::<.cctor>b__8_0@0] ProcessID-9840-,2025-11-19 14:47:55.481 [6] [UserGlobalScriptManger::compileGlobalScript] Compile begin

2025-11-19 14:47:56.887 INFO  [17] [VM.GlobalScript.LogHelper+<>c::<.cctor>b__8_0@0] ProcessID-9840-,2025-11-19 14:47:56.044 [6] [UserGlobalScriptSupport::CompileCode] 2025-11-19 14:47:56:044 : Compile complete -- 0 Errors, 0 Warnings 


2025-11-19 14:47:56.887 INFO  [17] [VM.GlobalScript.LogHelper+<>c::<.cctor>b__8_0@0] ProcessID-9840-,2025-11-19 14:47:56.044 [6] [UserGlobalScriptManger::updateBackFile] Update BackFile end

2025-11-19 14:47:56.887 INFO  [17] [VM.GlobalScript.LogHelper+<>c::<.cctor>b__8_0@0] ProcessID-9840-,2025-11-19 14:47:56.044 [6] [UserGlobalScriptManger::compileGlobalScript] Compile end

2025-11-19 14:48:00.949 INFO  [17] [VM.GlobalScript.LogHelper+<>c::<.cctor>b__8_0@0] ProcessID-9840-,2025-11-19 14:48:00.746 [18] [GlobalManager::HandleCmd] Receive:LoadSolutionEnd

2025-11-19 14:48:00.949 INFO  [17] [VM.GlobalScript.LogHelper+<>c::<.cctor>b__8_0@0] ProcessID-9840-,2025-11-19 14:48:00.746 [18] [GlobalManager::HandleCmd] Receive end:LoadSolutionEnd

2025-11-19 14:48:00.949 INFO  [17] [VM.GlobalScript.LogHelper+<>c::<.cctor>b__8_0@0] ProcessID-9840-,2025-11-19 14:48:00.746 [6] [UserGlobalScriptManger::loadInitAction] ExecuteLoadInit start

2025-11-20 10:58:25.719 INFO  [17] [VM.GlobalScript.LogHelper+<>c::<.cctor>b__8_0@0] ProcessID-9328-,2025-11-20 10:58:24.704 [5] [GlobalScript::Init]  ====================================================V4.3.0 GlobalScript Start Print Log====================================================

2025-11-20 10:58:30.859 INFO  [17] [VM.GlobalScript.LogHelper+<>c::<.cctor>b__8_0@0] ProcessID-9328-,2025-11-20 10:58:30.156 [18] [GlobalManager::HandleCmd] Receive:CloseScript

2025-11-20 10:58:30.859 INFO  [17] [VM.GlobalScript.LogHelper+<>c::<.cctor>b__8_0@0] ProcessID-9328-,2025-11-20 10:58:30.172 [18] [GlobalManager::HandleCmd] Receive end:CloseScript

2025-11-20 10:58:31.875 INFO  [17] [VM.GlobalScript.LogHelper+<>c::<.cctor>b__8_0@0] ProcessID-9328-,2025-11-20 10:58:31.531 [7] [GlobalManager::objLoadDefaultScriptTime_Elapsed] Load default globalScript begin

2025-11-20 10:58:31.875 INFO  [17] [VM.GlobalScript.LogHelper+<>c::<.cctor>b__8_0@0] ProcessID-9328-,2025-11-20 10:58:31.656 [7] [UserGlobalScriptManger::compileGlobalScript] Compile begin

2025-11-20 10:58:36.952 INFO  [17] [VM.GlobalScript.LogHelper+<>c::<.cctor>b__8_0@0] ProcessID-9328-,2025-11-20 10:58:36.265 [7] [UserGlobalScriptSupport::CompileCode] 2025-11-20 10:58:36:265 : Compile complete -- 0 Errors, 0 Warnings 


2025-11-20 10:58:36.952 INFO  [17] [VM.GlobalScript.LogHelper+<>c::<.cctor>b__8_0@0] ProcessID-9328-,2025-11-20 10:58:36.656 [7] [UserGlobalScriptManger::updateBackFile] Update BackFile end

2025-11-20 10:58:36.952 INFO  [17] [VM.GlobalScript.LogHelper+<>c::<.cctor>b__8_0@0] ProcessID-9328-,2025-11-20 10:58:36.656 [7] [UserGlobalScriptManger::compileGlobalScript] Compile end

2025-11-20 10:58:36.952 INFO  [17] [VM.GlobalScript.LogHelper+<>c::<.cctor>b__8_0@0] ProcessID-9328-,2025-11-20 10:58:36.656 [7] [GlobalManager::objLoadDefaultScriptTime_Elapsed] Load default globalScript end

2025-11-20 10:58:41.046 INFO  [17] [VM.GlobalScript.LogHelper+<>c::<.cctor>b__8_0@0] ProcessID-9328-,2025-11-20 10:58:40.062 [18] [GlobalManager::HandleCmd] Receive:LoadSolution

2025-11-20 10:58:41.046 INFO  [17] [VM.GlobalScript.LogHelper+<>c::<.cctor>b__8_0@0] ProcessID-9328-,2025-11-20 10:58:40.140 [18] [GlobalManager::HandleCmd] Receive end:LoadSolution

2025-11-20 10:58:41.046 INFO  [17] [VM.GlobalScript.LogHelper+<>c::<.cctor>b__8_0@0] ProcessID-9328-,2025-11-20 10:58:40.218 [14] [UserGlobalScriptManger::compileGlobalScript] Compile begin

2025-11-20 10:58:41.046 INFO  [17] [VM.GlobalScript.LogHelper+<>c::<.cctor>b__8_0@0] ProcessID-9328-,2025-11-20 10:58:40.827 [14] [UserGlobalScriptSupport::CompileCode] 2025-11-20 10:58:40:827 : Compile complete -- 0 Errors, 0 Warnings 


2025-11-20 10:58:41.046 INFO  [17] [VM.GlobalScript.LogHelper+<>c::<.cctor>b__8_0@0] ProcessID-9328-,2025-11-20 10:58:40.827 [14] [UserGlobalScriptManger::updateBackFile] Update BackFile end

2025-11-20 10:58:41.046 INFO  [17] [VM.GlobalScript.LogHelper+<>c::<.cctor>b__8_0@0] ProcessID-9328-,2025-11-20 10:58:40.827 [14] [UserGlobalScriptManger::compileGlobalScript] Compile end

2025-11-20 10:58:46.160 INFO  [17] [VM.GlobalScript.LogHelper+<>c::<.cctor>b__8_0@0] ProcessID-9328-,2025-11-20 10:58:45.519 [18] [GlobalManager::HandleCmd] Receive:LoadSolutionEnd

2025-11-20 10:58:46.160 INFO  [17] [VM.GlobalScript.LogHelper+<>c::<.cctor>b__8_0@0] ProcessID-9328-,2025-11-20 10:58:45.519 [18] [GlobalManager::HandleCmd] Receive end:LoadSolutionEnd

2025-11-20 10:58:46.160 INFO  [17] [VM.GlobalScript.LogHelper+<>c::<.cctor>b__8_0@0] ProcessID-9328-,2025-11-20 10:58:45.519 [6] [UserGlobalScriptManger::loadInitAction] ExecuteLoadInit start

2025-11-21 20:34:13.502 INFO  [17] [VM.GlobalScript.LogHelper+<>c::<.cctor>b__8_0@0] ProcessID-6760-,2025-11-21 20:34:13.502 [5] [GlobalScript::Init]  ====================================================V4.3.0 GlobalScript Start Print Log====================================================

2025-11-21 20:34:18.595 INFO  [17] [VM.GlobalScript.LogHelper+<>c::<.cctor>b__8_0@0] ProcessID-6760-,2025-11-21 20:34:18.205 [21] [GlobalManager::HandleCmd] Receive:CloseScript

2025-11-21 20:34:18.595 INFO  [17] [VM.GlobalScript.LogHelper+<>c::<.cctor>b__8_0@0] ProcessID-6760-,2025-11-21 20:34:18.205 [21] [GlobalManager::HandleCmd] Receive end:CloseScript

2025-11-21 20:34:19.611 INFO  [17] [VM.GlobalScript.LogHelper+<>c::<.cctor>b__8_0@0] ProcessID-6760-,2025-11-21 20:34:18.752 [6] [GlobalManager::objLoadDefaultScriptTime_Elapsed] Load default globalScript begin

2025-11-21 20:34:19.611 INFO  [17] [VM.GlobalScript.LogHelper+<>c::<.cctor>b__8_0@0] ProcessID-6760-,2025-11-21 20:34:18.970 [6] [UserGlobalScriptManger::compileGlobalScript] Compile begin

2025-11-21 20:34:24.928 INFO  [17] [VM.GlobalScript.LogHelper+<>c::<.cctor>b__8_0@0] ProcessID-6760-,2025-11-21 20:34:23.923 [6] [UserGlobalScriptSupport::CompileCode] 2025-11-21 20:34:23:923 : Compile complete -- 0 Errors, 0 Warnings 


2025-11-21 20:34:24.928 INFO  [17] [VM.GlobalScript.LogHelper+<>c::<.cctor>b__8_0@0] ProcessID-6760-,2025-11-21 20:34:24.064 [6] [UserGlobalScriptManger::updateBackFile] Update BackFile end

2025-11-21 20:34:24.928 INFO  [17] [VM.GlobalScript.LogHelper+<>c::<.cctor>b__8_0@0] ProcessID-6760-,2025-11-21 20:34:24.064 [6] [UserGlobalScriptManger::compileGlobalScript] Compile end

2025-11-21 20:34:24.928 INFO  [17] [VM.GlobalScript.LogHelper+<>c::<.cctor>b__8_0@0] ProcessID-6760-,2025-11-21 20:34:24.064 [6] [GlobalManager::objLoadDefaultScriptTime_Elapsed] Load default globalScript end

2025-11-21 20:34:27.975 INFO  [17] [VM.GlobalScript.LogHelper+<>c::<.cctor>b__8_0@0] ProcessID-6760-,2025-11-21 20:34:27.397 [21] [GlobalManager::HandleCmd] Receive:LoadSolution

2025-11-21 20:34:27.975 INFO  [17] [VM.GlobalScript.LogHelper+<>c::<.cctor>b__8_0@0] ProcessID-6760-,2025-11-21 20:34:27.475 [21] [GlobalManager::HandleCmd] Receive end:LoadSolution

2025-11-21 20:34:27.975 INFO  [17] [VM.GlobalScript.LogHelper+<>c::<.cctor>b__8_0@0] ProcessID-6760-,2025-11-21 20:34:27.475 [32] [UserGlobalScriptManger::compileGlobalScript] Compile begin

2025-11-21 20:34:27.975 INFO  [17] [VM.GlobalScript.LogHelper+<>c::<.cctor>b__8_0@0] ProcessID-6760-,2025-11-21 20:34:27.756 [32] [UserGlobalScriptSupport::CompileCode] 2025-11-21 20:34:27:756 : Compile complete -- 0 Errors, 0 Warnings 


2025-11-21 20:34:27.975 INFO  [17] [VM.GlobalScript.LogHelper+<>c::<.cctor>b__8_0@0] ProcessID-6760-,2025-11-21 20:34:27.756 [32] [UserGlobalScriptManger::updateBackFile] Update BackFile end

2025-11-21 20:34:27.975 INFO  [17] [VM.GlobalScript.LogHelper+<>c::<.cctor>b__8_0@0] ProcessID-6760-,2025-11-21 20:34:27.756 [32] [UserGlobalScriptManger::compileGlobalScript] Compile end

2025-11-21 20:34:33.052 INFO  [17] [VM.GlobalScript.LogHelper+<>c::<.cctor>b__8_0@0] ProcessID-6760-,2025-11-21 20:34:32.787 [21] [GlobalManager::HandleCmd] Receive:LoadSolutionEnd

2025-11-21 20:34:33.052 INFO  [17] [VM.GlobalScript.LogHelper+<>c::<.cctor>b__8_0@0] ProcessID-6760-,2025-11-21 20:34:32.787 [21] [GlobalManager::HandleCmd] Receive end:LoadSolutionEnd

2025-11-21 20:34:33.052 INFO  [17] [VM.GlobalScript.LogHelper+<>c::<.cctor>b__8_0@0] ProcessID-6760-,2025-11-21 20:34:32.787 [6] [UserGlobalScriptManger::loadInitAction] ExecuteLoadInit start

2025-11-27 18:42:18.343 INFO  [15] [VM.GlobalScript.LogHelper+<>c::<.cctor>b__8_0@0] ProcessID-1960-,2025-11-27 18:42:17.328 [5] [GlobalScript::Init]  ====================================================V4.3.0 GlobalScript Start Print Log====================================================

2025-11-27 18:42:20.374 INFO  [15] [VM.GlobalScript.LogHelper+<>c::<.cctor>b__8_0@0] ProcessID-1960-,2025-11-27 18:42:19.999 [17] [GlobalManager::HandleCmd] Receive:CloseScript

2025-11-27 18:42:20.374 INFO  [15] [VM.GlobalScript.LogHelper+<>c::<.cctor>b__8_0@0] ProcessID-1960-,2025-11-27 18:42:19.999 [17] [GlobalManager::HandleCmd] Receive end:CloseScript

2025-11-27 18:42:23.452 INFO  [15] [VM.GlobalScript.LogHelper+<>c::<.cctor>b__8_0@0] ProcessID-1960-,2025-11-27 18:42:22.546 [6] [GlobalManager::objLoadDefaultScriptTime_Elapsed] Load default globalScript begin

2025-11-27 18:42:23.452 INFO  [15] [VM.GlobalScript.LogHelper+<>c::<.cctor>b__8_0@0] ProcessID-1960-,2025-11-27 18:42:22.593 [6] [UserGlobalScriptManger::compileGlobalScript] Compile begin

2025-11-27 18:42:23.452 INFO  [15] [VM.GlobalScript.LogHelper+<>c::<.cctor>b__8_0@0] ProcessID-1960-,2025-11-27 18:42:23.155 [6] [UserGlobalScriptSupport::CompileCode] 2025-11-27 18:42:23:155 : Compile complete -- 0 Errors, 0 Warnings 


2025-11-27 18:42:23.452 INFO  [15] [VM.GlobalScript.LogHelper+<>c::<.cctor>b__8_0@0] ProcessID-1960-,2025-11-27 18:42:23.265 [6] [UserGlobalScriptManger::updateBackFile] Update BackFile end

2025-11-27 18:42:23.452 INFO  [15] [VM.GlobalScript.LogHelper+<>c::<.cctor>b__8_0@0] ProcessID-1960-,2025-11-27 18:42:23.265 [6] [UserGlobalScriptManger::compileGlobalScript] Compile end

2025-11-27 18:42:23.452 INFO  [15] [VM.GlobalScript.LogHelper+<>c::<.cctor>b__8_0@0] ProcessID-1960-,2025-11-27 18:42:23.265 [6] [GlobalManager::objLoadDefaultScriptTime_Elapsed] Load default globalScript end

2025-11-27 18:42:25.499 INFO  [15] [VM.GlobalScript.LogHelper+<>c::<.cctor>b__8_0@0] ProcessID-1960-,2025-11-27 18:42:24.999 [17] [GlobalManager::HandleCmd] Receive:LoadSolution

2025-11-27 18:42:25.499 INFO  [15] [VM.GlobalScript.LogHelper+<>c::<.cctor>b__8_0@0] ProcessID-1960-,2025-11-27 18:42:25.030 [17] [GlobalManager::HandleCmd] Receive end:LoadSolution

2025-11-27 18:42:25.499 INFO  [15] [VM.GlobalScript.LogHelper+<>c::<.cctor>b__8_0@0] ProcessID-1960-,2025-11-27 18:42:25.077 [13] [UserGlobalScriptManger::compileGlobalScript] Compile begin

2025-11-27 18:42:26.514 INFO  [15] [VM.GlobalScript.LogHelper+<>c::<.cctor>b__8_0@0] ProcessID-1960-,2025-11-27 18:42:25.811 [13] [UserGlobalScriptSupport::CompileCode] 2025-11-27 18:42:25:811 : Compile complete -- 0 Errors, 0 Warnings 


2025-11-27 18:42:26.514 INFO  [15] [VM.GlobalScript.LogHelper+<>c::<.cctor>b__8_0@0] ProcessID-1960-,2025-11-27 18:42:25.811 [13] [UserGlobalScriptManger::updateBackFile] Update BackFile end

2025-11-27 18:42:26.514 INFO  [15] [VM.GlobalScript.LogHelper+<>c::<.cctor>b__8_0@0] ProcessID-1960-,2025-11-27 18:42:25.811 [13] [UserGlobalScriptManger::compileGlobalScript] Compile end

2025-11-27 18:42:30.590 INFO  [15] [VM.GlobalScript.LogHelper+<>c::<.cctor>b__8_0@0] ProcessID-1960-,2025-11-27 18:42:30.324 [17] [GlobalManager::HandleCmd] Receive:LoadSolutionEnd

2025-11-27 18:42:30.590 INFO  [15] [VM.GlobalScript.LogHelper+<>c::<.cctor>b__8_0@0] ProcessID-1960-,2025-11-27 18:42:30.324 [17] [GlobalManager::HandleCmd] Receive end:LoadSolutionEnd

2025-11-27 18:42:30.590 INFO  [15] [VM.GlobalScript.LogHelper+<>c::<.cctor>b__8_0@0] ProcessID-1960-,2025-11-27 18:42:30.324 [6] [UserGlobalScriptManger::loadInitAction] ExecuteLoadInit start

2025-11-27 18:42:46.802 INFO  [15] [VM.GlobalScript.LogHelper+<>c::<.cctor>b__8_0@0] ProcessID-1960-,2025-11-27 18:42:46.760 [13] [UserGlobalScriptManger::updateBackFile] Update BackFile end

2025-11-27 18:42:46.806 ERROR [15] [VM.GlobalScript.LogHelper+<>c::<.cctor>b__8_0@0] ProcessID-1960-,2025-11-27 18:42:46.760 [13] [UserGlobalScriptManger::SendDataToServer] Global script report command:updateScript,errorcode:0 

2025-11-27 18:42:50.842 INFO  [15] [VM.GlobalScript.LogHelper+<>c::<.cctor>b__8_0@0] ProcessID-1960-,2025-11-27 18:42:50.713 [6] [UserGlobalScriptManger::updateBackFile] Update BackFile end

2025-11-27 18:42:50.842 ERROR [15] [VM.GlobalScript.LogHelper+<>c::<.cctor>b__8_0@0] ProcessID-1960-,2025-11-27 18:42:50.713 [6] [UserGlobalScriptManger::SendDataToServer] Global script report command:updateScript,errorcode:0 

2025-11-28 18:45:05.209 INFO  [13] [VM.GlobalScript.LogHelper+<>c::<.cctor>b__8_0@0] ProcessID-8460-,2025-11-28 18:45:04.193 [5] [GlobalScript::Init]  ====================================================V4.3.0 GlobalScript Start Print Log====================================================

2025-11-28 18:45:06.240 INFO  [13] [VM.GlobalScript.LogHelper+<>c::<.cctor>b__8_0@0] ProcessID-8460-,2025-11-28 18:45:05.943 [19] [GlobalManager::HandleCmd] Receive:CloseScript

2025-11-28 18:45:06.240 INFO  [13] [VM.GlobalScript.LogHelper+<>c::<.cctor>b__8_0@0] ProcessID-8460-,2025-11-28 18:45:05.943 [19] [GlobalManager::HandleCmd] Receive end:CloseScript

2025-11-28 18:45:08.271 INFO  [13] [VM.GlobalScript.LogHelper+<>c::<.cctor>b__8_0@0] ProcessID-8460-,2025-11-28 18:45:07.505 [19] [GlobalManager::HandleCmd] Receive:LoadSolution

2025-11-28 18:45:08.271 INFO  [13] [VM.GlobalScript.LogHelper+<>c::<.cctor>b__8_0@0] ProcessID-8460-,2025-11-28 18:45:07.630 [19] [GlobalManager::HandleCmd] Receive end:LoadSolution

2025-11-28 18:45:08.271 INFO  [13] [VM.GlobalScript.LogHelper+<>c::<.cctor>b__8_0@0] ProcessID-8460-,2025-11-28 18:45:07.630 [16] [UserGlobalScriptManger::compileGlobalScript] Compile begin

2025-11-28 18:45:08.271 INFO  [13] [VM.GlobalScript.LogHelper+<>c::<.cctor>b__8_0@0] ProcessID-8460-,2025-11-28 18:45:07.833 [16] [UserGlobalScriptSupport::CompileCode] 2025-11-28 18:45:07:833 : Compile complete -- 0 Errors, 0 Warnings 


2025-11-28 18:45:08.271 INFO  [13] [VM.GlobalScript.LogHelper+<>c::<.cctor>b__8_0@0] ProcessID-8460-,2025-11-28 18:45:07.849 [16] [UserGlobalScriptManger::updateBackFile] Update BackFile end

2025-11-28 18:45:08.271 INFO  [13] [VM.GlobalScript.LogHelper+<>c::<.cctor>b__8_0@0] ProcessID-8460-,2025-11-28 18:45:07.849 [16] [UserGlobalScriptManger::compileGlobalScript] Compile end

2025-11-28 18:45:13.341 INFO  [13] [VM.GlobalScript.LogHelper+<>c::<.cctor>b__8_0@0] ProcessID-8460-,2025-11-28 18:45:12.629 [19] [GlobalManager::HandleCmd] Receive:LoadSolutionEnd

2025-11-28 18:45:13.341 INFO  [13] [VM.GlobalScript.LogHelper+<>c::<.cctor>b__8_0@0] ProcessID-8460-,2025-11-28 18:45:12.629 [19] [GlobalManager::HandleCmd] Receive end:LoadSolutionEnd

2025-11-28 18:45:13.341 INFO  [13] [VM.GlobalScript.LogHelper+<>c::<.cctor>b__8_0@0] ProcessID-8460-,2025-11-28 18:45:12.629 [6] [UserGlobalScriptManger::loadInitAction] ExecuteLoadInit start

2025-11-28 20:53:17.704 INFO  [18] [VM.GlobalScript.LogHelper+<>c::<.cctor>b__8_0@0] ProcessID-12544-,2025-11-28 20:53:17.689 [12] [GlobalScript::Init]  ====================================================V4.3.0 GlobalScript Start Print Log====================================================

2025-11-28 20:53:18.757 INFO  [18] [VM.GlobalScript.LogHelper+<>c::<.cctor>b__8_0@0] ProcessID-12544-,2025-11-28 20:53:18.422 [21] [GlobalManager::HandleCmd] Receive:CloseScript

2025-11-28 20:53:18.757 INFO  [18] [VM.GlobalScript.LogHelper+<>c::<.cctor>b__8_0@0] ProcessID-12544-,2025-11-28 20:53:18.437 [21] [GlobalManager::HandleCmd] Receive end:CloseScript

2025-11-28 20:53:20.769 INFO  [18] [VM.GlobalScript.LogHelper+<>c::<.cctor>b__8_0@0] ProcessID-12544-,2025-11-28 20:53:20.018 [21] [GlobalManager::HandleCmd] Receive:LoadSolution

2025-11-28 20:53:20.770 INFO  [18] [VM.GlobalScript.LogHelper+<>c::<.cctor>b__8_0@0] ProcessID-12544-,2025-11-28 20:53:20.250 [21] [GlobalManager::HandleCmd] Receive end:LoadSolution

2025-11-28 20:53:20.770 INFO  [18] [VM.GlobalScript.LogHelper+<>c::<.cctor>b__8_0@0] ProcessID-12544-,2025-11-28 20:53:20.254 [3] [UserGlobalScriptManger::compileGlobalScript] Compile begin

2025-11-28 20:53:20.771 INFO  [18] [VM.GlobalScript.LogHelper+<>c::<.cctor>b__8_0@0] ProcessID-12544-,2025-11-28 20:53:20.417 [3] [UserGlobalScriptSupport::CompileCode] 2025-11-28 20:53:20:417 : Compile complete -- 0 Errors, 0 Warnings 


2025-11-28 20:53:20.771 INFO  [18] [VM.GlobalScript.LogHelper+<>c::<.cctor>b__8_0@0] ProcessID-12544-,2025-11-28 20:53:20.422 [3] [UserGlobalScriptManger::updateBackFile] Update BackFile end

2025-11-28 20:53:20.772 INFO  [18] [VM.GlobalScript.LogHelper+<>c::<.cctor>b__8_0@0] ProcessID-12544-,2025-11-28 20:53:20.422 [3] [UserGlobalScriptManger::compileGlobalScript] Compile end

2025-11-28 20:53:25.837 INFO  [18] [VM.GlobalScript.LogHelper+<>c::<.cctor>b__8_0@0] ProcessID-12544-,2025-11-28 20:53:25.101 [21] [GlobalManager::HandleCmd] Receive:LoadSolutionEnd

2025-11-28 20:53:25.837 INFO  [18] [VM.GlobalScript.LogHelper+<>c::<.cctor>b__8_0@0] ProcessID-12544-,2025-11-28 20:53:25.101 [21] [GlobalManager::HandleCmd] Receive end:LoadSolutionEnd

2025-11-28 20:53:25.837 INFO  [18] [VM.GlobalScript.LogHelper+<>c::<.cctor>b__8_0@0] ProcessID-12544-,2025-11-28 20:53:25.102 [3] [UserGlobalScriptManger::loadInitAction] ExecuteLoadInit start

2025-11-28 20:55:02.160 INFO  [18] [VM.GlobalScript.LogHelper+<>c::<.cctor>b__8_0@0] ProcessID-12544-,2025-11-28 20:55:01.405 [21] [GlobalManager::HandleCmd] Receive:SaveSolution

2025-11-28 20:55:02.160 INFO  [18] [VM.GlobalScript.LogHelper+<>c::<.cctor>b__8_0@0] ProcessID-12544-,2025-11-28 20:55:01.408 [21] [UserGlobalScriptManger::SaveSolutionByMap] save solution byte len:3713

2025-11-28 20:55:02.160 INFO  [18] [VM.GlobalScript.LogHelper+<>c::<.cctor>b__8_0@0] ProcessID-12544-,2025-11-28 20:55:01.408 [21] [GlobalManager::HandleCmd] Receive end:SaveSolution

2025-11-28 20:55:02.161 INFO  [18] [VM.GlobalScript.LogHelper+<>c::<.cctor>b__8_0@0] ProcessID-12544-,2025-11-28 20:55:01.408 [21] [GlobalManager::HandleCmd] Receive:SaveSolution

2025-11-28 20:55:02.161 INFO  [18] [VM.GlobalScript.LogHelper+<>c::<.cctor>b__8_0@0] ProcessID-12544-,2025-11-28 20:55:01.408 [21] [UserGlobalScriptManger::SaveSolutionByMap] save solution byte len:3713

2025-11-28 20:55:02.161 INFO  [18] [VM.GlobalScript.LogHelper+<>c::<.cctor>b__8_0@0] ProcessID-12544-,2025-11-28 20:55:01.408 [21] [GlobalManager::HandleCmd] Receive end:SaveSolution

2025-11-28 20:55:18.047 INFO  [18] [VM.GlobalScript.LogHelper+<>c::<.cctor>b__8_0@0] ProcessID-14220-,2025-11-28 20:55:17.032 [11] [GlobalScript::Init]  ====================================================V4.3.0 GlobalScript Start Print Log====================================================

2025-11-28 20:55:18.048 INFO  [18] [VM.GlobalScript.LogHelper+<>c::<.cctor>b__8_0@0] ProcessID-14220-,2025-11-28 20:55:17.544 [21] [GlobalManager::HandleCmd] Receive:CloseScript

2025-11-28 20:55:18.048 INFO  [18] [VM.GlobalScript.LogHelper+<>c::<.cctor>b__8_0@0] ProcessID-14220-,2025-11-28 20:55:17.544 [21] [GlobalManager::HandleCmd] Receive end:CloseScript

2025-11-28 20:55:20.073 INFO  [18] [VM.GlobalScript.LogHelper+<>c::<.cctor>b__8_0@0] ProcessID-14220-,2025-11-28 20:55:19.263 [21] [GlobalManager::HandleCmd] Receive:LoadSolution

2025-11-28 20:55:20.073 INFO  [18] [VM.GlobalScript.LogHelper+<>c::<.cctor>b__8_0@0] ProcessID-14220-,2025-11-28 20:55:19.464 [21] [GlobalManager::HandleCmd] Receive end:LoadSolution

2025-11-28 20:55:20.073 INFO  [18] [VM.GlobalScript.LogHelper+<>c::<.cctor>b__8_0@0] ProcessID-14220-,2025-11-28 20:55:19.496 [19] [UserGlobalScriptManger::compileGlobalScript] Compile begin

2025-11-28 20:55:20.074 INFO  [18] [VM.GlobalScript.LogHelper+<>c::<.cctor>b__8_0@0] ProcessID-14220-,2025-11-28 20:55:19.664 [19] [UserGlobalScriptSupport::CompileCode] 2025-11-28 20:55:19:664 : Compile complete -- 0 Errors, 0 Warnings 


2025-11-28 20:55:20.074 INFO  [18] [VM.GlobalScript.LogHelper+<>c::<.cctor>b__8_0@0] ProcessID-14220-,2025-11-28 20:55:19.681 [19] [UserGlobalScriptManger::updateBackFile] Update BackFile end

2025-11-28 20:55:20.074 INFO  [18] [VM.GlobalScript.LogHelper+<>c::<.cctor>b__8_0@0] ProcessID-14220-,2025-11-28 20:55:19.681 [19] [UserGlobalScriptManger::compileGlobalScript] Compile end

2025-11-28 20:55:25.088 INFO  [18] [VM.GlobalScript.LogHelper+<>c::<.cctor>b__8_0@0] ProcessID-14220-,2025-11-28 20:55:24.328 [21] [GlobalManager::HandleCmd] Receive:LoadSolutionEnd

2025-11-28 20:55:25.088 INFO  [18] [VM.GlobalScript.LogHelper+<>c::<.cctor>b__8_0@0] ProcessID-14220-,2025-11-28 20:55:24.328 [21] [GlobalManager::HandleCmd] Receive end:LoadSolutionEnd

2025-11-28 20:55:25.088 INFO  [18] [VM.GlobalScript.LogHelper+<>c::<.cctor>b__8_0@0] ProcessID-14220-,2025-11-28 20:55:24.329 [4] [UserGlobalScriptManger::loadInitAction] ExecuteLoadInit start

2025-11-28 20:58:59.623 INFO  [18] [VM.GlobalScript.LogHelper+<>c::<.cctor>b__8_0@0] ProcessID-14444-,2025-11-28 20:58:59.621 [11] [GlobalScript::Init]  ====================================================V4.3.0 GlobalScript Start Print Log====================================================

2025-11-28 20:59:00.648 INFO  [18] [VM.GlobalScript.LogHelper+<>c::<.cctor>b__8_0@0] ProcessID-14444-,2025-11-28 20:59:00.433 [21] [GlobalManager::HandleCmd] Receive:CloseScript

2025-11-28 20:59:00.648 INFO  [18] [VM.GlobalScript.LogHelper+<>c::<.cctor>b__8_0@0] ProcessID-14444-,2025-11-28 20:59:00.435 [21] [GlobalManager::HandleCmd] Receive end:CloseScript

2025-11-28 20:59:02.652 INFO  [18] [VM.GlobalScript.LogHelper+<>c::<.cctor>b__8_0@0] ProcessID-14444-,2025-11-28 20:59:01.679 [21] [GlobalManager::HandleCmd] Receive:LoadSolution

2025-11-28 20:59:02.652 INFO  [18] [VM.GlobalScript.LogHelper+<>c::<.cctor>b__8_0@0] ProcessID-14444-,2025-11-28 20:59:01.907 [21] [GlobalManager::HandleCmd] Receive end:LoadSolution

2025-11-28 20:59:02.652 INFO  [18] [VM.GlobalScript.LogHelper+<>c::<.cctor>b__8_0@0] ProcessID-14444-,2025-11-28 20:59:01.920 [3] [UserGlobalScriptManger::compileGlobalScript] Compile begin

2025-11-28 20:59:02.652 INFO  [18] [VM.GlobalScript.LogHelper+<>c::<.cctor>b__8_0@0] ProcessID-14444-,2025-11-28 20:59:02.084 [3] [UserGlobalScriptSupport::CompileCode] 2025-11-28 20:59:02:084 : Compile complete -- 0 Errors, 0 Warnings 


2025-11-28 20:59:02.653 INFO  [18] [VM.GlobalScript.LogHelper+<>c::<.cctor>b__8_0@0] ProcessID-14444-,2025-11-28 20:59:02.103 [3] [UserGlobalScriptManger::updateBackFile] Update BackFile end

2025-11-28 20:59:02.653 INFO  [18] [VM.GlobalScript.LogHelper+<>c::<.cctor>b__8_0@0] ProcessID-14444-,2025-11-28 20:59:02.103 [3] [UserGlobalScriptManger::compileGlobalScript] Compile end

2025-11-28 20:59:09.062 INFO  [18] [VM.GlobalScript.LogHelper+<>c::<.cctor>b__8_0@0] ProcessID-14444-,2025-11-28 20:59:06.788 [21] [GlobalManager::HandleCmd] Receive:LoadSolutionEnd

2025-11-28 20:59:09.064 INFO  [18] [VM.GlobalScript.LogHelper+<>c::<.cctor>b__8_0@0] ProcessID-14444-,2025-11-28 20:59:06.788 [21] [GlobalManager::HandleCmd] Receive end:LoadSolutionEnd

2025-11-28 20:59:09.064 INFO  [18] [VM.GlobalScript.LogHelper+<>c::<.cctor>b__8_0@0] ProcessID-14444-,2025-11-28 20:59:06.788 [3] [UserGlobalScriptManger::loadInitAction] ExecuteLoadInit start

2025-11-28 21:04:06.935 INFO  [17] [VM.GlobalScript.LogHelper+<>c::<.cctor>b__8_0@0] ProcessID-2580-,2025-11-28 21:04:05.921 [11] [GlobalScript::Init]  ====================================================V4.3.0 GlobalScript Start Print Log====================================================

2025-11-28 21:04:06.935 INFO  [17] [VM.GlobalScript.LogHelper+<>c::<.cctor>b__8_0@0] ProcessID-2580-,2025-11-28 21:04:06.652 [21] [GlobalManager::HandleCmd] Receive:CloseScript

2025-11-28 21:04:06.935 INFO  [17] [VM.GlobalScript.LogHelper+<>c::<.cctor>b__8_0@0] ProcessID-2580-,2025-11-28 21:04:06.652 [21] [GlobalManager::HandleCmd] Receive end:CloseScript

2025-11-28 21:04:08.967 INFO  [17] [VM.GlobalScript.LogHelper+<>c::<.cctor>b__8_0@0] ProcessID-2580-,2025-11-28 21:04:08.080 [21] [GlobalManager::HandleCmd] Receive:LoadSolution

2025-11-28 21:04:08.967 INFO  [17] [VM.GlobalScript.LogHelper+<>c::<.cctor>b__8_0@0] ProcessID-2580-,2025-11-28 21:04:08.373 [21] [GlobalManager::HandleCmd] Receive end:LoadSolution

2025-11-28 21:04:08.967 INFO  [17] [VM.GlobalScript.LogHelper+<>c::<.cctor>b__8_0@0] ProcessID-2580-,2025-11-28 21:04:08.378 [3] [UserGlobalScriptManger::compileGlobalScript] Compile begin

2025-11-28 21:04:08.967 INFO  [17] [VM.GlobalScript.LogHelper+<>c::<.cctor>b__8_0@0] ProcessID-2580-,2025-11-28 21:04:08.551 [3] [UserGlobalScriptSupport::CompileCode] 2025-11-28 21:04:08:551 : Compile complete -- 0 Errors, 0 Warnings 


2025-11-28 21:04:08.967 INFO  [17] [VM.GlobalScript.LogHelper+<>c::<.cctor>b__8_0@0] ProcessID-2580-,2025-11-28 21:04:08.573 [3] [UserGlobalScriptManger::updateBackFile] Update BackFile end

2025-11-28 21:04:08.967 INFO  [17] [VM.GlobalScript.LogHelper+<>c::<.cctor>b__8_0@0] ProcessID-2580-,2025-11-28 21:04:08.573 [3] [UserGlobalScriptManger::compileGlobalScript] Compile end

2025-11-28 21:04:27.875 INFO  [17] [VM.GlobalScript.LogHelper+<>c::<.cctor>b__8_0@0] ProcessID-2580-,2025-11-28 21:04:13.224 [21] [GlobalManager::HandleCmd] Receive:LoadSolutionEnd

2025-11-28 21:04:27.877 INFO  [17] [VM.GlobalScript.LogHelper+<>c::<.cctor>b__8_0@0] ProcessID-2580-,2025-11-28 21:04:13.224 [21] [GlobalManager::HandleCmd] Receive end:LoadSolutionEnd

2025-11-28 21:04:27.880 INFO  [17] [VM.GlobalScript.LogHelper+<>c::<.cctor>b__8_0@0] ProcessID-2580-,2025-11-28 21:04:13.224 [3] [UserGlobalScriptManger::loadInitAction] ExecuteLoadInit start

2025-11-28 21:05:53.465 INFO  [17] [VM.GlobalScript.LogHelper+<>c::<.cctor>b__8_0@0] ProcessID-5072-,2025-11-28 21:05:53.463 [11] [GlobalScript::Init]  ====================================================V4.3.0 GlobalScript Start Print Log====================================================

2025-11-28 21:05:54.491 INFO  [17] [VM.GlobalScript.LogHelper+<>c::<.cctor>b__8_0@0] ProcessID-5072-,2025-11-28 21:05:54.196 [22] [GlobalManager::HandleCmd] Receive:CloseScript

2025-11-28 21:05:54.491 INFO  [17] [VM.GlobalScript.LogHelper+<>c::<.cctor>b__8_0@0] ProcessID-5072-,2025-11-28 21:05:54.211 [22] [GlobalManager::HandleCmd] Receive end:CloseScript

2025-11-28 21:05:56.497 INFO  [17] [VM.GlobalScript.LogHelper+<>c::<.cctor>b__8_0@0] ProcessID-5072-,2025-11-28 21:05:55.659 [22] [GlobalManager::HandleCmd] Receive:LoadSolution

2025-11-28 21:05:56.497 INFO  [17] [VM.GlobalScript.LogHelper+<>c::<.cctor>b__8_0@0] ProcessID-5072-,2025-11-28 21:05:55.912 [22] [GlobalManager::HandleCmd] Receive end:LoadSolution

2025-11-28 21:05:56.497 INFO  [17] [VM.GlobalScript.LogHelper+<>c::<.cctor>b__8_0@0] ProcessID-5072-,2025-11-28 21:05:55.928 [4] [UserGlobalScriptManger::compileGlobalScript] Compile begin

2025-11-28 21:05:56.497 INFO  [17] [VM.GlobalScript.LogHelper+<>c::<.cctor>b__8_0@0] ProcessID-5072-,2025-11-28 21:05:56.078 [4] [UserGlobalScriptSupport::CompileCode] 2025-11-28 21:05:56:078 : Compile complete -- 0 Errors, 0 Warnings 


2025-11-28 21:05:56.497 INFO  [17] [VM.GlobalScript.LogHelper+<>c::<.cctor>b__8_0@0] ProcessID-5072-,2025-11-28 21:05:56.080 [4] [UserGlobalScriptManger::updateBackFile] Update BackFile end

2025-11-28 21:05:56.498 INFO  [17] [VM.GlobalScript.LogHelper+<>c::<.cctor>b__8_0@0] ProcessID-5072-,2025-11-28 21:05:56.080 [4] [UserGlobalScriptManger::compileGlobalScript] Compile end

2025-11-28 21:06:07.393 INFO  [17] [VM.GlobalScript.LogHelper+<>c::<.cctor>b__8_0@0] ProcessID-5072-,2025-11-28 21:06:00.751 [22] [GlobalManager::HandleCmd] Receive:LoadSolutionEnd

2025-11-28 21:06:07.457 INFO  [17] [VM.GlobalScript.LogHelper+<>c::<.cctor>b__8_0@0] ProcessID-5072-,2025-11-28 21:06:00.751 [22] [GlobalManager::HandleCmd] Receive end:LoadSolutionEnd

2025-11-28 21:06:07.479 INFO  [17] [VM.GlobalScript.LogHelper+<>c::<.cctor>b__8_0@0] ProcessID-5072-,2025-11-28 21:06:00.751 [3] [UserGlobalScriptManger::loadInitAction] ExecuteLoadInit start

2025-11-28 21:12:22.394 INFO  [17] [VM.GlobalScript.LogHelper+<>c::<.cctor>b__8_0@0] ProcessID-17060-,2025-11-28 21:12:22.394 [5] [GlobalScript::Init]  ====================================================V4.3.0 GlobalScript Start Print Log====================================================

2025-11-28 21:12:23.422 INFO  [17] [VM.GlobalScript.LogHelper+<>c::<.cctor>b__8_0@0] ProcessID-17060-,2025-11-28 21:12:23.115 [21] [GlobalManager::HandleCmd] Receive:CloseScript

2025-11-28 21:12:23.423 INFO  [17] [VM.GlobalScript.LogHelper+<>c::<.cctor>b__8_0@0] ProcessID-17060-,2025-11-28 21:12:23.117 [21] [GlobalManager::HandleCmd] Receive end:CloseScript

2025-11-28 21:12:25.438 INFO  [17] [VM.GlobalScript.LogHelper+<>c::<.cctor>b__8_0@0] ProcessID-17060-,2025-11-28 21:12:24.604 [21] [GlobalManager::HandleCmd] Receive:LoadSolution

2025-11-28 21:12:25.438 INFO  [17] [VM.GlobalScript.LogHelper+<>c::<.cctor>b__8_0@0] ProcessID-17060-,2025-11-28 21:12:24.797 [21] [GlobalManager::HandleCmd] Receive end:LoadSolution

2025-11-28 21:12:25.438 INFO  [17] [VM.GlobalScript.LogHelper+<>c::<.cctor>b__8_0@0] ProcessID-17060-,2025-11-28 21:12:24.797 [3] [UserGlobalScriptManger::compileGlobalScript] Compile begin

2025-11-28 21:12:25.438 INFO  [17] [VM.GlobalScript.LogHelper+<>c::<.cctor>b__8_0@0] ProcessID-17060-,2025-11-28 21:12:24.947 [3] [UserGlobalScriptSupport::CompileCode] 2025-11-28 21:12:24:947 : Compile complete -- 0 Errors, 0 Warnings 


2025-11-28 21:12:25.438 INFO  [17] [VM.GlobalScript.LogHelper+<>c::<.cctor>b__8_0@0] ProcessID-17060-,2025-11-28 21:12:24.960 [3] [UserGlobalScriptManger::updateBackFile] Update BackFile end

2025-11-28 21:12:25.438 INFO  [17] [VM.GlobalScript.LogHelper+<>c::<.cctor>b__8_0@0] ProcessID-17060-,2025-11-28 21:12:24.960 [3] [UserGlobalScriptManger::compileGlobalScript] Compile end

2025-11-28 21:12:30.476 INFO  [17] [VM.GlobalScript.LogHelper+<>c::<.cctor>b__8_0@0] ProcessID-17060-,2025-11-28 21:12:29.676 [21] [GlobalManager::HandleCmd] Receive:LoadSolutionEnd

2025-11-28 21:12:30.476 INFO  [17] [VM.GlobalScript.LogHelper+<>c::<.cctor>b__8_0@0] ProcessID-17060-,2025-11-28 21:12:29.676 [21] [GlobalManager::HandleCmd] Receive end:LoadSolutionEnd

2025-11-28 21:12:30.476 INFO  [17] [VM.GlobalScript.LogHelper+<>c::<.cctor>b__8_0@0] ProcessID-17060-,2025-11-28 21:12:29.676 [3] [UserGlobalScriptManger::loadInitAction] ExecuteLoadInit start

2025-11-28 21:14:39.700 INFO  [17] [VM.GlobalScript.LogHelper+<>c::<.cctor>b__8_0@0] ProcessID-17060-,2025-11-28 21:14:39.296 [45] [GlobalManager::HandleCmd] Receive:SetCommunicateData

2025-11-28 21:14:39.700 INFO  [17] [VM.GlobalScript.LogHelper+<>c::<.cctor>b__8_0@0] ProcessID-17060-,2025-11-28 21:14:39.296 [45] [GlobalManager::HandleCmd] Receive end:SetCommunicateData

2025-11-28 21:15:07.728 INFO  [17] [VM.GlobalScript.LogHelper+<>c::<.cctor>b__8_0@0] ProcessID-17060-,2025-11-28 21:15:06.835 [45] [GlobalManager::HandleCmd] Receive:SetCommunicateData

2025-11-28 21:15:07.728 INFO  [17] [VM.GlobalScript.LogHelper+<>c::<.cctor>b__8_0@0] ProcessID-17060-,2025-11-28 21:15:06.835 [45] [GlobalManager::HandleCmd] Receive end:SetCommunicateData

2025-11-28 21:16:15.797 INFO  [17] [VM.GlobalScript.LogHelper+<>c::<.cctor>b__8_0@0] ProcessID-17060-,2025-11-28 21:16:15.566 [45] [GlobalManager::HandleCmd] Receive:SetCommunicateData

2025-11-28 21:16:15.797 INFO  [17] [VM.GlobalScript.LogHelper+<>c::<.cctor>b__8_0@0] ProcessID-17060-,2025-11-28 21:16:15.566 [45] [GlobalManager::HandleCmd] Receive end:SetCommunicateData

2025-11-28 21:17:04.850 INFO  [17] [VM.GlobalScript.LogHelper+<>c::<.cctor>b__8_0@0] ProcessID-17060-,2025-11-28 21:17:04.740 [45] [GlobalManager::HandleCmd] Receive:SetCommunicateData

2025-11-28 21:17:04.850 INFO  [17] [VM.GlobalScript.LogHelper+<>c::<.cctor>b__8_0@0] ProcessID-17060-,2025-11-28 21:17:04.741 [45] [GlobalManager::HandleCmd] Receive end:SetCommunicateData

2025-11-28 21:17:50.904 INFO  [17] [VM.GlobalScript.LogHelper+<>c::<.cctor>b__8_0@0] ProcessID-17060-,2025-11-28 21:17:50.142 [21] [GlobalManager::HandleCmd] Receive:SaveSolution

2025-11-28 21:17:50.904 INFO  [17] [VM.GlobalScript.LogHelper+<>c::<.cctor>b__8_0@0] ProcessID-17060-,2025-11-28 21:17:50.145 [21] [UserGlobalScriptManger::SaveSolutionByMap] save solution byte len:3713

2025-11-28 21:17:50.904 INFO  [17] [VM.GlobalScript.LogHelper+<>c::<.cctor>b__8_0@0] ProcessID-17060-,2025-11-28 21:17:50.145 [21] [GlobalManager::HandleCmd] Receive end:SaveSolution

2025-11-28 21:17:50.905 INFO  [17] [VM.GlobalScript.LogHelper+<>c::<.cctor>b__8_0@0] ProcessID-17060-,2025-11-28 21:17:50.145 [21] [GlobalManager::HandleCmd] Receive:SaveSolution

2025-11-28 21:17:50.905 INFO  [17] [VM.GlobalScript.LogHelper+<>c::<.cctor>b__8_0@0] ProcessID-17060-,2025-11-28 21:17:50.145 [21] [UserGlobalScriptManger::SaveSolutionByMap] save solution byte len:3713

2025-11-28 21:17:50.905 INFO  [17] [VM.GlobalScript.LogHelper+<>c::<.cctor>b__8_0@0] ProcessID-17060-,2025-11-28 21:17:50.145 [21] [GlobalManager::HandleCmd] Receive end:SaveSolution

2025-11-28 21:26:34.015 INFO  [17] [VM.GlobalScript.LogHelper+<>c::<.cctor>b__8_0@0] ProcessID-11764-,2025-11-28 21:26:34.014 [5] [GlobalScript::Init]  ====================================================V4.3.0 GlobalScript Start Print Log====================================================

2025-11-28 21:26:35.059 INFO  [17] [VM.GlobalScript.LogHelper+<>c::<.cctor>b__8_0@0] ProcessID-11764-,2025-11-28 21:26:34.762 [21] [GlobalManager::HandleCmd] Receive:CloseScript

2025-11-28 21:26:35.059 INFO  [17] [VM.GlobalScript.LogHelper+<>c::<.cctor>b__8_0@0] ProcessID-11764-,2025-11-28 21:26:34.764 [21] [GlobalManager::HandleCmd] Receive end:CloseScript

2025-11-28 21:26:37.132 INFO  [17] [VM.GlobalScript.LogHelper+<>c::<.cctor>b__8_0@0] ProcessID-11764-,2025-11-28 21:26:36.231 [21] [GlobalManager::HandleCmd] Receive:LoadSolution

2025-11-28 21:26:37.132 INFO  [17] [VM.GlobalScript.LogHelper+<>c::<.cctor>b__8_0@0] ProcessID-11764-,2025-11-28 21:26:36.478 [21] [GlobalManager::HandleCmd] Receive end:LoadSolution

2025-11-28 21:26:37.132 INFO  [17] [VM.GlobalScript.LogHelper+<>c::<.cctor>b__8_0@0] ProcessID-11764-,2025-11-28 21:26:36.478 [3] [UserGlobalScriptManger::compileGlobalScript] Compile begin

2025-11-28 21:26:37.132 INFO  [17] [VM.GlobalScript.LogHelper+<>c::<.cctor>b__8_0@0] ProcessID-11764-,2025-11-28 21:26:36.622 [3] [UserGlobalScriptSupport::CompileCode] 2025-11-28 21:26:36:622 : Compile complete -- 0 Errors, 0 Warnings 


2025-11-28 21:26:37.132 INFO  [17] [VM.GlobalScript.LogHelper+<>c::<.cctor>b__8_0@0] ProcessID-11764-,2025-11-28 21:26:36.641 [3] [UserGlobalScriptManger::updateBackFile] Update BackFile end

2025-11-28 21:26:37.132 INFO  [17] [VM.GlobalScript.LogHelper+<>c::<.cctor>b__8_0@0] ProcessID-11764-,2025-11-28 21:26:36.641 [3] [UserGlobalScriptManger::compileGlobalScript] Compile end

2025-11-28 21:26:42.145 INFO  [17] [VM.GlobalScript.LogHelper+<>c::<.cctor>b__8_0@0] ProcessID-11764-,2025-11-28 21:26:41.362 [21] [GlobalManager::HandleCmd] Receive:LoadSolutionEnd

2025-11-28 21:26:42.146 INFO  [17] [VM.GlobalScript.LogHelper+<>c::<.cctor>b__8_0@0] ProcessID-11764-,2025-11-28 21:26:41.362 [21] [GlobalManager::HandleCmd] Receive end:LoadSolutionEnd

2025-11-28 21:26:42.146 INFO  [17] [VM.GlobalScript.LogHelper+<>c::<.cctor>b__8_0@0] ProcessID-11764-,2025-11-28 21:26:41.362 [3] [UserGlobalScriptManger::loadInitAction] ExecuteLoadInit start

2025-11-28 21:27:42.327 INFO  [18] [VM.GlobalScript.LogHelper+<>c::<.cctor>b__8_0@0] ProcessID-17124-,2025-11-28 21:27:42.326 [11] [GlobalScript::Init]  ====================================================V4.3.0 GlobalScript Start Print Log====================================================

2025-11-28 21:27:43.344 INFO  [18] [VM.GlobalScript.LogHelper+<>c::<.cctor>b__8_0@0] ProcessID-17124-,2025-11-28 21:27:42.961 [21] [GlobalManager::HandleCmd] Receive:CloseScript

2025-11-28 21:27:43.344 INFO  [18] [VM.GlobalScript.LogHelper+<>c::<.cctor>b__8_0@0] ProcessID-17124-,2025-11-28 21:27:42.977 [21] [GlobalManager::HandleCmd] Receive end:CloseScript

2025-11-28 21:27:45.376 INFO  [18] [VM.GlobalScript.LogHelper+<>c::<.cctor>b__8_0@0] ProcessID-17124-,2025-11-28 21:27:44.441 [21] [GlobalManager::HandleCmd] Receive:LoadSolution

2025-11-28 21:27:45.376 INFO  [18] [VM.GlobalScript.LogHelper+<>c::<.cctor>b__8_0@0] ProcessID-17124-,2025-11-28 21:27:44.610 [21] [GlobalManager::HandleCmd] Receive end:LoadSolution

2025-11-28 21:27:45.376 INFO  [18] [VM.GlobalScript.LogHelper+<>c::<.cctor>b__8_0@0] ProcessID-17124-,2025-11-28 21:27:44.641 [3] [UserGlobalScriptManger::compileGlobalScript] Compile begin

2025-11-28 21:27:45.376 INFO  [18] [VM.GlobalScript.LogHelper+<>c::<.cctor>b__8_0@0] ProcessID-17124-,2025-11-28 21:27:44.794 [3] [UserGlobalScriptSupport::CompileCode] 2025-11-28 21:27:44:794 : Compile complete -- 0 Errors, 0 Warnings 


2025-11-28 21:27:45.376 INFO  [18] [VM.GlobalScript.LogHelper+<>c::<.cctor>b__8_0@0] ProcessID-17124-,2025-11-28 21:27:44.810 [3] [UserGlobalScriptManger::updateBackFile] Update BackFile end

2025-11-28 21:27:45.376 INFO  [18] [VM.GlobalScript.LogHelper+<>c::<.cctor>b__8_0@0] ProcessID-17124-,2025-11-28 21:27:44.810 [3] [UserGlobalScriptManger::compileGlobalScript] Compile end

2025-11-28 21:27:50.388 INFO  [18] [VM.GlobalScript.LogHelper+<>c::<.cctor>b__8_0@0] ProcessID-17124-,2025-11-28 21:27:49.560 [21] [GlobalManager::HandleCmd] Receive:LoadSolutionEnd

2025-11-28 21:27:50.388 INFO  [18] [VM.GlobalScript.LogHelper+<>c::<.cctor>b__8_0@0] ProcessID-17124-,2025-11-28 21:27:49.560 [21] [GlobalManager::HandleCmd] Receive end:LoadSolutionEnd

2025-11-28 21:27:50.388 INFO  [18] [VM.GlobalScript.LogHelper+<>c::<.cctor>b__8_0@0] ProcessID-17124-,2025-11-28 21:27:49.560 [3] [UserGlobalScriptManger::loadInitAction] ExecuteLoadInit start

2025-11-28 21:27:54.395 INFO  [18] [VM.GlobalScript.LogHelper+<>c::<.cctor>b__8_0@0] ProcessID-17124-,2025-11-28 21:27:54.222 [60] [GlobalManager::HandleCmd] Receive:SetCommunicateData

2025-11-28 21:27:54.395 INFO  [18] [VM.GlobalScript.LogHelper+<>c::<.cctor>b__8_0@0] ProcessID-17124-,2025-11-28 21:27:54.222 [60] [GlobalManager::HandleCmd] Receive end:SetCommunicateData

2025-11-28 21:27:54.395 INFO  [18] [VM.GlobalScript.LogHelper+<>c::<.cctor>b__8_0@0] ProcessID-17124-,2025-11-28 21:27:54.350 [60] [GlobalManager::HandleCmd] Receive:SetCommunicateData

2025-11-28 21:27:54.395 INFO  [18] [VM.GlobalScript.LogHelper+<>c::<.cctor>b__8_0@0] ProcessID-17124-,2025-11-28 21:27:54.350 [60] [GlobalManager::HandleCmd] Receive end:SetCommunicateData

2025-11-28 21:27:54.395 INFO  [18] [VM.GlobalScript.LogHelper+<>c::<.cctor>b__8_0@0] ProcessID-17124-,2025-11-28 21:27:54.376 [60] [GlobalManager::HandleCmd] Receive:SetCommunicateData

2025-11-28 21:27:54.395 INFO  [18] [VM.GlobalScript.LogHelper+<>c::<.cctor>b__8_0@0] ProcessID-17124-,2025-11-28 21:27:54.376 [60] [GlobalManager::HandleCmd] Receive end:SetCommunicateData

2025-11-28 21:28:49.524 INFO  [17] [VM.GlobalScript.LogHelper+<>c::<.cctor>b__8_0@0] ProcessID-1660-,2025-11-28 21:28:49.524 [5] [GlobalScript::Init]  ====================================================V4.3.0 GlobalScript Start Print Log====================================================

2025-11-28 21:28:50.577 INFO  [17] [VM.GlobalScript.LogHelper+<>c::<.cctor>b__8_0@0] ProcessID-1660-,2025-11-28 21:28:50.041 [21] [GlobalManager::HandleCmd] Receive:CloseScript

2025-11-28 21:28:50.577 INFO  [17] [VM.GlobalScript.LogHelper+<>c::<.cctor>b__8_0@0] ProcessID-1660-,2025-11-28 21:28:50.041 [21] [GlobalManager::HandleCmd] Receive end:CloseScript

2025-11-28 21:28:52.590 INFO  [17] [VM.GlobalScript.LogHelper+<>c::<.cctor>b__8_0@0] ProcessID-1660-,2025-11-28 21:28:51.841 [21] [GlobalManager::HandleCmd] Receive:LoadSolution

2025-11-28 21:28:52.590 INFO  [17] [VM.GlobalScript.LogHelper+<>c::<.cctor>b__8_0@0] ProcessID-1660-,2025-11-28 21:28:52.073 [21] [GlobalManager::HandleCmd] Receive end:LoadSolution

2025-11-28 21:28:52.590 INFO  [17] [VM.GlobalScript.LogHelper+<>c::<.cctor>b__8_0@0] ProcessID-1660-,2025-11-28 21:28:52.073 [3] [UserGlobalScriptManger::compileGlobalScript] Compile begin

2025-11-28 21:28:52.590 INFO  [17] [VM.GlobalScript.LogHelper+<>c::<.cctor>b__8_0@0] ProcessID-1660-,2025-11-28 21:28:52.226 [3] [UserGlobalScriptSupport::CompileCode] 2025-11-28 21:28:52:226 : Compile complete -- 0 Errors, 0 Warnings 


2025-11-28 21:28:52.590 INFO  [17] [VM.GlobalScript.LogHelper+<>c::<.cctor>b__8_0@0] ProcessID-1660-,2025-11-28 21:28:52.243 [3] [UserGlobalScriptManger::updateBackFile] Update BackFile end

2025-11-28 21:28:52.590 INFO  [17] [VM.GlobalScript.LogHelper+<>c::<.cctor>b__8_0@0] ProcessID-1660-,2025-11-28 21:28:52.243 [3] [UserGlobalScriptManger::compileGlobalScript] Compile end

2025-11-28 21:28:57.613 INFO  [17] [VM.GlobalScript.LogHelper+<>c::<.cctor>b__8_0@0] ProcessID-1660-,2025-11-28 21:28:56.946 [21] [GlobalManager::HandleCmd] Receive:LoadSolutionEnd

2025-11-28 21:28:57.613 INFO  [17] [VM.GlobalScript.LogHelper+<>c::<.cctor>b__8_0@0] ProcessID-1660-,2025-11-28 21:28:56.946 [21] [GlobalManager::HandleCmd] Receive end:LoadSolutionEnd

2025-11-28 21:28:57.613 INFO  [17] [VM.GlobalScript.LogHelper+<>c::<.cctor>b__8_0@0] ProcessID-1660-,2025-11-28 21:28:56.947 [3] [UserGlobalScriptManger::loadInitAction] ExecuteLoadInit start

2025-11-28 21:29:04.626 INFO  [17] [VM.GlobalScript.LogHelper+<>c::<.cctor>b__8_0@0] ProcessID-1660-,2025-11-28 21:29:04.532 [62] [GlobalManager::HandleCmd] Receive:SetCommunicateData

2025-11-28 21:29:04.626 INFO  [17] [VM.GlobalScript.LogHelper+<>c::<.cctor>b__8_0@0] ProcessID-1660-,2025-11-28 21:29:04.532 [62] [GlobalManager::HandleCmd] Receive end:SetCommunicateData

2025-11-28 21:29:05.628 INFO  [17] [VM.GlobalScript.LogHelper+<>c::<.cctor>b__8_0@0] ProcessID-1660-,2025-11-28 21:29:04.664 [62] [GlobalManager::HandleCmd] Receive:SetCommunicateData

2025-11-28 21:29:05.628 INFO  [17] [VM.GlobalScript.LogHelper+<>c::<.cctor>b__8_0@0] ProcessID-1660-,2025-11-28 21:29:04.664 [62] [GlobalManager::HandleCmd] Receive end:SetCommunicateData

2025-11-28 21:29:05.628 INFO  [17] [VM.GlobalScript.LogHelper+<>c::<.cctor>b__8_0@0] ProcessID-1660-,2025-11-28 21:29:04.690 [62] [GlobalManager::HandleCmd] Receive:SetCommunicateData

2025-11-28 21:29:05.629 INFO  [17] [VM.GlobalScript.LogHelper+<>c::<.cctor>b__8_0@0] ProcessID-1660-,2025-11-28 21:29:04.690 [62] [GlobalManager::HandleCmd] Receive end:SetCommunicateData

2025-11-28 21:30:14.753 INFO  [17] [VM.GlobalScript.LogHelper+<>c::<.cctor>b__8_0@0] ProcessID-1660-,2025-11-28 21:30:14.026 [21] [GlobalManager::HandleCmd] Receive:SaveSolution

2025-11-28 21:30:14.753 INFO  [17] [VM.GlobalScript.LogHelper+<>c::<.cctor>b__8_0@0] ProcessID-1660-,2025-11-28 21:30:14.029 [21] [UserGlobalScriptManger::SaveSolutionByMap] save solution byte len:3713

2025-11-28 21:30:14.753 INFO  [17] [VM.GlobalScript.LogHelper+<>c::<.cctor>b__8_0@0] ProcessID-1660-,2025-11-28 21:30:14.029 [21] [GlobalManager::HandleCmd] Receive end:SaveSolution

2025-11-28 21:30:14.754 INFO  [17] [VM.GlobalScript.LogHelper+<>c::<.cctor>b__8_0@0] ProcessID-1660-,2025-11-28 21:30:14.029 [21] [GlobalManager::HandleCmd] Receive:SaveSolution

2025-11-28 21:30:14.754 INFO  [17] [VM.GlobalScript.LogHelper+<>c::<.cctor>b__8_0@0] ProcessID-1660-,2025-11-28 21:30:14.030 [21] [UserGlobalScriptManger::SaveSolutionByMap] save solution byte len:3713

2025-11-28 21:30:14.754 INFO  [17] [VM.GlobalScript.LogHelper+<>c::<.cctor>b__8_0@0] ProcessID-1660-,2025-11-28 21:30:14.030 [21] [GlobalManager::HandleCmd] Receive end:SaveSolution

2025-11-28 21:38:09.462 INFO  [17] [VM.GlobalScript.LogHelper+<>c::<.cctor>b__8_0@0] ProcessID-1660-,2025-11-28 21:38:09.017 [62] [GlobalManager::HandleCmd] Receive:SetCommunicateData

2025-11-28 21:38:09.462 INFO  [17] [VM.GlobalScript.LogHelper+<>c::<.cctor>b__8_0@0] ProcessID-1660-,2025-11-28 21:38:09.017 [62] [GlobalManager::HandleCmd] Receive end:SetCommunicateData

2025-11-28 21:38:09.462 INFO  [17] [VM.GlobalScript.LogHelper+<>c::<.cctor>b__8_0@0] ProcessID-1660-,2025-11-28 21:38:09.377 [62] [GlobalManager::HandleCmd] Receive:SetCommunicateData

2025-11-28 21:38:09.463 INFO  [17] [VM.GlobalScript.LogHelper+<>c::<.cctor>b__8_0@0] ProcessID-1660-,2025-11-28 21:38:09.377 [62] [GlobalManager::HandleCmd] Receive end:SetCommunicateData

2025-11-29 14:41:26.725 INFO  [17] [VM.GlobalScript.LogHelper+<>c::<.cctor>b__8_0@0] ProcessID-1660-,2025-11-29 14:41:26.387 [62] [GlobalManager::HandleCmd] Receive:SetCommunicateData

2025-11-29 14:41:26.725 INFO  [17] [VM.GlobalScript.LogHelper+<>c::<.cctor>b__8_0@0] ProcessID-1660-,2025-11-29 14:41:26.387 [62] [GlobalManager::HandleCmd] Receive end:SetCommunicateData

2025-11-29 14:41:27.727 INFO  [17] [VM.GlobalScript.LogHelper+<>c::<.cctor>b__8_0@0] ProcessID-1660-,2025-11-29 14:41:26.875 [62] [GlobalManager::HandleCmd] Receive:SetCommunicateData

2025-11-29 14:41:27.727 INFO  [17] [VM.GlobalScript.LogHelper+<>c::<.cctor>b__8_0@0] ProcessID-1660-,2025-11-29 14:41:26.875 [62] [GlobalManager::HandleCmd] Receive end:SetCommunicateData

2025-11-29 14:41:27.727 INFO  [17] [VM.GlobalScript.LogHelper+<>c::<.cctor>b__8_0@0] ProcessID-1660-,2025-11-29 14:41:26.997 [62] [GlobalManager::HandleCmd] Receive:SetCommunicateData

2025-11-29 14:41:27.728 INFO  [17] [VM.GlobalScript.LogHelper+<>c::<.cctor>b__8_0@0] ProcessID-1660-,2025-11-29 14:41:26.997 [62] [GlobalManager::HandleCmd] Receive end:SetCommunicateData

2025-11-29 14:41:27.728 INFO  [17] [VM.GlobalScript.LogHelper+<>c::<.cctor>b__8_0@0] ProcessID-1660-,2025-11-29 14:41:27.432 [62] [GlobalManager::HandleCmd] Receive:SetCommunicateData

2025-11-29 14:41:27.728 INFO  [17] [VM.GlobalScript.LogHelper+<>c::<.cctor>b__8_0@0] ProcessID-1660-,2025-11-29 14:41:27.432 [62] [GlobalManager::HandleCmd] Receive end:SetCommunicateData

2025-11-29 14:41:29.732 INFO  [17] [VM.GlobalScript.LogHelper+<>c::<.cctor>b__8_0@0] ProcessID-1660-,2025-11-29 14:41:28.984 [62] [GlobalManager::HandleCmd] Receive:SetCommunicateData

2025-11-29 14:41:29.732 INFO  [17] [VM.GlobalScript.LogHelper+<>c::<.cctor>b__8_0@0] ProcessID-1660-,2025-11-29 14:41:28.984 [62] [GlobalManager::HandleCmd] Receive end:SetCommunicateData

2025-11-29 14:41:29.733 INFO  [17] [VM.GlobalScript.LogHelper+<>c::<.cctor>b__8_0@0] ProcessID-1660-,2025-11-29 14:41:29.422 [62] [GlobalManager::HandleCmd] Receive:SetCommunicateData

2025-11-29 14:41:29.733 INFO  [17] [VM.GlobalScript.LogHelper+<>c::<.cctor>b__8_0@0] ProcessID-1660-,2025-11-29 14:41:29.422 [62] [GlobalManager::HandleCmd] Receive end:SetCommunicateData

2025-11-29 14:41:29.733 INFO  [17] [VM.GlobalScript.LogHelper+<>c::<.cctor>b__8_0@0] ProcessID-1660-,2025-11-29 14:41:29.497 [62] [GlobalManager::HandleCmd] Receive:SetCommunicateData

2025-11-29 14:41:29.734 INFO  [17] [VM.GlobalScript.LogHelper+<>c::<.cctor>b__8_0@0] ProcessID-1660-,2025-11-29 14:41:29.497 [62] [GlobalManager::HandleCmd] Receive end:SetCommunicateData

2025-11-29 14:41:30.735 INFO  [17] [VM.GlobalScript.LogHelper+<>c::<.cctor>b__8_0@0] ProcessID-1660-,2025-11-29 14:41:29.932 [62] [GlobalManager::HandleCmd] Receive:SetCommunicateData

2025-11-29 14:41:30.735 INFO  [17] [VM.GlobalScript.LogHelper+<>c::<.cctor>b__8_0@0] ProcessID-1660-,2025-11-29 14:41:29.932 [62] [GlobalManager::HandleCmd] Receive end:SetCommunicateData

2025-11-29 14:45:47.132 INFO  [17] [VM.GlobalScript.LogHelper+<>c::<.cctor>b__8_0@0] ProcessID-1660-,2025-11-29 14:45:46.186 [62] [GlobalManager::HandleCmd] Receive:SetCommunicateData

2025-11-29 14:45:47.132 INFO  [17] [VM.GlobalScript.LogHelper+<>c::<.cctor>b__8_0@0] ProcessID-1660-,2025-11-29 14:45:46.186 [62] [GlobalManager::HandleCmd] Receive end:SetCommunicateData

2025-11-29 14:45:47.132 INFO  [17] [VM.GlobalScript.LogHelper+<>c::<.cctor>b__8_0@0] ProcessID-1660-,2025-11-29 14:45:46.621 [62] [GlobalManager::HandleCmd] Receive:SetCommunicateData

2025-11-29 14:45:47.132 INFO  [17] [VM.GlobalScript.LogHelper+<>c::<.cctor>b__8_0@0] ProcessID-1660-,2025-11-29 14:45:46.622 [62] [GlobalManager::HandleCmd] Receive end:SetCommunicateData

2025-11-29 14:45:47.133 INFO  [17] [VM.GlobalScript.LogHelper+<>c::<.cctor>b__8_0@0] ProcessID-1660-,2025-11-29 14:45:46.685 [62] [GlobalManager::HandleCmd] Receive:SetCommunicateData

2025-11-29 14:45:47.133 INFO  [17] [VM.GlobalScript.LogHelper+<>c::<.cctor>b__8_0@0] ProcessID-1660-,2025-11-29 14:45:46.685 [62] [GlobalManager::HandleCmd] Receive end:SetCommunicateData

2025-11-29 14:45:47.133 INFO  [17] [VM.GlobalScript.LogHelper+<>c::<.cctor>b__8_0@0] ProcessID-1660-,2025-11-29 14:45:47.111 [62] [GlobalManager::HandleCmd] Receive:SetCommunicateData

2025-11-29 14:45:47.133 INFO  [17] [VM.GlobalScript.LogHelper+<>c::<.cctor>b__8_0@0] ProcessID-1660-,2025-11-29 14:45:47.111 [62] [GlobalManager::HandleCmd] Receive end:SetCommunicateData

2025-11-29 14:45:52.152 INFO  [17] [VM.GlobalScript.LogHelper+<>c::<.cctor>b__8_0@0] ProcessID-1660-,2025-11-29 14:45:51.604 [62] [GlobalManager::HandleCmd] Receive:SetCommunicateData

2025-11-29 14:45:52.152 INFO  [17] [VM.GlobalScript.LogHelper+<>c::<.cctor>b__8_0@0] ProcessID-1660-,2025-11-29 14:45:51.604 [62] [GlobalManager::HandleCmd] Receive end:SetCommunicateData

2025-11-29 14:45:52.152 INFO  [17] [VM.GlobalScript.LogHelper+<>c::<.cctor>b__8_0@0] ProcessID-1660-,2025-11-29 14:45:51.984 [62] [GlobalManager::HandleCmd] Receive:SetCommunicateData

2025-11-29 14:45:52.152 INFO  [17] [VM.GlobalScript.LogHelper+<>c::<.cctor>b__8_0@0] ProcessID-1660-,2025-11-29 14:45:51.984 [62] [GlobalManager::HandleCmd] Receive end:SetCommunicateData

2025-11-29 14:45:52.153 INFO  [17] [VM.GlobalScript.LogHelper+<>c::<.cctor>b__8_0@0] ProcessID-1660-,2025-11-29 14:45:52.025 [62] [GlobalManager::HandleCmd] Receive:SetCommunicateData

2025-11-29 14:45:52.153 INFO  [17] [VM.GlobalScript.LogHelper+<>c::<.cctor>b__8_0@0] ProcessID-1660-,2025-11-29 14:45:52.025 [62] [GlobalManager::HandleCmd] Receive end:SetCommunicateData

2025-11-29 14:45:52.153 INFO  [17] [VM.GlobalScript.LogHelper+<>c::<.cctor>b__8_0@0] ProcessID-1660-,2025-11-29 14:45:52.085 [62] [GlobalManager::HandleCmd] Receive:SetCommunicateData

2025-11-29 14:45:52.153 INFO  [17] [VM.GlobalScript.LogHelper+<>c::<.cctor>b__8_0@0] ProcessID-1660-,2025-11-29 14:45:52.085 [62] [GlobalManager::HandleCmd] Receive end:SetCommunicateData

2025-11-29 14:45:53.161 INFO  [17] [VM.GlobalScript.LogHelper+<>c::<.cctor>b__8_0@0] ProcessID-1660-,2025-11-29 14:45:52.466 [62] [GlobalManager::HandleCmd] Receive:SetCommunicateData

2025-11-29 14:45:53.161 INFO  [17] [VM.GlobalScript.LogHelper+<>c::<.cctor>b__8_0@0] ProcessID-1660-,2025-11-29 14:45:52.467 [62] [GlobalManager::HandleCmd] Receive end:SetCommunicateData

2025-11-29 14:45:53.161 INFO  [17] [VM.GlobalScript.LogHelper+<>c::<.cctor>b__8_0@0] ProcessID-1660-,2025-11-29 14:45:52.482 [62] [GlobalManager::HandleCmd] Receive:SetCommunicateData

2025-11-29 14:45:53.162 INFO  [17] [VM.GlobalScript.LogHelper+<>c::<.cctor>b__8_0@0] ProcessID-1660-,2025-11-29 14:45:52.482 [62] [GlobalManager::HandleCmd] Receive end:SetCommunicateData

2025-11-29 14:46:03.224 INFO  [17] [VM.GlobalScript.LogHelper+<>c::<.cctor>b__8_0@0] ProcessID-1660-,2025-11-29 14:46:02.346 [62] [GlobalManager::HandleCmd] Receive:SetCommunicateData

2025-11-29 14:46:03.224 INFO  [17] [VM.GlobalScript.LogHelper+<>c::<.cctor>b__8_0@0] ProcessID-1660-,2025-11-29 14:46:02.346 [62] [GlobalManager::HandleCmd] Receive end:SetCommunicateData

2025-11-29 14:46:03.224 INFO  [17] [VM.GlobalScript.LogHelper+<>c::<.cctor>b__8_0@0] ProcessID-1660-,2025-11-29 14:46:02.726 [62] [GlobalManager::HandleCmd] Receive:SetCommunicateData

2025-11-29 14:46:03.224 INFO  [17] [VM.GlobalScript.LogHelper+<>c::<.cctor>b__8_0@0] ProcessID-1660-,2025-11-29 14:46:02.726 [62] [GlobalManager::HandleCmd] Receive end:SetCommunicateData

2025-11-29 14:46:03.224 INFO  [17] [VM.GlobalScript.LogHelper+<>c::<.cctor>b__8_0@0] ProcessID-1660-,2025-11-29 14:46:02.803 [62] [GlobalManager::HandleCmd] Receive:SetCommunicateData

2025-11-29 14:46:03.225 INFO  [17] [VM.GlobalScript.LogHelper+<>c::<.cctor>b__8_0@0] ProcessID-1660-,2025-11-29 14:46:02.803 [62] [GlobalManager::HandleCmd] Receive end:SetCommunicateData

2025-11-29 14:46:03.225 INFO  [17] [VM.GlobalScript.LogHelper+<>c::<.cctor>b__8_0@0] ProcessID-1660-,2025-11-29 14:46:03.181 [62] [GlobalManager::HandleCmd] Receive:SetCommunicateData

2025-11-29 14:46:03.225 INFO  [17] [VM.GlobalScript.LogHelper+<>c::<.cctor>b__8_0@0] ProcessID-1660-,2025-11-29 14:46:03.182 [62] [GlobalManager::HandleCmd] Receive end:SetCommunicateData

2025-11-29 14:46:03.225 INFO  [17] [VM.GlobalScript.LogHelper+<>c::<.cctor>b__8_0@0] ProcessID-1660-,2025-11-29 14:46:03.199 [62] [GlobalManager::HandleCmd] Receive:SetCommunicateData

2025-11-29 14:46:03.225 INFO  [17] [VM.GlobalScript.LogHelper+<>c::<.cctor>b__8_0@0] ProcessID-1660-,2025-11-29 14:46:03.199 [62] [GlobalManager::HandleCmd] Receive end:SetCommunicateData

2025-12-03 13:50:28.312 INFO  [13] [VM.GlobalScript.LogHelper+<>c::<.cctor>b__8_0@0] ProcessID-1800-,2025-12-03 13:50:27.296 [5] [GlobalScript::Init]  ====================================================V4.3.0 GlobalScript Start Print Log====================================================

2025-12-03 13:50:31.369 INFO  [13] [VM.GlobalScript.LogHelper+<>c::<.cctor>b__8_0@0] ProcessID-1800-,2025-12-03 13:50:30.926 [20] [GlobalManager::HandleCmd] Receive:CloseScript

2025-12-03 13:50:31.369 INFO  [13] [VM.GlobalScript.LogHelper+<>c::<.cctor>b__8_0@0] ProcessID-1800-,2025-12-03 13:50:30.926 [20] [GlobalManager::HandleCmd] Receive end:CloseScript

2025-12-03 13:50:32.400 INFO  [13] [VM.GlobalScript.LogHelper+<>c::<.cctor>b__8_0@0] ProcessID-1800-,2025-12-03 13:50:32.322 [6] [GlobalManager::objLoadDefaultScriptTime_Elapsed] Load default globalScript begin

2025-12-03 13:50:32.400 INFO  [13] [VM.GlobalScript.LogHelper+<>c::<.cctor>b__8_0@0] ProcessID-1800-,2025-12-03 13:50:32.322 [6] [UserGlobalScriptManger::compileGlobalScript] Compile begin

2025-12-03 13:50:33.408 INFO  [13] [VM.GlobalScript.LogHelper+<>c::<.cctor>b__8_0@0] ProcessID-1800-,2025-12-03 13:50:32.650 [6] [UserGlobalScriptSupport::CompileCode] 2025-12-03 13:50:32:650 : Compile complete -- 0 Errors, 0 Warnings 


2025-12-03 13:50:33.408 INFO  [13] [VM.GlobalScript.LogHelper+<>c::<.cctor>b__8_0@0] ProcessID-1800-,2025-12-03 13:50:32.806 [6] [UserGlobalScriptManger::updateBackFile] Update BackFile end

2025-12-03 13:50:33.408 INFO  [13] [VM.GlobalScript.LogHelper+<>c::<.cctor>b__8_0@0] ProcessID-1800-,2025-12-03 13:50:32.806 [6] [UserGlobalScriptManger::compileGlobalScript] Compile end

2025-12-03 13:50:33.408 INFO  [13] [VM.GlobalScript.LogHelper+<>c::<.cctor>b__8_0@0] ProcessID-1800-,2025-12-03 13:50:32.806 [6] [GlobalManager::objLoadDefaultScriptTime_Elapsed] Load default globalScript end

2025-12-03 13:50:35.420 INFO  [13] [VM.GlobalScript.LogHelper+<>c::<.cctor>b__8_0@0] ProcessID-1800-,2025-12-03 13:50:34.694 [20] [GlobalManager::HandleCmd] Receive:LoadSolution

2025-12-03 13:50:35.420 INFO  [13] [VM.GlobalScript.LogHelper+<>c::<.cctor>b__8_0@0] ProcessID-1800-,2025-12-03 13:50:34.741 [20] [GlobalManager::HandleCmd] Receive end:LoadSolution

2025-12-03 13:50:35.420 INFO  [13] [VM.GlobalScript.LogHelper+<>c::<.cctor>b__8_0@0] ProcessID-1800-,2025-12-03 13:50:34.741 [6] [UserGlobalScriptManger::compileGlobalScript] Compile begin

2025-12-03 13:50:35.420 INFO  [13] [VM.GlobalScript.LogHelper+<>c::<.cctor>b__8_0@0] ProcessID-1800-,2025-12-03 13:50:35.006 [6] [UserGlobalScriptSupport::CompileCode] 2025-12-03 13:50:35:006 : Compile complete -- 0 Errors, 0 Warnings 


2025-12-03 13:50:35.420 INFO  [13] [VM.GlobalScript.LogHelper+<>c::<.cctor>b__8_0@0] ProcessID-1800-,2025-12-03 13:50:35.006 [6] [UserGlobalScriptManger::updateBackFile] Update BackFile end

2025-12-03 13:50:35.420 INFO  [13] [VM.GlobalScript.LogHelper+<>c::<.cctor>b__8_0@0] ProcessID-1800-,2025-12-03 13:50:35.006 [6] [UserGlobalScriptManger::compileGlobalScript] Compile end

2025-12-03 13:50:40.492 INFO  [13] [VM.GlobalScript.LogHelper+<>c::<.cctor>b__8_0@0] ProcessID-1800-,2025-12-03 13:50:39.883 [20] [GlobalManager::HandleCmd] Receive:LoadSolutionEnd

2025-12-03 13:50:40.492 INFO  [13] [VM.GlobalScript.LogHelper+<>c::<.cctor>b__8_0@0] ProcessID-1800-,2025-12-03 13:50:39.883 [20] [GlobalManager::HandleCmd] Receive end:LoadSolutionEnd

2025-12-03 13:50:40.492 INFO  [13] [VM.GlobalScript.LogHelper+<>c::<.cctor>b__8_0@0] ProcessID-1800-,2025-12-03 13:50:39.883 [6] [UserGlobalScriptManger::loadInitAction] ExecuteLoadInit start

2025-12-03 19:36:13.488 INFO  [13] [VM.GlobalScript.LogHelper+<>c::<.cctor>b__8_0@0] ProcessID-1800-,2025-12-03 19:36:13.410 [39] [GlobalManager::HandleCmd] Receive:SetCommunicateData

2025-12-03 19:36:13.488 INFO  [13] [VM.GlobalScript.LogHelper+<>c::<.cctor>b__8_0@0] ProcessID-1800-,2025-12-03 19:36:13.410 [39] [GlobalManager::HandleCmd] Receive end:SetCommunicateData

2025-12-03 19:36:13.488 INFO  [13] [VM.GlobalScript.LogHelper+<>c::<.cctor>b__8_0@0] ProcessID-1800-,2025-12-03 19:36:13.457 [39] [GlobalManager::HandleCmd] Receive:SetCommunicateData

2025-12-03 19:36:13.488 INFO  [13] [VM.GlobalScript.LogHelper+<>c::<.cctor>b__8_0@0] ProcessID-1800-,2025-12-03 19:36:13.457 [39] [GlobalManager::HandleCmd] Receive end:SetCommunicateData

2025-12-03 19:36:14.504 INFO  [13] [VM.GlobalScript.LogHelper+<>c::<.cctor>b__8_0@0] ProcessID-1800-,2025-12-03 19:36:14.098 [39] [GlobalManager::HandleCmd] Receive:SetCommunicateData

2025-12-03 19:36:14.504 INFO  [13] [VM.GlobalScript.LogHelper+<>c::<.cctor>b__8_0@0] ProcessID-1800-,2025-12-03 19:36:14.098 [39] [GlobalManager::HandleCmd] Receive end:SetCommunicateData

2025-12-03 19:36:14.504 INFO  [13] [VM.GlobalScript.LogHelper+<>c::<.cctor>b__8_0@0] ProcessID-1800-,2025-12-03 19:36:14.144 [39] [GlobalManager::HandleCmd] Receive:SetCommunicateData

2025-12-03 19:36:14.504 INFO  [13] [VM.GlobalScript.LogHelper+<>c::<.cctor>b__8_0@0] ProcessID-1800-,2025-12-03 19:36:14.144 [39] [GlobalManager::HandleCmd] Receive end:SetCommunicateData

2025-12-03 19:36:14.504 INFO  [13] [VM.GlobalScript.LogHelper+<>c::<.cctor>b__8_0@0] ProcessID-1800-,2025-12-03 19:36:14.301 [39] [GlobalManager::HandleCmd] Receive:SetCommunicateData

2025-12-03 19:36:14.504 INFO  [13] [VM.GlobalScript.LogHelper+<>c::<.cctor>b__8_0@0] ProcessID-1800-,2025-12-03 19:36:14.301 [39] [GlobalManager::HandleCmd] Receive end:SetCommunicateData

2025-12-03 19:36:15.519 INFO  [13] [VM.GlobalScript.LogHelper+<>c::<.cctor>b__8_0@0] ProcessID-1800-,2025-12-03 19:36:14.738 [39] [GlobalManager::HandleCmd] Receive:SetCommunicateData

2025-12-03 19:36:15.519 INFO  [13] [VM.GlobalScript.LogHelper+<>c::<.cctor>b__8_0@0] ProcessID-1800-,2025-12-03 19:36:14.738 [39] [GlobalManager::HandleCmd] Receive end:SetCommunicateData

2025-12-03 19:38:12.304 INFO  [13] [VM.GlobalScript.LogHelper+<>c::<.cctor>b__8_0@0] ProcessID-1800-,2025-12-03 19:38:11.976 [39] [GlobalManager::HandleCmd] Receive:SetCommunicateData

2025-12-03 19:38:12.304 INFO  [13] [VM.GlobalScript.LogHelper+<>c::<.cctor>b__8_0@0] ProcessID-1800-,2025-12-03 19:38:11.976 [39] [GlobalManager::HandleCmd] Receive end:SetCommunicateData

2025-12-03 19:38:13.319 INFO  [13] [VM.GlobalScript.LogHelper+<>c::<.cctor>b__8_0@0] ProcessID-1800-,2025-12-03 19:38:12.413 [39] [GlobalManager::HandleCmd] Receive:SetCommunicateData

2025-12-03 19:38:13.319 INFO  [13] [VM.GlobalScript.LogHelper+<>c::<.cctor>b__8_0@0] ProcessID-1800-,2025-12-03 19:38:12.413 [39] [GlobalManager::HandleCmd] Receive end:SetCommunicateData

2025-12-03 19:38:13.319 INFO  [13] [VM.GlobalScript.LogHelper+<>c::<.cctor>b__8_0@0] ProcessID-1800-,2025-12-03 19:38:12.491 [39] [GlobalManager::HandleCmd] Receive:SetCommunicateData

2025-12-03 19:38:13.319 INFO  [13] [VM.GlobalScript.LogHelper+<>c::<.cctor>b__8_0@0] ProcessID-1800-,2025-12-03 19:38:12.491 [39] [GlobalManager::HandleCmd] Receive end:SetCommunicateData

2025-12-03 19:38:13.319 INFO  [13] [VM.GlobalScript.LogHelper+<>c::<.cctor>b__8_0@0] ProcessID-1800-,2025-12-03 19:38:12.960 [39] [GlobalManager::HandleCmd] Receive:SetCommunicateData

2025-12-03 19:38:13.319 INFO  [13] [VM.GlobalScript.LogHelper+<>c::<.cctor>b__8_0@0] ProcessID-1800-,2025-12-03 19:38:12.960 [39] [GlobalManager::HandleCmd] Receive end:SetCommunicateData

2025-12-03 19:38:17.381 INFO  [13] [VM.GlobalScript.LogHelper+<>c::<.cctor>b__8_0@0] ProcessID-1800-,2025-12-03 19:38:17.209 [39] [GlobalManager::HandleCmd] Receive:SetCommunicateData

2025-12-03 19:38:17.381 INFO  [13] [VM.GlobalScript.LogHelper+<>c::<.cctor>b__8_0@0] ProcessID-1800-,2025-12-03 19:38:17.209 [39] [GlobalManager::HandleCmd] Receive end:SetCommunicateData

2025-12-03 19:38:17.381 INFO  [13] [VM.GlobalScript.LogHelper+<>c::<.cctor>b__8_0@0] ProcessID-1800-,2025-12-03 19:38:17.256 [39] [GlobalManager::HandleCmd] Receive:SetCommunicateData

2025-12-03 19:38:17.381 INFO  [13] [VM.GlobalScript.LogHelper+<>c::<.cctor>b__8_0@0] ProcessID-1800-,2025-12-03 19:38:17.256 [39] [GlobalManager::HandleCmd] Receive end:SetCommunicateData

2025-12-03 19:38:18.397 INFO  [13] [VM.GlobalScript.LogHelper+<>c::<.cctor>b__8_0@0] ProcessID-1800-,2025-12-03 19:38:17.678 [39] [GlobalManager::HandleCmd] Receive:SetCommunicateData

2025-12-03 19:38:18.397 INFO  [13] [VM.GlobalScript.LogHelper+<>c::<.cctor>b__8_0@0] ProcessID-1800-,2025-12-03 19:38:17.678 [39] [GlobalManager::HandleCmd] Receive end:SetCommunicateData

2025-12-03 19:38:18.397 INFO  [13] [VM.GlobalScript.LogHelper+<>c::<.cctor>b__8_0@0] ProcessID-1800-,2025-12-03 19:38:17.756 [39] [GlobalManager::HandleCmd] Receive:SetCommunicateData

2025-12-03 19:38:18.397 INFO  [13] [VM.GlobalScript.LogHelper+<>c::<.cctor>b__8_0@0] ProcessID-1800-,2025-12-03 19:38:17.756 [39] [GlobalManager::HandleCmd] Receive end:SetCommunicateData

2025-12-03 19:38:18.397 INFO  [13] [VM.GlobalScript.LogHelper+<>c::<.cctor>b__8_0@0] ProcessID-1800-,2025-12-03 19:38:18.225 [39] [GlobalManager::HandleCmd] Receive:SetCommunicateData

2025-12-03 19:38:18.397 INFO  [13] [VM.GlobalScript.LogHelper+<>c::<.cctor>b__8_0@0] ProcessID-1800-,2025-12-03 19:38:18.225 [39] [GlobalManager::HandleCmd] Receive end:SetCommunicateData

2025-12-03 19:38:25.505 INFO  [13] [VM.GlobalScript.LogHelper+<>c::<.cctor>b__8_0@0] ProcessID-1800-,2025-12-03 19:38:25.318 [39] [GlobalManager::HandleCmd] Receive:SetCommunicateData

2025-12-03 19:38:25.505 INFO  [13] [VM.GlobalScript.LogHelper+<>c::<.cctor>b__8_0@0] ProcessID-1800-,2025-12-03 19:38:25.318 [39] [GlobalManager::HandleCmd] Receive end:SetCommunicateData

2025-12-03 19:38:26.521 INFO  [13] [VM.GlobalScript.LogHelper+<>c::<.cctor>b__8_0@0] ProcessID-1800-,2025-12-03 19:38:25.709 [39] [GlobalManager::HandleCmd] Receive:SetCommunicateData

2025-12-03 19:38:26.521 INFO  [13] [VM.GlobalScript.LogHelper+<>c::<.cctor>b__8_0@0] ProcessID-1800-,2025-12-03 19:38:25.709 [39] [GlobalManager::HandleCmd] Receive end:SetCommunicateData

2025-12-03 19:38:26.521 INFO  [13] [VM.GlobalScript.LogHelper+<>c::<.cctor>b__8_0@0] ProcessID-1800-,2025-12-03 19:38:25.787 [39] [GlobalManager::HandleCmd] Receive:SetCommunicateData

2025-12-03 19:38:26.521 INFO  [13] [VM.GlobalScript.LogHelper+<>c::<.cctor>b__8_0@0] ProcessID-1800-,2025-12-03 19:38:25.787 [39] [GlobalManager::HandleCmd] Receive end:SetCommunicateData

2025-12-03 19:38:26.521 INFO  [13] [VM.GlobalScript.LogHelper+<>c::<.cctor>b__8_0@0] ProcessID-1800-,2025-12-03 19:38:26.224 [39] [GlobalManager::HandleCmd] Receive:SetCommunicateData

2025-12-03 19:38:26.521 INFO  [13] [VM.GlobalScript.LogHelper+<>c::<.cctor>b__8_0@0] ProcessID-1800-,2025-12-03 19:38:26.224 [39] [GlobalManager::HandleCmd] Receive end:SetCommunicateData

2025-12-03 19:38:30.583 INFO  [13] [VM.GlobalScript.LogHelper+<>c::<.cctor>b__8_0@0] ProcessID-1800-,2025-12-03 19:38:30.364 [39] [GlobalManager::HandleCmd] Receive:SetCommunicateData

2025-12-03 19:38:30.583 INFO  [13] [VM.GlobalScript.LogHelper+<>c::<.cctor>b__8_0@0] ProcessID-1800-,2025-12-03 19:38:30.364 [39] [GlobalManager::HandleCmd] Receive end:SetCommunicateData

2025-12-03 19:38:31.599 INFO  [13] [VM.GlobalScript.LogHelper+<>c::<.cctor>b__8_0@0] ProcessID-1800-,2025-12-03 19:38:30.802 [39] [GlobalManager::HandleCmd] Receive:SetCommunicateData

2025-12-03 19:38:31.599 INFO  [13] [VM.GlobalScript.LogHelper+<>c::<.cctor>b__8_0@0] ProcessID-1800-,2025-12-03 19:38:30.802 [39] [GlobalManager::HandleCmd] Receive end:SetCommunicateData

2025-12-03 19:38:31.599 INFO  [13] [VM.GlobalScript.LogHelper+<>c::<.cctor>b__8_0@0] ProcessID-1800-,2025-12-03 19:38:31.224 [39] [GlobalManager::HandleCmd] Receive:SetCommunicateData

2025-12-03 19:38:31.599 INFO  [13] [VM.GlobalScript.LogHelper+<>c::<.cctor>b__8_0@0] ProcessID-1800-,2025-12-03 19:38:31.224 [39] [GlobalManager::HandleCmd] Receive end:SetCommunicateData

2025-12-03 19:39:09.173 INFO  [13] [VM.GlobalScript.LogHelper+<>c::<.cctor>b__8_0@0] ProcessID-1800-,2025-12-03 19:39:09.126 [39] [GlobalManager::HandleCmd] Receive:SetCommunicateData

2025-12-03 19:39:09.173 INFO  [13] [VM.GlobalScript.LogHelper+<>c::<.cctor>b__8_0@0] ProcessID-1800-,2025-12-03 19:39:09.126 [39] [GlobalManager::HandleCmd] Receive end:SetCommunicateData

2025-12-03 19:39:10.188 INFO  [13] [VM.GlobalScript.LogHelper+<>c::<.cctor>b__8_0@0] ProcessID-1800-,2025-12-03 19:39:09.563 [39] [GlobalManager::HandleCmd] Receive:SetCommunicateData

2025-12-03 19:39:10.188 INFO  [13] [VM.GlobalScript.LogHelper+<>c::<.cctor>b__8_0@0] ProcessID-1800-,2025-12-03 19:39:09.563 [39] [GlobalManager::HandleCmd] Receive end:SetCommunicateData

2025-12-03 19:39:10.188 INFO  [13] [VM.GlobalScript.LogHelper+<>c::<.cctor>b__8_0@0] ProcessID-1800-,2025-12-03 19:39:10.001 [39] [GlobalManager::HandleCmd] Receive:SetCommunicateData

2025-12-03 19:39:10.188 INFO  [13] [VM.GlobalScript.LogHelper+<>c::<.cctor>b__8_0@0] ProcessID-1800-,2025-12-03 19:39:10.001 [39] [GlobalManager::HandleCmd] Receive end:SetCommunicateData

2025-12-03 19:39:12.219 INFO  [13] [VM.GlobalScript.LogHelper+<>c::<.cctor>b__8_0@0] ProcessID-1800-,2025-12-03 19:39:11.485 [39] [GlobalManager::HandleCmd] Receive:SetCommunicateData

2025-12-03 19:39:12.219 INFO  [13] [VM.GlobalScript.LogHelper+<>c::<.cctor>b__8_0@0] ProcessID-1800-,2025-12-03 19:39:11.485 [39] [GlobalManager::HandleCmd] Receive end:SetCommunicateData

2025-12-03 19:39:12.219 INFO  [13] [VM.GlobalScript.LogHelper+<>c::<.cctor>b__8_0@0] ProcessID-1800-,2025-12-03 19:39:11.922 [39] [GlobalManager::HandleCmd] Receive:SetCommunicateData

2025-12-03 19:39:12.219 INFO  [13] [VM.GlobalScript.LogHelper+<>c::<.cctor>b__8_0@0] ProcessID-1800-,2025-12-03 19:39:11.922 [39] [GlobalManager::HandleCmd] Receive end:SetCommunicateData

2025-12-03 19:39:13.235 INFO  [13] [VM.GlobalScript.LogHelper+<>c::<.cctor>b__8_0@0] ProcessID-1800-,2025-12-03 19:39:12.360 [39] [GlobalManager::HandleCmd] Receive:SetCommunicateData

2025-12-03 19:39:13.235 INFO  [13] [VM.GlobalScript.LogHelper+<>c::<.cctor>b__8_0@0] ProcessID-1800-,2025-12-03 19:39:12.360 [39] [GlobalManager::HandleCmd] Receive end:SetCommunicateData

2025-12-03 19:39:14.250 INFO  [13] [VM.GlobalScript.LogHelper+<>c::<.cctor>b__8_0@0] ProcessID-1800-,2025-12-03 19:39:13.813 [39] [GlobalManager::HandleCmd] Receive:SetCommunicateData

2025-12-03 19:39:14.250 INFO  [13] [VM.GlobalScript.LogHelper+<>c::<.cctor>b__8_0@0] ProcessID-1800-,2025-12-03 19:39:13.813 [39] [GlobalManager::HandleCmd] Receive end:SetCommunicateData

2025-12-03 19:39:14.250 INFO  [13] [VM.GlobalScript.LogHelper+<>c::<.cctor>b__8_0@0] ProcessID-1800-,2025-12-03 19:39:14.219 [39] [GlobalManager::HandleCmd] Receive:SetCommunicateData

2025-12-03 19:39:14.250 INFO  [13] [VM.GlobalScript.LogHelper+<>c::<.cctor>b__8_0@0] ProcessID-1800-,2025-12-03 19:39:14.219 [39] [GlobalManager::HandleCmd] Receive end:SetCommunicateData

2025-12-03 19:39:15.266 INFO  [13] [VM.GlobalScript.LogHelper+<>c::<.cctor>b__8_0@0] ProcessID-1800-,2025-12-03 19:39:14.328 [39] [GlobalManager::HandleCmd] Receive:SetCommunicateData

2025-12-03 19:39:15.266 INFO  [13] [VM.GlobalScript.LogHelper+<>c::<.cctor>b__8_0@0] ProcessID-1800-,2025-12-03 19:39:14.328 [39] [GlobalManager::HandleCmd] Receive end:SetCommunicateData

2025-12-03 19:39:15.266 INFO  [13] [VM.GlobalScript.LogHelper+<>c::<.cctor>b__8_0@0] ProcessID-1800-,2025-12-03 19:39:14.719 [39] [GlobalManager::HandleCmd] Receive:SetCommunicateData

2025-12-03 19:39:15.266 INFO  [13] [VM.GlobalScript.LogHelper+<>c::<.cctor>b__8_0@0] ProcessID-1800-,2025-12-03 19:39:14.719 [39] [GlobalManager::HandleCmd] Receive end:SetCommunicateData

2025-12-03 19:39:16.281 INFO  [13] [VM.GlobalScript.LogHelper+<>c::<.cctor>b__8_0@0] ProcessID-1800-,2025-12-03 19:39:16.016 [39] [GlobalManager::HandleCmd] Receive:SetCommunicateData

2025-12-03 19:39:16.281 INFO  [13] [VM.GlobalScript.LogHelper+<>c::<.cctor>b__8_0@0] ProcessID-1800-,2025-12-03 19:39:16.016 [39] [GlobalManager::HandleCmd] Receive end:SetCommunicateData

2025-12-03 19:39:16.281 INFO  [13] [VM.GlobalScript.LogHelper+<>c::<.cctor>b__8_0@0] ProcessID-1800-,2025-12-03 19:39:16.063 [39] [GlobalManager::HandleCmd] Receive:SetCommunicateData

2025-12-03 19:39:16.281 INFO  [13] [VM.GlobalScript.LogHelper+<>c::<.cctor>b__8_0@0] ProcessID-1800-,2025-12-03 19:39:16.063 [39] [GlobalManager::HandleCmd] Receive end:SetCommunicateData

2025-12-03 19:39:17.297 INFO  [13] [VM.GlobalScript.LogHelper+<>c::<.cctor>b__8_0@0] ProcessID-1800-,2025-12-03 19:39:16.469 [39] [GlobalManager::HandleCmd] Receive:SetCommunicateData

2025-12-03 19:39:17.297 INFO  [13] [VM.GlobalScript.LogHelper+<>c::<.cctor>b__8_0@0] ProcessID-1800-,2025-12-03 19:39:16.469 [39] [GlobalManager::HandleCmd] Receive end:SetCommunicateData

2025-12-03 19:39:17.297 INFO  [13] [VM.GlobalScript.LogHelper+<>c::<.cctor>b__8_0@0] ProcessID-1800-,2025-12-03 19:39:16.547 [39] [GlobalManager::HandleCmd] Receive:SetCommunicateData

2025-12-03 19:39:17.297 INFO  [13] [VM.GlobalScript.LogHelper+<>c::<.cctor>b__8_0@0] ProcessID-1800-,2025-12-03 19:39:16.547 [39] [GlobalManager::HandleCmd] Receive end:SetCommunicateData

2025-12-03 19:39:17.297 INFO  [13] [VM.GlobalScript.LogHelper+<>c::<.cctor>b__8_0@0] ProcessID-1800-,2025-12-03 19:39:16.953 [39] [GlobalManager::HandleCmd] Receive:SetCommunicateData

2025-12-03 19:39:17.297 INFO  [13] [VM.GlobalScript.LogHelper+<>c::<.cctor>b__8_0@0] ProcessID-1800-,2025-12-03 19:39:16.953 [39] [GlobalManager::HandleCmd] Receive end:SetCommunicateData

2025-12-03 19:39:41.669 INFO  [13] [VM.GlobalScript.LogHelper+<>c::<.cctor>b__8_0@0] ProcessID-1800-,2025-12-03 19:39:41.622 [39] [GlobalManager::HandleCmd] Receive:SetCommunicateData

2025-12-03 19:39:41.669 INFO  [13] [VM.GlobalScript.LogHelper+<>c::<.cctor>b__8_0@0] ProcessID-1800-,2025-12-03 19:39:41.622 [39] [GlobalManager::HandleCmd] Receive end:SetCommunicateData

2025-12-03 19:39:42.685 INFO  [13] [VM.GlobalScript.LogHelper+<>c::<.cctor>b__8_0@0] ProcessID-1800-,2025-12-03 19:39:42.013 [39] [GlobalManager::HandleCmd] Receive:SetCommunicateData

2025-12-03 19:39:42.685 INFO  [13] [VM.GlobalScript.LogHelper+<>c::<.cctor>b__8_0@0] ProcessID-1800-,2025-12-03 19:39:42.013 [39] [GlobalManager::HandleCmd] Receive end:SetCommunicateData

2025-12-03 19:39:42.685 INFO  [13] [VM.GlobalScript.LogHelper+<>c::<.cctor>b__8_0@0] ProcessID-1800-,2025-12-03 19:39:42.091 [39] [GlobalManager::HandleCmd] Receive:SetCommunicateData

2025-12-03 19:39:42.685 INFO  [13] [VM.GlobalScript.LogHelper+<>c::<.cctor>b__8_0@0] ProcessID-1800-,2025-12-03 19:39:42.091 [39] [GlobalManager::HandleCmd] Receive end:SetCommunicateData

2025-12-03 19:39:42.685 INFO  [13] [VM.GlobalScript.LogHelper+<>c::<.cctor>b__8_0@0] ProcessID-1800-,2025-12-03 19:39:42.482 [39] [GlobalManager::HandleCmd] Receive:SetCommunicateData

2025-12-03 19:39:42.685 INFO  [13] [VM.GlobalScript.LogHelper+<>c::<.cctor>b__8_0@0] ProcessID-1800-,2025-12-03 19:39:42.482 [39] [GlobalManager::HandleCmd] Receive end:SetCommunicateData

2025-12-03 19:39:44.716 INFO  [13] [VM.GlobalScript.LogHelper+<>c::<.cctor>b__8_0@0] ProcessID-1800-,2025-12-03 19:39:43.778 [39] [GlobalManager::HandleCmd] Receive:SetCommunicateData

2025-12-03 19:39:44.716 INFO  [13] [VM.GlobalScript.LogHelper+<>c::<.cctor>b__8_0@0] ProcessID-1800-,2025-12-03 19:39:43.778 [39] [GlobalManager::HandleCmd] Receive end:SetCommunicateData

2025-12-03 19:39:44.716 INFO  [13] [VM.GlobalScript.LogHelper+<>c::<.cctor>b__8_0@0] ProcessID-1800-,2025-12-03 19:39:43.825 [39] [GlobalManager::HandleCmd] Receive:SetCommunicateData

2025-12-03 19:39:44.716 INFO  [13] [VM.GlobalScript.LogHelper+<>c::<.cctor>b__8_0@0] ProcessID-1800-,2025-12-03 19:39:43.825 [39] [GlobalManager::HandleCmd] Receive end:SetCommunicateData

2025-12-03 19:39:44.716 INFO  [13] [VM.GlobalScript.LogHelper+<>c::<.cctor>b__8_0@0] ProcessID-1800-,2025-12-03 19:39:44.231 [39] [GlobalManager::HandleCmd] Receive:SetCommunicateData

2025-12-03 19:39:44.716 INFO  [13] [VM.GlobalScript.LogHelper+<>c::<.cctor>b__8_0@0] ProcessID-1800-,2025-12-03 19:39:44.231 [39] [GlobalManager::HandleCmd] Receive end:SetCommunicateData

2025-12-03 19:39:44.716 INFO  [13] [VM.GlobalScript.LogHelper+<>c::<.cctor>b__8_0@0] ProcessID-1800-,2025-12-03 19:39:44.310 [39] [GlobalManager::HandleCmd] Receive:SetCommunicateData

2025-12-03 19:39:44.716 INFO  [13] [VM.GlobalScript.LogHelper+<>c::<.cctor>b__8_0@0] ProcessID-1800-,2025-12-03 19:39:44.310 [39] [GlobalManager::HandleCmd] Receive end:SetCommunicateData

2025-12-03 19:39:45.731 INFO  [13] [VM.GlobalScript.LogHelper+<>c::<.cctor>b__8_0@0] ProcessID-1800-,2025-12-03 19:39:44.747 [39] [GlobalManager::HandleCmd] Receive:SetCommunicateData

2025-12-03 19:39:45.731 INFO  [13] [VM.GlobalScript.LogHelper+<>c::<.cctor>b__8_0@0] ProcessID-1800-,2025-12-03 19:39:44.747 [39] [GlobalManager::HandleCmd] Receive end:SetCommunicateData

2025-12-03 19:39:49.793 INFO  [13] [VM.GlobalScript.LogHelper+<>c::<.cctor>b__8_0@0] ProcessID-1800-,2025-12-03 19:39:48.887 [39] [GlobalManager::HandleCmd] Receive:SetCommunicateData

2025-12-03 19:39:49.793 INFO  [13] [VM.GlobalScript.LogHelper+<>c::<.cctor>b__8_0@0] ProcessID-1800-,2025-12-03 19:39:48.887 [39] [GlobalManager::HandleCmd] Receive end:SetCommunicateData

2025-12-03 19:39:49.793 INFO  [13] [VM.GlobalScript.LogHelper+<>c::<.cctor>b__8_0@0] ProcessID-1800-,2025-12-03 19:39:49.184 [39] [GlobalManager::HandleCmd] Receive:SetCommunicateData

2025-12-03 19:39:49.793 INFO  [13] [VM.GlobalScript.LogHelper+<>c::<.cctor>b__8_0@0] ProcessID-1800-,2025-12-03 19:39:49.184 [39] [GlobalManager::HandleCmd] Receive end:SetCommunicateData

2025-12-03 19:40:55.802 INFO  [13] [VM.GlobalScript.LogHelper+<>c::<.cctor>b__8_0@0] ProcessID-1800-,2025-12-03 19:40:54.911 [39] [GlobalManager::HandleCmd] Receive:SetCommunicateData

2025-12-03 19:40:55.802 INFO  [13] [VM.GlobalScript.LogHelper+<>c::<.cctor>b__8_0@0] ProcessID-1800-,2025-12-03 19:40:54.911 [39] [GlobalManager::HandleCmd] Receive end:SetCommunicateData

2025-12-03 19:40:55.802 INFO  [13] [VM.GlobalScript.LogHelper+<>c::<.cctor>b__8_0@0] ProcessID-1800-,2025-12-03 19:40:55.302 [39] [GlobalManager::HandleCmd] Receive:SetCommunicateData

2025-12-03 19:40:55.802 INFO  [13] [VM.GlobalScript.LogHelper+<>c::<.cctor>b__8_0@0] ProcessID-1800-,2025-12-03 19:40:55.302 [39] [GlobalManager::HandleCmd] Receive end:SetCommunicateData

2025-12-03 19:40:55.802 INFO  [13] [VM.GlobalScript.LogHelper+<>c::<.cctor>b__8_0@0] ProcessID-1800-,2025-12-03 19:40:55.380 [39] [GlobalManager::HandleCmd] Receive:SetCommunicateData

2025-12-03 19:40:55.802 INFO  [13] [VM.GlobalScript.LogHelper+<>c::<.cctor>b__8_0@0] ProcessID-1800-,2025-12-03 19:40:55.380 [39] [GlobalManager::HandleCmd] Receive end:SetCommunicateData

2025-12-03 19:40:55.802 INFO  [13] [VM.GlobalScript.LogHelper+<>c::<.cctor>b__8_0@0] ProcessID-1800-,2025-12-03 19:40:55.771 [39] [GlobalManager::HandleCmd] Receive:SetCommunicateData

2025-12-03 19:40:55.802 INFO  [13] [VM.GlobalScript.LogHelper+<>c::<.cctor>b__8_0@0] ProcessID-1800-,2025-12-03 19:40:55.771 [39] [GlobalManager::HandleCmd] Receive end:SetCommunicateData

2025-12-03 19:43:51.486 INFO  [13] [VM.GlobalScript.LogHelper+<>c::<.cctor>b__8_0@0] ProcessID-1800-,2025-12-03 19:43:51.080 [39] [GlobalManager::HandleCmd] Receive:SetCommunicateData

2025-12-03 19:43:51.486 INFO  [13] [VM.GlobalScript.LogHelper+<>c::<.cctor>b__8_0@0] ProcessID-1800-,2025-12-03 19:43:51.080 [39] [GlobalManager::HandleCmd] Receive end:SetCommunicateData

2025-12-03 19:43:51.486 INFO  [13] [VM.GlobalScript.LogHelper+<>c::<.cctor>b__8_0@0] ProcessID-1800-,2025-12-03 19:43:51.471 [39] [GlobalManager::HandleCmd] Receive:SetCommunicateData

2025-12-03 19:43:51.486 INFO  [13] [VM.GlobalScript.LogHelper+<>c::<.cctor>b__8_0@0] ProcessID-1800-,2025-12-03 19:43:51.471 [39] [GlobalManager::HandleCmd] Receive end:SetCommunicateData

2025-12-03 19:43:52.502 INFO  [13] [VM.GlobalScript.LogHelper+<>c::<.cctor>b__8_0@0] ProcessID-1800-,2025-12-03 19:43:51.549 [39] [GlobalManager::HandleCmd] Receive:SetCommunicateData

2025-12-03 19:43:52.502 INFO  [13] [VM.GlobalScript.LogHelper+<>c::<.cctor>b__8_0@0] ProcessID-1800-,2025-12-03 19:43:51.549 [39] [GlobalManager::HandleCmd] Receive end:SetCommunicateData

2025-12-03 19:43:52.502 INFO  [13] [VM.GlobalScript.LogHelper+<>c::<.cctor>b__8_0@0] ProcessID-1800-,2025-12-03 19:43:51.939 [39] [GlobalManager::HandleCmd] Receive:SetCommunicateData

2025-12-03 19:43:52.502 INFO  [13] [VM.GlobalScript.LogHelper+<>c::<.cctor>b__8_0@0] ProcessID-1800-,2025-12-03 19:43:51.939 [39] [GlobalManager::HandleCmd] Receive end:SetCommunicateData

2025-12-03 19:43:59.611 INFO  [13] [VM.GlobalScript.LogHelper+<>c::<.cctor>b__8_0@0] ProcessID-1800-,2025-12-03 19:43:58.611 [39] [GlobalManager::HandleCmd] Receive:SetCommunicateData

2025-12-03 19:43:59.611 INFO  [13] [VM.GlobalScript.LogHelper+<>c::<.cctor>b__8_0@0] ProcessID-1800-,2025-12-03 19:43:58.611 [39] [GlobalManager::HandleCmd] Receive end:SetCommunicateData

2025-12-03 19:43:59.611 INFO  [13] [VM.GlobalScript.LogHelper+<>c::<.cctor>b__8_0@0] ProcessID-1800-,2025-12-03 19:43:59.001 [39] [GlobalManager::HandleCmd] Receive:SetCommunicateData

2025-12-03 19:43:59.611 INFO  [13] [VM.GlobalScript.LogHelper+<>c::<.cctor>b__8_0@0] ProcessID-1800-,2025-12-03 19:43:59.001 [39] [GlobalManager::HandleCmd] Receive end:SetCommunicateData

2025-12-03 19:43:59.611 INFO  [13] [VM.GlobalScript.LogHelper+<>c::<.cctor>b__8_0@0] ProcessID-1800-,2025-12-03 19:43:59.079 [39] [GlobalManager::HandleCmd] Receive:SetCommunicateData

2025-12-03 19:43:59.611 INFO  [13] [VM.GlobalScript.LogHelper+<>c::<.cctor>b__8_0@0] ProcessID-1800-,2025-12-03 19:43:59.079 [39] [GlobalManager::HandleCmd] Receive end:SetCommunicateData

2025-12-03 19:43:59.611 INFO  [13] [VM.GlobalScript.LogHelper+<>c::<.cctor>b__8_0@0] ProcessID-1800-,2025-12-03 19:43:59.486 [39] [GlobalManager::HandleCmd] Receive:SetCommunicateData

2025-12-03 19:43:59.611 INFO  [13] [VM.GlobalScript.LogHelper+<>c::<.cctor>b__8_0@0] ProcessID-1800-,2025-12-03 19:43:59.486 [39] [GlobalManager::HandleCmd] Receive end:SetCommunicateData

2025-12-03 19:44:14.843 INFO  [13] [VM.GlobalScript.LogHelper+<>c::<.cctor>b__8_0@0] ProcessID-1800-,2025-12-03 19:44:14.312 [39] [GlobalManager::HandleCmd] Receive:SetCommunicateData

2025-12-03 19:44:14.843 INFO  [13] [VM.GlobalScript.LogHelper+<>c::<.cctor>b__8_0@0] ProcessID-1800-,2025-12-03 19:44:14.312 [39] [GlobalManager::HandleCmd] Receive end:SetCommunicateData

2025-12-03 19:44:14.843 INFO  [13] [VM.GlobalScript.LogHelper+<>c::<.cctor>b__8_0@0] ProcessID-1800-,2025-12-03 19:44:14.703 [39] [GlobalManager::HandleCmd] Receive:SetCommunicateData

2025-12-03 19:44:14.843 INFO  [13] [VM.GlobalScript.LogHelper+<>c::<.cctor>b__8_0@0] ProcessID-1800-,2025-12-03 19:44:14.703 [39] [GlobalManager::HandleCmd] Receive end:SetCommunicateData

2025-12-03 19:44:14.843 INFO  [13] [VM.GlobalScript.LogHelper+<>c::<.cctor>b__8_0@0] ProcessID-1800-,2025-12-03 19:44:14.781 [39] [GlobalManager::HandleCmd] Receive:SetCommunicateData

2025-12-03 19:44:14.843 INFO  [13] [VM.GlobalScript.LogHelper+<>c::<.cctor>b__8_0@0] ProcessID-1800-,2025-12-03 19:44:14.781 [39] [GlobalManager::HandleCmd] Receive end:SetCommunicateData

2025-12-03 19:44:15.859 INFO  [13] [VM.GlobalScript.LogHelper+<>c::<.cctor>b__8_0@0] ProcessID-1800-,2025-12-03 19:44:15.218 [39] [GlobalManager::HandleCmd] Receive:SetCommunicateData

2025-12-03 19:44:15.859 INFO  [13] [VM.GlobalScript.LogHelper+<>c::<.cctor>b__8_0@0] ProcessID-1800-,2025-12-03 19:44:15.218 [39] [GlobalManager::HandleCmd] Receive end:SetCommunicateData

2025-12-03 19:44:19.921 INFO  [13] [VM.GlobalScript.LogHelper+<>c::<.cctor>b__8_0@0] ProcessID-1800-,2025-12-03 19:44:19.358 [39] [GlobalManager::HandleCmd] Receive:SetCommunicateData

2025-12-03 19:44:19.921 INFO  [13] [VM.GlobalScript.LogHelper+<>c::<.cctor>b__8_0@0] ProcessID-1800-,2025-12-03 19:44:19.358 [39] [GlobalManager::HandleCmd] Receive end:SetCommunicateData

2025-12-03 19:44:19.921 INFO  [13] [VM.GlobalScript.LogHelper+<>c::<.cctor>b__8_0@0] ProcessID-1800-,2025-12-03 19:44:19.749 [39] [GlobalManager::HandleCmd] Receive:SetCommunicateData

2025-12-03 19:44:19.921 INFO  [13] [VM.GlobalScript.LogHelper+<>c::<.cctor>b__8_0@0] ProcessID-1800-,2025-12-03 19:44:19.749 [39] [GlobalManager::HandleCmd] Receive end:SetCommunicateData

2025-12-03 19:44:19.921 INFO  [13] [VM.GlobalScript.LogHelper+<>c::<.cctor>b__8_0@0] ProcessID-1800-,2025-12-03 19:44:19.827 [39] [GlobalManager::HandleCmd] Receive:SetCommunicateData

2025-12-03 19:44:19.921 INFO  [13] [VM.GlobalScript.LogHelper+<>c::<.cctor>b__8_0@0] ProcessID-1800-,2025-12-03 19:44:19.827 [39] [GlobalManager::HandleCmd] Receive end:SetCommunicateData

2025-12-03 19:44:20.936 INFO  [13] [VM.GlobalScript.LogHelper+<>c::<.cctor>b__8_0@0] ProcessID-1800-,2025-12-03 19:44:20.265 [39] [GlobalManager::HandleCmd] Receive:SetCommunicateData

2025-12-03 19:44:20.936 INFO  [13] [VM.GlobalScript.LogHelper+<>c::<.cctor>b__8_0@0] ProcessID-1800-,2025-12-03 19:44:20.265 [39] [GlobalManager::HandleCmd] Receive end:SetCommunicateData

2025-12-03 19:45:12.728 INFO  [13] [VM.GlobalScript.LogHelper+<>c::<.cctor>b__8_0@0] ProcessID-1800-,2025-12-03 19:45:12.337 [39] [GlobalManager::HandleCmd] Receive:SetCommunicateData

2025-12-03 19:45:12.728 INFO  [13] [VM.GlobalScript.LogHelper+<>c::<.cctor>b__8_0@0] ProcessID-1800-,2025-12-03 19:45:12.337 [39] [GlobalManager::HandleCmd] Receive end:SetCommunicateData

2025-12-03 19:45:13.743 INFO  [13] [VM.GlobalScript.LogHelper+<>c::<.cctor>b__8_0@0] ProcessID-1800-,2025-12-03 19:45:12.728 [39] [GlobalManager::HandleCmd] Receive:SetCommunicateData

2025-12-03 19:45:13.743 INFO  [13] [VM.GlobalScript.LogHelper+<>c::<.cctor>b__8_0@0] ProcessID-1800-,2025-12-03 19:45:12.728 [39] [GlobalManager::HandleCmd] Receive end:SetCommunicateData

2025-12-03 19:45:13.743 INFO  [13] [VM.GlobalScript.LogHelper+<>c::<.cctor>b__8_0@0] ProcessID-1800-,2025-12-03 19:45:12.806 [39] [GlobalManager::HandleCmd] Receive:SetCommunicateData

2025-12-03 19:45:13.743 INFO  [13] [VM.GlobalScript.LogHelper+<>c::<.cctor>b__8_0@0] ProcessID-1800-,2025-12-03 19:45:12.806 [39] [GlobalManager::HandleCmd] Receive end:SetCommunicateData

2025-12-03 19:45:13.743 INFO  [13] [VM.GlobalScript.LogHelper+<>c::<.cctor>b__8_0@0] ProcessID-1800-,2025-12-03 19:45:13.196 [39] [GlobalManager::HandleCmd] Receive:SetCommunicateData

2025-12-03 19:45:13.743 INFO  [13] [VM.GlobalScript.LogHelper+<>c::<.cctor>b__8_0@0] ProcessID-1800-,2025-12-03 19:45:13.196 [39] [GlobalManager::HandleCmd] Receive end:SetCommunicateData

2025-12-03 19:45:17.805 INFO  [13] [VM.GlobalScript.LogHelper+<>c::<.cctor>b__8_0@0] ProcessID-1800-,2025-12-03 19:45:17.337 [39] [GlobalManager::HandleCmd] Receive:SetCommunicateData

2025-12-03 19:45:17.805 INFO  [13] [VM.GlobalScript.LogHelper+<>c::<.cctor>b__8_0@0] ProcessID-1800-,2025-12-03 19:45:17.337 [39] [GlobalManager::HandleCmd] Receive end:SetCommunicateData

2025-12-03 19:45:17.805 INFO  [13] [VM.GlobalScript.LogHelper+<>c::<.cctor>b__8_0@0] ProcessID-1800-,2025-12-03 19:45:17.727 [39] [GlobalManager::HandleCmd] Receive:SetCommunicateData

2025-12-03 19:45:17.805 INFO  [13] [VM.GlobalScript.LogHelper+<>c::<.cctor>b__8_0@0] ProcessID-1800-,2025-12-03 19:45:17.727 [39] [GlobalManager::HandleCmd] Receive end:SetCommunicateData

2025-12-03 19:45:18.821 INFO  [13] [VM.GlobalScript.LogHelper+<>c::<.cctor>b__8_0@0] ProcessID-1800-,2025-12-03 19:45:17.805 [39] [GlobalManager::HandleCmd] Receive:SetCommunicateData

2025-12-03 19:45:18.821 INFO  [13] [VM.GlobalScript.LogHelper+<>c::<.cctor>b__8_0@0] ProcessID-1800-,2025-12-03 19:45:17.805 [39] [GlobalManager::HandleCmd] Receive end:SetCommunicateData

2025-12-03 19:45:18.821 INFO  [13] [VM.GlobalScript.LogHelper+<>c::<.cctor>b__8_0@0] ProcessID-1800-,2025-12-03 19:45:18.212 [39] [GlobalManager::HandleCmd] Receive:SetCommunicateData

2025-12-03 19:45:18.821 INFO  [13] [VM.GlobalScript.LogHelper+<>c::<.cctor>b__8_0@0] ProcessID-1800-,2025-12-03 19:45:18.212 [39] [GlobalManager::HandleCmd] Receive end:SetCommunicateData

2025-12-03 19:45:19.836 INFO  [13] [VM.GlobalScript.LogHelper+<>c::<.cctor>b__8_0@0] ProcessID-1800-,2025-12-03 19:45:19.493 [39] [GlobalManager::HandleCmd] Receive:SetCommunicateData

2025-12-03 19:45:19.836 INFO  [13] [VM.GlobalScript.LogHelper+<>c::<.cctor>b__8_0@0] ProcessID-1800-,2025-12-03 19:45:19.493 [39] [GlobalManager::HandleCmd] Receive end:SetCommunicateData

2025-12-03 19:45:19.836 INFO  [13] [VM.GlobalScript.LogHelper+<>c::<.cctor>b__8_0@0] ProcessID-1800-,2025-12-03 19:45:19.540 [39] [GlobalManager::HandleCmd] Receive:SetCommunicateData

2025-12-03 19:45:19.836 INFO  [13] [VM.GlobalScript.LogHelper+<>c::<.cctor>b__8_0@0] ProcessID-1800-,2025-12-03 19:45:19.540 [39] [GlobalManager::HandleCmd] Receive end:SetCommunicateData

2025-12-03 19:45:20.852 INFO  [13] [VM.GlobalScript.LogHelper+<>c::<.cctor>b__8_0@0] ProcessID-1800-,2025-12-03 19:45:19.930 [39] [GlobalManager::HandleCmd] Receive:SetCommunicateData

2025-12-03 19:45:20.852 INFO  [13] [VM.GlobalScript.LogHelper+<>c::<.cctor>b__8_0@0] ProcessID-1800-,2025-12-03 19:45:19.930 [39] [GlobalManager::HandleCmd] Receive end:SetCommunicateData

2025-12-03 19:45:20.852 INFO  [13] [VM.GlobalScript.LogHelper+<>c::<.cctor>b__8_0@0] ProcessID-1800-,2025-12-03 19:45:20.008 [39] [GlobalManager::HandleCmd] Receive:SetCommunicateData

2025-12-03 19:45:20.852 INFO  [13] [VM.GlobalScript.LogHelper+<>c::<.cctor>b__8_0@0] ProcessID-1800-,2025-12-03 19:45:20.008 [39] [GlobalManager::HandleCmd] Receive end:SetCommunicateData

2025-12-03 19:45:20.852 INFO  [13] [VM.GlobalScript.LogHelper+<>c::<.cctor>b__8_0@0] ProcessID-1800-,2025-12-03 19:45:20.430 [39] [GlobalManager::HandleCmd] Receive:SetCommunicateData

2025-12-03 19:45:20.852 INFO  [13] [VM.GlobalScript.LogHelper+<>c::<.cctor>b__8_0@0] ProcessID-1800-,2025-12-03 19:45:20.430 [39] [GlobalManager::HandleCmd] Receive end:SetCommunicateData

2025-12-03 19:45:22.883 INFO  [13] [VM.GlobalScript.LogHelper+<>c::<.cctor>b__8_0@0] ProcessID-1800-,2025-12-03 19:45:21.914 [39] [GlobalManager::HandleCmd] Receive:SetCommunicateData

2025-12-03 19:45:22.883 INFO  [13] [VM.GlobalScript.LogHelper+<>c::<.cctor>b__8_0@0] ProcessID-1800-,2025-12-03 19:45:21.914 [39] [GlobalManager::HandleCmd] Receive end:SetCommunicateData

2025-12-03 19:45:22.883 INFO  [13] [VM.GlobalScript.LogHelper+<>c::<.cctor>b__8_0@0] ProcessID-1800-,2025-12-03 19:45:22.352 [39] [GlobalManager::HandleCmd] Receive:SetCommunicateData

2025-12-03 19:45:22.883 INFO  [13] [VM.GlobalScript.LogHelper+<>c::<.cctor>b__8_0@0] ProcessID-1800-,2025-12-03 19:45:22.352 [39] [GlobalManager::HandleCmd] Receive end:SetCommunicateData

2025-12-03 19:45:22.883 INFO  [13] [VM.GlobalScript.LogHelper+<>c::<.cctor>b__8_0@0] ProcessID-1800-,2025-12-03 19:45:22.789 [39] [GlobalManager::HandleCmd] Receive:SetCommunicateData

2025-12-03 19:45:22.883 INFO  [13] [VM.GlobalScript.LogHelper+<>c::<.cctor>b__8_0@0] ProcessID-1800-,2025-12-03 19:45:22.789 [39] [GlobalManager::HandleCmd] Receive end:SetCommunicateData

2025-12-03 19:45:24.914 INFO  [13] [VM.GlobalScript.LogHelper+<>c::<.cctor>b__8_0@0] ProcessID-1800-,2025-12-03 19:45:24.070 [39] [GlobalManager::HandleCmd] Receive:SetCommunicateData

2025-12-03 19:45:24.914 INFO  [13] [VM.GlobalScript.LogHelper+<>c::<.cctor>b__8_0@0] ProcessID-1800-,2025-12-03 19:45:24.070 [39] [GlobalManager::HandleCmd] Receive end:SetCommunicateData

2025-12-03 19:45:24.914 INFO  [13] [VM.GlobalScript.LogHelper+<>c::<.cctor>b__8_0@0] ProcessID-1800-,2025-12-03 19:45:24.117 [39] [GlobalManager::HandleCmd] Receive:SetCommunicateData

2025-12-03 19:45:24.914 INFO  [13] [VM.GlobalScript.LogHelper+<>c::<.cctor>b__8_0@0] ProcessID-1800-,2025-12-03 19:45:24.117 [39] [GlobalManager::HandleCmd] Receive end:SetCommunicateData

2025-12-03 19:45:24.914 INFO  [13] [VM.GlobalScript.LogHelper+<>c::<.cctor>b__8_0@0] ProcessID-1800-,2025-12-03 19:45:24.508 [39] [GlobalManager::HandleCmd] Receive:SetCommunicateData

2025-12-03 19:45:24.914 INFO  [13] [VM.GlobalScript.LogHelper+<>c::<.cctor>b__8_0@0] ProcessID-1800-,2025-12-03 19:45:24.508 [39] [GlobalManager::HandleCmd] Receive end:SetCommunicateData

2025-12-03 19:45:24.914 INFO  [13] [VM.GlobalScript.LogHelper+<>c::<.cctor>b__8_0@0] ProcessID-1800-,2025-12-03 19:45:24.586 [39] [GlobalManager::HandleCmd] Receive:SetCommunicateData

2025-12-03 19:45:24.914 INFO  [13] [VM.GlobalScript.LogHelper+<>c::<.cctor>b__8_0@0] ProcessID-1800-,2025-12-03 19:45:24.586 [39] [GlobalManager::HandleCmd] Receive end:SetCommunicateData

2025-12-03 19:45:25.929 INFO  [13] [VM.GlobalScript.LogHelper+<>c::<.cctor>b__8_0@0] ProcessID-1800-,2025-12-03 19:45:24.914 [39] [GlobalManager::HandleCmd] Receive:SetCommunicateData

2025-12-03 19:45:25.929 INFO  [13] [VM.GlobalScript.LogHelper+<>c::<.cctor>b__8_0@0] ProcessID-1800-,2025-12-03 19:45:24.914 [39] [GlobalManager::HandleCmd] Receive end:SetCommunicateData

2025-12-03 19:45:25.929 INFO  [13] [VM.GlobalScript.LogHelper+<>c::<.cctor>b__8_0@0] ProcessID-1800-,2025-12-03 19:45:24.961 [39] [GlobalManager::HandleCmd] Receive:SetCommunicateData

2025-12-03 19:45:25.929 INFO  [13] [VM.GlobalScript.LogHelper+<>c::<.cctor>b__8_0@0] ProcessID-1800-,2025-12-03 19:45:24.961 [39] [GlobalManager::HandleCmd] Receive end:SetCommunicateData

2025-12-03 19:49:13.229 INFO  [13] [VM.GlobalScript.LogHelper+<>c::<.cctor>b__8_0@0] ProcessID-1800-,2025-12-03 19:49:12.607 [39] [GlobalManager::HandleCmd] Receive:SetCommunicateData

2025-12-03 19:49:13.229 INFO  [13] [VM.GlobalScript.LogHelper+<>c::<.cctor>b__8_0@0] ProcessID-1800-,2025-12-03 19:49:12.607 [39] [GlobalManager::HandleCmd] Receive end:SetCommunicateData

2025-12-03 19:49:13.229 INFO  [13] [VM.GlobalScript.LogHelper+<>c::<.cctor>b__8_0@0] ProcessID-1800-,2025-12-03 19:49:12.654 [39] [GlobalManager::HandleCmd] Receive:SetCommunicateData

2025-12-03 19:49:13.229 INFO  [13] [VM.GlobalScript.LogHelper+<>c::<.cctor>b__8_0@0] ProcessID-1800-,2025-12-03 19:49:12.654 [39] [GlobalManager::HandleCmd] Receive end:SetCommunicateData

2025-12-03 19:49:13.229 INFO  [13] [VM.GlobalScript.LogHelper+<>c::<.cctor>b__8_0@0] ProcessID-1800-,2025-12-03 19:49:13.104 [39] [GlobalManager::HandleCmd] Receive:SetCommunicateData

2025-12-03 19:49:13.229 INFO  [13] [VM.GlobalScript.LogHelper+<>c::<.cctor>b__8_0@0] ProcessID-1800-,2025-12-03 19:49:13.104 [39] [GlobalManager::HandleCmd] Receive end:SetCommunicateData

2025-12-03 19:49:14.245 INFO  [13] [VM.GlobalScript.LogHelper+<>c::<.cctor>b__8_0@0] ProcessID-1800-,2025-12-03 19:49:13.526 [39] [GlobalManager::HandleCmd] Receive:SetCommunicateData

2025-12-03 19:49:14.245 INFO  [13] [VM.GlobalScript.LogHelper+<>c::<.cctor>b__8_0@0] ProcessID-1800-,2025-12-03 19:49:13.526 [39] [GlobalManager::HandleCmd] Receive end:SetCommunicateData

2025-12-03 19:51:33.359 INFO  [13] [VM.GlobalScript.LogHelper+<>c::<.cctor>b__8_0@0] ProcessID-1800-,2025-12-03 19:51:32.843 [39] [GlobalManager::HandleCmd] Receive:SetCommunicateData

2025-12-03 19:51:33.359 INFO  [13] [VM.GlobalScript.LogHelper+<>c::<.cctor>b__8_0@0] ProcessID-1800-,2025-12-03 19:51:32.843 [39] [GlobalManager::HandleCmd] Receive end:SetCommunicateData

2025-12-03 19:51:33.359 INFO  [13] [VM.GlobalScript.LogHelper+<>c::<.cctor>b__8_0@0] ProcessID-1800-,2025-12-03 19:51:33.249 [39] [GlobalManager::HandleCmd] Receive:SetCommunicateData

2025-12-03 19:51:33.359 INFO  [13] [VM.GlobalScript.LogHelper+<>c::<.cctor>b__8_0@0] ProcessID-1800-,2025-12-03 19:51:33.249 [39] [GlobalManager::HandleCmd] Receive end:SetCommunicateData

2025-12-03 19:51:33.359 INFO  [13] [VM.GlobalScript.LogHelper+<>c::<.cctor>b__8_0@0] ProcessID-1800-,2025-12-03 19:51:33.327 [39] [GlobalManager::HandleCmd] Receive:SetCommunicateData

2025-12-03 19:51:33.359 INFO  [13] [VM.GlobalScript.LogHelper+<>c::<.cctor>b__8_0@0] ProcessID-1800-,2025-12-03 19:51:33.327 [39] [GlobalManager::HandleCmd] Receive end:SetCommunicateData

2025-12-03 19:51:34.374 INFO  [13] [VM.GlobalScript.LogHelper+<>c::<.cctor>b__8_0@0] ProcessID-1800-,2025-12-03 19:51:33.765 [39] [GlobalManager::HandleCmd] Receive:SetCommunicateData

2025-12-03 19:51:34.374 INFO  [13] [VM.GlobalScript.LogHelper+<>c::<.cctor>b__8_0@0] ProcessID-1800-,2025-12-03 19:51:33.765 [39] [GlobalManager::HandleCmd] Receive end:SetCommunicateData

2025-12-03 19:57:41.991 INFO  [13] [VM.GlobalScript.LogHelper+<>c::<.cctor>b__8_0@0] ProcessID-1800-,2025-12-03 19:57:41.944 [39] [GlobalManager::HandleCmd] Receive:SetCommunicateData

2025-12-03 19:57:41.991 INFO  [13] [VM.GlobalScript.LogHelper+<>c::<.cctor>b__8_0@0] ProcessID-1800-,2025-12-03 19:57:41.944 [39] [GlobalManager::HandleCmd] Receive end:SetCommunicateData

2025-12-03 19:57:43.007 INFO  [13] [VM.GlobalScript.LogHelper+<>c::<.cctor>b__8_0@0] ProcessID-1800-,2025-12-03 19:57:42.241 [39] [GlobalManager::HandleCmd] Receive:SetCommunicateData

2025-12-03 19:57:43.007 INFO  [13] [VM.GlobalScript.LogHelper+<>c::<.cctor>b__8_0@0] ProcessID-1800-,2025-12-03 19:57:42.241 [39] [GlobalManager::HandleCmd] Receive end:SetCommunicateData

2025-12-03 19:57:43.007 INFO  [13] [VM.GlobalScript.LogHelper+<>c::<.cctor>b__8_0@0] ProcessID-1800-,2025-12-03 19:57:42.288 [39] [GlobalManager::HandleCmd] Receive:SetCommunicateData

2025-12-03 19:57:43.007 INFO  [13] [VM.GlobalScript.LogHelper+<>c::<.cctor>b__8_0@0] ProcessID-1800-,2025-12-03 19:57:42.288 [39] [GlobalManager::HandleCmd] Receive end:SetCommunicateData

2025-12-03 20:13:06.352 INFO  [13] [VM.GlobalScript.LogHelper+<>c::<.cctor>b__8_0@0] ProcessID-1800-,2025-12-03 20:13:05.680 [39] [GlobalManager::HandleCmd] Receive:SetCommunicateData

2025-12-03 20:13:06.352 INFO  [13] [VM.GlobalScript.LogHelper+<>c::<.cctor>b__8_0@0] ProcessID-1800-,2025-12-03 20:13:05.680 [39] [GlobalManager::HandleCmd] Receive end:SetCommunicateData

2025-12-03 20:13:06.352 INFO  [13] [VM.GlobalScript.LogHelper+<>c::<.cctor>b__8_0@0] ProcessID-1800-,2025-12-03 20:13:05.727 [39] [GlobalManager::HandleCmd] Receive:SetCommunicateData

2025-12-03 20:13:06.352 INFO  [13] [VM.GlobalScript.LogHelper+<>c::<.cctor>b__8_0@0] ProcessID-1800-,2025-12-03 20:13:05.727 [39] [GlobalManager::HandleCmd] Receive end:SetCommunicateData

2025-12-03 20:13:06.352 INFO  [13] [VM.GlobalScript.LogHelper+<>c::<.cctor>b__8_0@0] ProcessID-1800-,2025-12-03 20:13:06.024 [39] [GlobalManager::HandleCmd] Receive:SetCommunicateData

2025-12-03 20:13:06.352 INFO  [13] [VM.GlobalScript.LogHelper+<>c::<.cctor>b__8_0@0] ProcessID-1800-,2025-12-03 20:13:06.024 [39] [GlobalManager::HandleCmd] Receive end:SetCommunicateData

2025-12-03 20:13:06.352 INFO  [13] [VM.GlobalScript.LogHelper+<>c::<.cctor>b__8_0@0] ProcessID-1800-,2025-12-03 20:13:06.071 [39] [GlobalManager::HandleCmd] Receive:SetCommunicateData

2025-12-03 20:13:06.352 INFO  [13] [VM.GlobalScript.LogHelper+<>c::<.cctor>b__8_0@0] ProcessID-1800-,2025-12-03 20:13:06.071 [39] [GlobalManager::HandleCmd] Receive end:SetCommunicateData

2025-12-03 20:13:53.053 INFO  [13] [VM.GlobalScript.LogHelper+<>c::<.cctor>b__8_0@0] ProcessID-1800-,2025-12-03 20:13:52.585 [39] [GlobalManager::HandleCmd] Receive:SetCommunicateData

2025-12-03 20:13:53.053 INFO  [13] [VM.GlobalScript.LogHelper+<>c::<.cctor>b__8_0@0] ProcessID-1800-,2025-12-03 20:13:52.585 [39] [GlobalManager::HandleCmd] Receive end:SetCommunicateData

2025-12-03 20:13:55.084 INFO  [13] [VM.GlobalScript.LogHelper+<>c::<.cctor>b__8_0@0] ProcessID-1800-,2025-12-03 20:13:54.491 [39] [GlobalManager::HandleCmd] Receive:SetCommunicateData

2025-12-03 20:13:55.084 INFO  [13] [VM.GlobalScript.LogHelper+<>c::<.cctor>b__8_0@0] ProcessID-1800-,2025-12-03 20:13:54.491 [39] [GlobalManager::HandleCmd] Receive end:SetCommunicateData

2025-12-03 20:13:55.084 INFO  [13] [VM.GlobalScript.LogHelper+<>c::<.cctor>b__8_0@0] ProcessID-1800-,2025-12-03 20:13:54.897 [39] [GlobalManager::HandleCmd] Receive:SetCommunicateData

2025-12-03 20:13:55.084 INFO  [13] [VM.GlobalScript.LogHelper+<>c::<.cctor>b__8_0@0] ProcessID-1800-,2025-12-03 20:13:54.897 [39] [GlobalManager::HandleCmd] Receive end:SetCommunicateData

2025-12-03 20:16:08.078 INFO  [13] [VM.GlobalScript.LogHelper+<>c::<.cctor>b__8_0@0] ProcessID-1800-,2025-12-03 20:16:07.414 [20] [GlobalManager::HandleCmd] Receive:SaveSolution

2025-12-03 20:16:08.078 INFO  [13] [VM.GlobalScript.LogHelper+<>c::<.cctor>b__8_0@0] ProcessID-1800-,2025-12-03 20:16:07.417 [20] [UserGlobalScriptManger::SaveSolutionByMap] save solution byte len:3713

2025-12-03 20:16:08.078 INFO  [13] [VM.GlobalScript.LogHelper+<>c::<.cctor>b__8_0@0] ProcessID-1800-,2025-12-03 20:16:07.417 [20] [GlobalManager::HandleCmd] Receive end:SaveSolution

2025-12-03 20:16:08.078 INFO  [13] [VM.GlobalScript.LogHelper+<>c::<.cctor>b__8_0@0] ProcessID-1800-,2025-12-03 20:16:07.417 [20] [GlobalManager::HandleCmd] Receive:SaveSolution

2025-12-03 20:16:08.079 INFO  [13] [VM.GlobalScript.LogHelper+<>c::<.cctor>b__8_0@0] ProcessID-1800-,2025-12-03 20:16:07.417 [20] [UserGlobalScriptManger::SaveSolutionByMap] save solution byte len:3713

2025-12-03 20:16:08.079 INFO  [13] [VM.GlobalScript.LogHelper+<>c::<.cctor>b__8_0@0] ProcessID-1800-,2025-12-03 20:16:07.417 [20] [GlobalManager::HandleCmd] Receive end:SaveSolution

2025-12-03 20:16:40.534 INFO  [13] [VM.GlobalScript.LogHelper+<>c::<.cctor>b__8_0@0] ProcessID-1800-,2025-12-03 20:16:40.460 [34] [UserGlobalScriptManger::updateBackFile] Update BackFile end

2025-12-03 20:16:40.534 ERROR [13] [VM.GlobalScript.LogHelper+<>c::<.cctor>b__8_0@0] ProcessID-1800-,2025-12-03 20:16:40.461 [34] [UserGlobalScriptManger::SendDataToServer] Global script report command:updateScript,errorcode:0 

2025-12-03 20:16:44.573 INFO  [13] [VM.GlobalScript.LogHelper+<>c::<.cctor>b__8_0@0] ProcessID-1800-,2025-12-03 20:16:44.432 [6] [UserGlobalScriptManger::updateBackFile] Update BackFile end

2025-12-03 20:16:44.573 ERROR [13] [VM.GlobalScript.LogHelper+<>c::<.cctor>b__8_0@0] ProcessID-1800-,2025-12-03 20:16:44.432 [6] [UserGlobalScriptManger::SendDataToServer] Global script report command:updateScript,errorcode:0 

2025-12-03 20:28:48.126 INFO  [13] [VM.GlobalScript.LogHelper+<>c::<.cctor>b__8_0@0] ProcessID-1800-,2025-12-03 20:28:47.271 [39] [GlobalManager::HandleCmd] Receive:SetCommunicateData

2025-12-03 20:28:48.126 INFO  [13] [VM.GlobalScript.LogHelper+<>c::<.cctor>b__8_0@0] ProcessID-1800-,2025-12-03 20:28:47.271 [39] [GlobalManager::HandleCmd] Receive end:SetCommunicateData

2025-12-03 20:28:48.126 INFO  [13] [VM.GlobalScript.LogHelper+<>c::<.cctor>b__8_0@0] ProcessID-1800-,2025-12-03 20:28:47.673 [39] [GlobalManager::HandleCmd] Receive:SetCommunicateData

2025-12-03 20:28:48.126 INFO  [13] [VM.GlobalScript.LogHelper+<>c::<.cctor>b__8_0@0] ProcessID-1800-,2025-12-03 20:28:47.673 [39] [GlobalManager::HandleCmd] Receive end:SetCommunicateData

2025-12-03 20:28:48.126 INFO  [13] [VM.GlobalScript.LogHelper+<>c::<.cctor>b__8_0@0] ProcessID-1800-,2025-12-03 20:28:47.783 [39] [GlobalManager::HandleCmd] Receive:SetCommunicateData

2025-12-03 20:28:48.126 INFO  [13] [VM.GlobalScript.LogHelper+<>c::<.cctor>b__8_0@0] ProcessID-1800-,2025-12-03 20:28:47.783 [39] [GlobalManager::HandleCmd] Receive end:SetCommunicateData

2025-12-03 20:28:49.142 INFO  [13] [VM.GlobalScript.LogHelper+<>c::<.cctor>b__8_0@0] ProcessID-1800-,2025-12-03 20:28:48.173 [39] [GlobalManager::HandleCmd] Receive:SetCommunicateData

2025-12-03 20:28:49.142 INFO  [13] [VM.GlobalScript.LogHelper+<>c::<.cctor>b__8_0@0] ProcessID-1800-,2025-12-03 20:28:48.173 [39] [GlobalManager::HandleCmd] Receive end:SetCommunicateData

2025-12-03 20:28:50.157 INFO  [13] [VM.GlobalScript.LogHelper+<>c::<.cctor>b__8_0@0] ProcessID-1800-,2025-12-03 20:28:49.470 [39] [GlobalManager::HandleCmd] Receive:SetCommunicateData

2025-12-03 20:28:50.157 INFO  [13] [VM.GlobalScript.LogHelper+<>c::<.cctor>b__8_0@0] ProcessID-1800-,2025-12-03 20:28:49.470 [39] [GlobalManager::HandleCmd] Receive end:SetCommunicateData

2025-12-03 20:28:50.157 INFO  [13] [VM.GlobalScript.LogHelper+<>c::<.cctor>b__8_0@0] ProcessID-1800-,2025-12-03 20:28:49.517 [39] [GlobalManager::HandleCmd] Receive:SetCommunicateData

2025-12-03 20:28:50.157 INFO  [13] [VM.GlobalScript.LogHelper+<>c::<.cctor>b__8_0@0] ProcessID-1800-,2025-12-03 20:28:49.517 [39] [GlobalManager::HandleCmd] Receive end:SetCommunicateData

2025-12-03 20:28:50.157 INFO  [13] [VM.GlobalScript.LogHelper+<>c::<.cctor>b__8_0@0] ProcessID-1800-,2025-12-03 20:28:49.923 [39] [GlobalManager::HandleCmd] Receive:SetCommunicateData

2025-12-03 20:28:50.157 INFO  [13] [VM.GlobalScript.LogHelper+<>c::<.cctor>b__8_0@0] ProcessID-1800-,2025-12-03 20:28:49.923 [39] [GlobalManager::HandleCmd] Receive end:SetCommunicateData

2025-12-03 20:28:50.157 INFO  [13] [VM.GlobalScript.LogHelper+<>c::<.cctor>b__8_0@0] ProcessID-1800-,2025-12-03 20:28:50.001 [39] [GlobalManager::HandleCmd] Receive:SetCommunicateData

2025-12-03 20:28:50.157 INFO  [13] [VM.GlobalScript.LogHelper+<>c::<.cctor>b__8_0@0] ProcessID-1800-,2025-12-03 20:28:50.001 [39] [GlobalManager::HandleCmd] Receive end:SetCommunicateData

2025-12-03 20:28:51.173 INFO  [13] [VM.GlobalScript.LogHelper+<>c::<.cctor>b__8_0@0] ProcessID-1800-,2025-12-03 20:28:50.392 [39] [GlobalManager::HandleCmd] Receive:SetCommunicateData

2025-12-03 20:28:51.173 INFO  [13] [VM.GlobalScript.LogHelper+<>c::<.cctor>b__8_0@0] ProcessID-1800-,2025-12-03 20:28:50.392 [39] [GlobalManager::HandleCmd] Receive end:SetCommunicateData

2025-12-03 20:28:52.189 INFO  [13] [VM.GlobalScript.LogHelper+<>c::<.cctor>b__8_0@0] ProcessID-1800-,2025-12-03 20:28:51.876 [39] [GlobalManager::HandleCmd] Receive:SetCommunicateData

2025-12-03 20:28:52.189 INFO  [13] [VM.GlobalScript.LogHelper+<>c::<.cctor>b__8_0@0] ProcessID-1800-,2025-12-03 20:28:51.876 [39] [GlobalManager::HandleCmd] Receive end:SetCommunicateData

2025-12-03 20:28:53.204 INFO  [13] [VM.GlobalScript.LogHelper+<>c::<.cctor>b__8_0@0] ProcessID-1800-,2025-12-03 20:28:52.314 [39] [GlobalManager::HandleCmd] Receive:SetCommunicateData

2025-12-03 20:28:53.204 INFO  [13] [VM.GlobalScript.LogHelper+<>c::<.cctor>b__8_0@0] ProcessID-1800-,2025-12-03 20:28:52.314 [39] [GlobalManager::HandleCmd] Receive end:SetCommunicateData

2025-12-03 20:28:53.204 INFO  [13] [VM.GlobalScript.LogHelper+<>c::<.cctor>b__8_0@0] ProcessID-1800-,2025-12-03 20:28:52.720 [39] [GlobalManager::HandleCmd] Receive:SetCommunicateData

2025-12-03 20:28:53.204 INFO  [13] [VM.GlobalScript.LogHelper+<>c::<.cctor>b__8_0@0] ProcessID-1800-,2025-12-03 20:28:52.720 [39] [GlobalManager::HandleCmd] Receive end:SetCommunicateData

2025-12-03 20:28:55.232 INFO  [13] [VM.GlobalScript.LogHelper+<>c::<.cctor>b__8_0@0] ProcessID-1800-,2025-12-03 20:28:54.216 [39] [GlobalManager::HandleCmd] Receive:SetCommunicateData

2025-12-03 20:28:55.232 INFO  [13] [VM.GlobalScript.LogHelper+<>c::<.cctor>b__8_0@0] ProcessID-1800-,2025-12-03 20:28:54.216 [39] [GlobalManager::HandleCmd] Receive end:SetCommunicateData

2025-12-03 20:28:55.232 INFO  [13] [VM.GlobalScript.LogHelper+<>c::<.cctor>b__8_0@0] ProcessID-1800-,2025-12-03 20:28:54.607 [39] [GlobalManager::HandleCmd] Receive:SetCommunicateData

2025-12-03 20:28:55.232 INFO  [13] [VM.GlobalScript.LogHelper+<>c::<.cctor>b__8_0@0] ProcessID-1800-,2025-12-03 20:28:54.607 [39] [GlobalManager::HandleCmd] Receive end:SetCommunicateData

2025-12-03 20:28:55.232 INFO  [13] [VM.GlobalScript.LogHelper+<>c::<.cctor>b__8_0@0] ProcessID-1800-,2025-12-03 20:28:54.685 [39] [GlobalManager::HandleCmd] Receive:SetCommunicateData

2025-12-03 20:28:55.232 INFO  [13] [VM.GlobalScript.LogHelper+<>c::<.cctor>b__8_0@0] ProcessID-1800-,2025-12-03 20:28:54.685 [39] [GlobalManager::HandleCmd] Receive end:SetCommunicateData

2025-12-03 20:28:55.232 INFO  [13] [VM.GlobalScript.LogHelper+<>c::<.cctor>b__8_0@0] ProcessID-1800-,2025-12-03 20:28:55.075 [39] [GlobalManager::HandleCmd] Receive:SetCommunicateData

2025-12-03 20:28:55.232 INFO  [13] [VM.GlobalScript.LogHelper+<>c::<.cctor>b__8_0@0] ProcessID-1800-,2025-12-03 20:28:55.075 [39] [GlobalManager::HandleCmd] Receive end:SetCommunicateData

2025-12-03 20:55:22.948 INFO  [13] [VM.GlobalScript.LogHelper+<>c::<.cctor>b__8_0@0] ProcessID-1800-,2025-12-03 20:55:22.464 [39] [GlobalManager::HandleCmd] Receive:SetCommunicateData

2025-12-03 20:55:22.948 INFO  [13] [VM.GlobalScript.LogHelper+<>c::<.cctor>b__8_0@0] ProcessID-1800-,2025-12-03 20:55:22.464 [39] [GlobalManager::HandleCmd] Receive end:SetCommunicateData

2025-12-03 20:55:22.948 INFO  [13] [VM.GlobalScript.LogHelper+<>c::<.cctor>b__8_0@0] ProcessID-1800-,2025-12-03 20:55:22.886 [39] [GlobalManager::HandleCmd] Receive:SetCommunicateData

2025-12-03 20:55:22.948 INFO  [13] [VM.GlobalScript.LogHelper+<>c::<.cctor>b__8_0@0] ProcessID-1800-,2025-12-03 20:55:22.886 [39] [GlobalManager::HandleCmd] Receive end:SetCommunicateData

2025-12-03 20:55:23.964 INFO  [13] [VM.GlobalScript.LogHelper+<>c::<.cctor>b__8_0@0] ProcessID-1800-,2025-12-03 20:55:22.964 [39] [GlobalManager::HandleCmd] Receive:SetCommunicateData

2025-12-03 20:55:23.964 INFO  [13] [VM.GlobalScript.LogHelper+<>c::<.cctor>b__8_0@0] ProcessID-1800-,2025-12-03 20:55:22.964 [39] [GlobalManager::HandleCmd] Receive end:SetCommunicateData

2025-12-03 20:55:23.964 INFO  [13] [VM.GlobalScript.LogHelper+<>c::<.cctor>b__8_0@0] ProcessID-1800-,2025-12-03 20:55:23.370 [39] [GlobalManager::HandleCmd] Receive:SetCommunicateData

2025-12-03 20:55:23.964 INFO  [13] [VM.GlobalScript.LogHelper+<>c::<.cctor>b__8_0@0] ProcessID-1800-,2025-12-03 20:55:23.370 [39] [GlobalManager::HandleCmd] Receive end:SetCommunicateData

2025-12-03 20:55:24.979 INFO  [13] [VM.GlobalScript.LogHelper+<>c::<.cctor>b__8_0@0] ProcessID-1800-,2025-12-03 20:55:24.667 [39] [GlobalManager::HandleCmd] Receive:SetCommunicateData

2025-12-03 20:55:24.979 INFO  [13] [VM.GlobalScript.LogHelper+<>c::<.cctor>b__8_0@0] ProcessID-1800-,2025-12-03 20:55:24.667 [39] [GlobalManager::HandleCmd] Receive end:SetCommunicateData

2025-12-03 20:55:24.979 INFO  [13] [VM.GlobalScript.LogHelper+<>c::<.cctor>b__8_0@0] ProcessID-1800-,2025-12-03 20:55:24.714 [39] [GlobalManager::HandleCmd] Receive:SetCommunicateData

2025-12-03 20:55:24.979 INFO  [13] [VM.GlobalScript.LogHelper+<>c::<.cctor>b__8_0@0] ProcessID-1800-,2025-12-03 20:55:24.714 [39] [GlobalManager::HandleCmd] Receive end:SetCommunicateData

2025-12-03 20:55:25.993 INFO  [13] [VM.GlobalScript.LogHelper+<>c::<.cctor>b__8_0@0] ProcessID-1800-,2025-12-03 20:55:25.104 [39] [GlobalManager::HandleCmd] Receive:SetCommunicateData

2025-12-03 20:55:25.993 INFO  [13] [VM.GlobalScript.LogHelper+<>c::<.cctor>b__8_0@0] ProcessID-1800-,2025-12-03 20:55:25.104 [39] [GlobalManager::HandleCmd] Receive end:SetCommunicateData

2025-12-03 20:55:25.993 INFO  [13] [VM.GlobalScript.LogHelper+<>c::<.cctor>b__8_0@0] ProcessID-1800-,2025-12-03 20:55:25.214 [39] [GlobalManager::HandleCmd] Receive:SetCommunicateData

2025-12-03 20:55:25.993 INFO  [13] [VM.GlobalScript.LogHelper+<>c::<.cctor>b__8_0@0] ProcessID-1800-,2025-12-03 20:55:25.214 [39] [GlobalManager::HandleCmd] Receive end:SetCommunicateData

2025-12-03 20:55:25.993 INFO  [13] [VM.GlobalScript.LogHelper+<>c::<.cctor>b__8_0@0] ProcessID-1800-,2025-12-03 20:55:25.618 [39] [GlobalManager::HandleCmd] Receive:SetCommunicateData

2025-12-03 20:55:25.993 INFO  [13] [VM.GlobalScript.LogHelper+<>c::<.cctor>b__8_0@0] ProcessID-1800-,2025-12-03 20:55:25.618 [39] [GlobalManager::HandleCmd] Receive end:SetCommunicateData

2025-12-03 20:55:28.024 INFO  [13] [VM.GlobalScript.LogHelper+<>c::<.cctor>b__8_0@0] ProcessID-1800-,2025-12-03 20:55:27.212 [39] [GlobalManager::HandleCmd] Receive:SetCommunicateData

2025-12-03 20:55:28.024 INFO  [13] [VM.GlobalScript.LogHelper+<>c::<.cctor>b__8_0@0] ProcessID-1800-,2025-12-03 20:55:27.212 [39] [GlobalManager::HandleCmd] Receive end:SetCommunicateData

2025-12-03 20:55:28.024 INFO  [13] [VM.GlobalScript.LogHelper+<>c::<.cctor>b__8_0@0] ProcessID-1800-,2025-12-03 20:55:27.602 [39] [GlobalManager::HandleCmd] Receive:SetCommunicateData

2025-12-03 20:55:28.024 INFO  [13] [VM.GlobalScript.LogHelper+<>c::<.cctor>b__8_0@0] ProcessID-1800-,2025-12-03 20:55:27.602 [39] [GlobalManager::HandleCmd] Receive end:SetCommunicateData

2025-12-03 20:55:28.024 INFO  [13] [VM.GlobalScript.LogHelper+<>c::<.cctor>b__8_0@0] ProcessID-1800-,2025-12-03 20:55:27.680 [39] [GlobalManager::HandleCmd] Receive:SetCommunicateData

2025-12-03 20:55:28.024 INFO  [13] [VM.GlobalScript.LogHelper+<>c::<.cctor>b__8_0@0] ProcessID-1800-,2025-12-03 20:55:27.680 [39] [GlobalManager::HandleCmd] Receive end:SetCommunicateData

2025-12-03 20:55:29.040 INFO  [13] [VM.GlobalScript.LogHelper+<>c::<.cctor>b__8_0@0] ProcessID-1800-,2025-12-03 20:55:28.071 [39] [GlobalManager::HandleCmd] Receive:SetCommunicateData

2025-12-03 20:55:29.040 INFO  [13] [VM.GlobalScript.LogHelper+<>c::<.cctor>b__8_0@0] ProcessID-1800-,2025-12-03 20:55:28.071 [39] [GlobalManager::HandleCmd] Receive end:SetCommunicateData

2025-12-03 20:55:37.138 INFO  [13] [VM.GlobalScript.LogHelper+<>c::<.cctor>b__8_0@0] ProcessID-1800-,2025-12-03 20:55:36.997 [39] [GlobalManager::HandleCmd] Receive:SetCommunicateData

2025-12-03 20:55:37.138 INFO  [13] [VM.GlobalScript.LogHelper+<>c::<.cctor>b__8_0@0] ProcessID-1800-,2025-12-03 20:55:36.997 [39] [GlobalManager::HandleCmd] Receive end:SetCommunicateData

2025-12-03 20:55:37.138 INFO  [13] [VM.GlobalScript.LogHelper+<>c::<.cctor>b__8_0@0] ProcessID-1800-,2025-12-03 20:55:37.044 [39] [GlobalManager::HandleCmd] Receive:SetCommunicateData

2025-12-03 20:55:37.138 INFO  [13] [VM.GlobalScript.LogHelper+<>c::<.cctor>b__8_0@0] ProcessID-1800-,2025-12-03 20:55:37.044 [39] [GlobalManager::HandleCmd] Receive end:SetCommunicateData

2025-12-03 20:55:38.153 INFO  [13] [VM.GlobalScript.LogHelper+<>c::<.cctor>b__8_0@0] ProcessID-1800-,2025-12-03 20:55:37.435 [39] [GlobalManager::HandleCmd] Receive:SetCommunicateData

2025-12-03 20:55:38.153 INFO  [13] [VM.GlobalScript.LogHelper+<>c::<.cctor>b__8_0@0] ProcessID-1800-,2025-12-03 20:55:37.435 [39] [GlobalManager::HandleCmd] Receive end:SetCommunicateData

2025-12-03 20:55:38.153 INFO  [13] [VM.GlobalScript.LogHelper+<>c::<.cctor>b__8_0@0] ProcessID-1800-,2025-12-03 20:55:37.513 [39] [GlobalManager::HandleCmd] Receive:SetCommunicateData

2025-12-03 20:55:38.153 INFO  [13] [VM.GlobalScript.LogHelper+<>c::<.cctor>b__8_0@0] ProcessID-1800-,2025-12-03 20:55:37.513 [39] [GlobalManager::HandleCmd] Receive end:SetCommunicateData

2025-12-03 20:55:38.153 INFO  [13] [VM.GlobalScript.LogHelper+<>c::<.cctor>b__8_0@0] ProcessID-1800-,2025-12-03 20:55:37.903 [39] [GlobalManager::HandleCmd] Receive:SetCommunicateData

2025-12-03 20:55:38.153 INFO  [13] [VM.GlobalScript.LogHelper+<>c::<.cctor>b__8_0@0] ProcessID-1800-,2025-12-03 20:55:37.903 [39] [GlobalManager::HandleCmd] Receive end:SetCommunicateData

2025-12-03 20:55:40.184 INFO  [13] [VM.GlobalScript.LogHelper+<>c::<.cctor>b__8_0@0] ProcessID-1800-,2025-12-03 20:55:39.185 [39] [GlobalManager::HandleCmd] Receive:SetCommunicateData

2025-12-03 20:55:40.184 INFO  [13] [VM.GlobalScript.LogHelper+<>c::<.cctor>b__8_0@0] ProcessID-1800-,2025-12-03 20:55:39.185 [39] [GlobalManager::HandleCmd] Receive end:SetCommunicateData

2025-12-03 20:55:40.184 INFO  [13] [VM.GlobalScript.LogHelper+<>c::<.cctor>b__8_0@0] ProcessID-1800-,2025-12-03 20:55:39.231 [39] [GlobalManager::HandleCmd] Receive:SetCommunicateData

2025-12-03 20:55:40.184 INFO  [13] [VM.GlobalScript.LogHelper+<>c::<.cctor>b__8_0@0] ProcessID-1800-,2025-12-03 20:55:39.231 [39] [GlobalManager::HandleCmd] Receive end:SetCommunicateData

2025-12-03 20:55:40.184 INFO  [13] [VM.GlobalScript.LogHelper+<>c::<.cctor>b__8_0@0] ProcessID-1800-,2025-12-03 20:55:39.622 [39] [GlobalManager::HandleCmd] Receive:SetCommunicateData

2025-12-03 20:55:40.184 INFO  [13] [VM.GlobalScript.LogHelper+<>c::<.cctor>b__8_0@0] ProcessID-1800-,2025-12-03 20:55:39.622 [39] [GlobalManager::HandleCmd] Receive end:SetCommunicateData

2025-12-03 20:55:40.184 INFO  [13] [VM.GlobalScript.LogHelper+<>c::<.cctor>b__8_0@0] ProcessID-1800-,2025-12-03 20:55:39.700 [39] [GlobalManager::HandleCmd] Receive:SetCommunicateData

2025-12-03 20:55:40.184 INFO  [13] [VM.GlobalScript.LogHelper+<>c::<.cctor>b__8_0@0] ProcessID-1800-,2025-12-03 20:55:39.700 [39] [GlobalManager::HandleCmd] Receive end:SetCommunicateData

2025-12-03 20:55:40.184 INFO  [13] [VM.GlobalScript.LogHelper+<>c::<.cctor>b__8_0@0] ProcessID-1800-,2025-12-03 20:55:40.091 [39] [GlobalManager::HandleCmd] Receive:SetCommunicateData

2025-12-03 20:55:40.184 INFO  [13] [VM.GlobalScript.LogHelper+<>c::<.cctor>b__8_0@0] ProcessID-1800-,2025-12-03 20:55:40.091 [39] [GlobalManager::HandleCmd] Receive end:SetCommunicateData

2025-12-03 20:55:42.208 INFO  [13] [VM.GlobalScript.LogHelper+<>c::<.cctor>b__8_0@0] ProcessID-1800-,2025-12-03 20:55:41.848 [39] [GlobalManager::HandleCmd] Receive:SetCommunicateData

2025-12-03 20:55:42.208 INFO  [13] [VM.GlobalScript.LogHelper+<>c::<.cctor>b__8_0@0] ProcessID-1800-,2025-12-03 20:55:41.848 [39] [GlobalManager::HandleCmd] Receive end:SetCommunicateData

2025-12-03 20:55:43.217 INFO  [13] [VM.GlobalScript.LogHelper+<>c::<.cctor>b__8_0@0] ProcessID-1800-,2025-12-03 20:55:42.286 [39] [GlobalManager::HandleCmd] Receive:SetCommunicateData

2025-12-03 20:55:43.217 INFO  [13] [VM.GlobalScript.LogHelper+<>c::<.cctor>b__8_0@0] ProcessID-1800-,2025-12-03 20:55:42.286 [39] [GlobalManager::HandleCmd] Receive end:SetCommunicateData

2025-12-03 20:55:43.217 INFO  [13] [VM.GlobalScript.LogHelper+<>c::<.cctor>b__8_0@0] ProcessID-1800-,2025-12-03 20:55:42.686 [39] [GlobalManager::HandleCmd] Receive:SetCommunicateData

2025-12-03 20:55:43.217 INFO  [13] [VM.GlobalScript.LogHelper+<>c::<.cctor>b__8_0@0] ProcessID-1800-,2025-12-03 20:55:42.686 [39] [GlobalManager::HandleCmd] Receive end:SetCommunicateData

2025-12-03 20:55:44.233 INFO  [13] [VM.GlobalScript.LogHelper+<>c::<.cctor>b__8_0@0] ProcessID-1800-,2025-12-03 20:55:44.170 [39] [GlobalManager::HandleCmd] Receive:SetCommunicateData

2025-12-03 20:55:44.233 INFO  [13] [VM.GlobalScript.LogHelper+<>c::<.cctor>b__8_0@0] ProcessID-1800-,2025-12-03 20:55:44.170 [39] [GlobalManager::HandleCmd] Receive end:SetCommunicateData

2025-12-03 20:55:45.236 INFO  [13] [VM.GlobalScript.LogHelper+<>c::<.cctor>b__8_0@0] ProcessID-1800-,2025-12-03 20:55:44.512 [39] [GlobalManager::HandleCmd] Receive:SetCommunicateData

2025-12-03 20:55:45.236 INFO  [13] [VM.GlobalScript.LogHelper+<>c::<.cctor>b__8_0@0] ProcessID-1800-,2025-12-03 20:55:44.512 [39] [GlobalManager::HandleCmd] Receive end:SetCommunicateData

2025-12-03 20:55:45.236 INFO  [13] [VM.GlobalScript.LogHelper+<>c::<.cctor>b__8_0@0] ProcessID-1800-,2025-12-03 20:55:44.611 [39] [GlobalManager::HandleCmd] Receive:SetCommunicateData

2025-12-03 20:55:45.236 INFO  [13] [VM.GlobalScript.LogHelper+<>c::<.cctor>b__8_0@0] ProcessID-1800-,2025-12-03 20:55:44.611 [39] [GlobalManager::HandleCmd] Receive end:SetCommunicateData

2025-12-03 20:55:45.236 INFO  [13] [VM.GlobalScript.LogHelper+<>c::<.cctor>b__8_0@0] ProcessID-1800-,2025-12-03 20:55:45.002 [39] [GlobalManager::HandleCmd] Receive:SetCommunicateData

2025-12-03 20:55:45.236 INFO  [13] [VM.GlobalScript.LogHelper+<>c::<.cctor>b__8_0@0] ProcessID-1800-,2025-12-03 20:55:45.002 [39] [GlobalManager::HandleCmd] Receive end:SetCommunicateData

2025-12-03 20:55:47.253 INFO  [13] [VM.GlobalScript.LogHelper+<>c::<.cctor>b__8_0@0] ProcessID-1800-,2025-12-03 20:55:47.066 [39] [GlobalManager::HandleCmd] Receive:SetCommunicateData

2025-12-03 20:55:47.253 INFO  [13] [VM.GlobalScript.LogHelper+<>c::<.cctor>b__8_0@0] ProcessID-1800-,2025-12-03 20:55:47.066 [39] [GlobalManager::HandleCmd] Receive end:SetCommunicateData

2025-12-03 20:55:48.269 INFO  [13] [VM.GlobalScript.LogHelper+<>c::<.cctor>b__8_0@0] ProcessID-1800-,2025-12-03 20:55:47.456 [39] [GlobalManager::HandleCmd] Receive:SetCommunicateData

2025-12-03 20:55:48.269 INFO  [13] [VM.GlobalScript.LogHelper+<>c::<.cctor>b__8_0@0] ProcessID-1800-,2025-12-03 20:55:47.456 [39] [GlobalManager::HandleCmd] Receive end:SetCommunicateData

2025-12-03 20:55:48.269 INFO  [13] [VM.GlobalScript.LogHelper+<>c::<.cctor>b__8_0@0] ProcessID-1800-,2025-12-03 20:55:47.535 [39] [GlobalManager::HandleCmd] Receive:SetCommunicateData

2025-12-03 20:55:48.269 INFO  [13] [VM.GlobalScript.LogHelper+<>c::<.cctor>b__8_0@0] ProcessID-1800-,2025-12-03 20:55:47.535 [39] [GlobalManager::HandleCmd] Receive end:SetCommunicateData

2025-12-03 21:00:47.173 INFO  [13] [VM.GlobalScript.LogHelper+<>c::<.cctor>b__8_0@0] ProcessID-8260-,2025-12-03 21:00:46.158 [5] [GlobalScript::Init]  ====================================================V4.3.0 GlobalScript Start Print Log====================================================

2025-12-03 21:00:47.173 INFO  [13] [VM.GlobalScript.LogHelper+<>c::<.cctor>b__8_0@0] ProcessID-8260-,2025-12-03 21:00:46.611 [15] [GlobalManager::HandleCmd] Receive:CloseScript

2025-12-03 21:00:47.173 INFO  [13] [VM.GlobalScript.LogHelper+<>c::<.cctor>b__8_0@0] ProcessID-8260-,2025-12-03 21:00:46.611 [15] [GlobalManager::HandleCmd] Receive end:CloseScript

2025-12-03 21:00:49.220 INFO  [13] [VM.GlobalScript.LogHelper+<>c::<.cctor>b__8_0@0] ProcessID-8260-,2025-12-03 21:00:48.329 [15] [GlobalManager::HandleCmd] Receive:LoadSolution

2025-12-03 21:00:49.220 INFO  [13] [VM.GlobalScript.LogHelper+<>c::<.cctor>b__8_0@0] ProcessID-8260-,2025-12-03 21:00:48.454 [15] [GlobalManager::HandleCmd] Receive end:LoadSolution

2025-12-03 21:00:49.220 INFO  [13] [VM.GlobalScript.LogHelper+<>c::<.cctor>b__8_0@0] ProcessID-8260-,2025-12-03 21:00:48.470 [37] [UserGlobalScriptManger::compileGlobalScript] Compile begin

2025-12-03 21:00:49.220 INFO  [13] [VM.GlobalScript.LogHelper+<>c::<.cctor>b__8_0@0] ProcessID-8260-,2025-12-03 21:00:48.657 [37] [UserGlobalScriptSupport::CompileCode] 2025-12-03 21:00:48:657 : Compile complete -- 0 Errors, 0 Warnings 


2025-12-03 21:00:49.220 INFO  [13] [VM.GlobalScript.LogHelper+<>c::<.cctor>b__8_0@0] ProcessID-8260-,2025-12-03 21:00:48.673 [37] [UserGlobalScriptManger::updateBackFile] Update BackFile end

2025-12-03 21:00:49.220 INFO  [13] [VM.GlobalScript.LogHelper+<>c::<.cctor>b__8_0@0] ProcessID-8260-,2025-12-03 21:00:48.673 [37] [UserGlobalScriptManger::compileGlobalScript] Compile end

2025-12-03 21:00:54.265 INFO  [13] [VM.GlobalScript.LogHelper+<>c::<.cctor>b__8_0@0] ProcessID-8260-,2025-12-03 21:00:53.471 [15] [GlobalManager::HandleCmd] Receive:LoadSolutionEnd

2025-12-03 21:00:54.265 INFO  [13] [VM.GlobalScript.LogHelper+<>c::<.cctor>b__8_0@0] ProcessID-8260-,2025-12-03 21:00:53.471 [15] [GlobalManager::HandleCmd] Receive end:LoadSolutionEnd

2025-12-03 21:00:54.265 INFO  [13] [VM.GlobalScript.LogHelper+<>c::<.cctor>b__8_0@0] ProcessID-8260-,2025-12-03 21:00:53.471 [6] [UserGlobalScriptManger::loadInitAction] ExecuteLoadInit start

2025-12-03 21:01:19.654 INFO  [13] [VM.GlobalScript.LogHelper+<>c::<.cctor>b__8_0@0] ProcessID-8260-,2025-12-03 21:01:19.014 [5] [GlobalManager::HandleCmd] Receive:SetCommunicateData

2025-12-03 21:01:19.654 INFO  [13] [VM.GlobalScript.LogHelper+<>c::<.cctor>b__8_0@0] ProcessID-8260-,2025-12-03 21:01:19.014 [5] [GlobalManager::HandleCmd] Receive end:SetCommunicateData

2025-12-03 21:01:36.902 INFO  [13] [VM.GlobalScript.LogHelper+<>c::<.cctor>b__8_0@0] ProcessID-8260-,2025-12-03 21:01:36.292 [5] [GlobalManager::HandleCmd] Receive:SetCommunicateData

2025-12-03 21:01:36.902 INFO  [13] [VM.GlobalScript.LogHelper+<>c::<.cctor>b__8_0@0] ProcessID-8260-,2025-12-03 21:01:36.292 [5] [GlobalManager::HandleCmd] Receive end:SetCommunicateData

2025-12-03 21:03:02.022 INFO  [13] [VM.GlobalScript.LogHelper+<>c::<.cctor>b__8_0@0] ProcessID-8260-,2025-12-03 21:03:01.225 [5] [GlobalManager::HandleCmd] Receive:SetCommunicateData

2025-12-03 21:03:02.022 INFO  [13] [VM.GlobalScript.LogHelper+<>c::<.cctor>b__8_0@0] ProcessID-8260-,2025-12-03 21:03:01.225 [5] [GlobalManager::HandleCmd] Receive end:SetCommunicateData

2025-12-03 21:03:02.022 INFO  [13] [VM.GlobalScript.LogHelper+<>c::<.cctor>b__8_0@0] ProcessID-8260-,2025-12-03 21:03:01.725 [5] [GlobalManager::HandleCmd] Receive:SetCommunicateData

2025-12-03 21:03:02.022 INFO  [13] [VM.GlobalScript.LogHelper+<>c::<.cctor>b__8_0@0] ProcessID-8260-,2025-12-03 21:03:01.725 [5] [GlobalManager::HandleCmd] Receive end:SetCommunicateData

2025-12-03 21:04:09.764 INFO  [13] [VM.GlobalScript.LogHelper+<>c::<.cctor>b__8_0@0] ProcessID-8260-,2025-12-03 21:04:08.970 [5] [GlobalManager::HandleCmd] Receive:SetCommunicateData

2025-12-03 21:04:09.764 INFO  [13] [VM.GlobalScript.LogHelper+<>c::<.cctor>b__8_0@0] ProcessID-8260-,2025-12-03 21:04:08.970 [5] [GlobalManager::HandleCmd] Receive end:SetCommunicateData

2025-12-03 21:04:09.764 INFO  [13] [VM.GlobalScript.LogHelper+<>c::<.cctor>b__8_0@0] ProcessID-8260-,2025-12-03 21:04:09.420 [5] [GlobalManager::HandleCmd] Receive:SetCommunicateData

2025-12-03 21:04:09.764 INFO  [13] [VM.GlobalScript.LogHelper+<>c::<.cctor>b__8_0@0] ProcessID-8260-,2025-12-03 21:04:09.420 [5] [GlobalManager::HandleCmd] Receive end:SetCommunicateData

2025-12-03 21:04:09.764 INFO  [13] [VM.GlobalScript.LogHelper+<>c::<.cctor>b__8_0@0] ProcessID-8260-,2025-12-03 21:04:09.529 [5] [GlobalManager::HandleCmd] Receive:SetCommunicateData

2025-12-03 21:04:09.764 INFO  [13] [VM.GlobalScript.LogHelper+<>c::<.cctor>b__8_0@0] ProcessID-8260-,2025-12-03 21:04:09.529 [5] [GlobalManager::HandleCmd] Receive end:SetCommunicateData

2025-12-03 21:04:10.779 INFO  [13] [VM.GlobalScript.LogHelper+<>c::<.cctor>b__8_0@0] ProcessID-8260-,2025-12-03 21:04:09.951 [5] [GlobalManager::HandleCmd] Receive:SetCommunicateData

2025-12-03 21:04:10.779 INFO  [13] [VM.GlobalScript.LogHelper+<>c::<.cctor>b__8_0@0] ProcessID-8260-,2025-12-03 21:04:09.951 [5] [GlobalManager::HandleCmd] Receive end:SetCommunicateData

2025-12-03 21:04:12.798 INFO  [13] [VM.GlobalScript.LogHelper+<>c::<.cctor>b__8_0@0] ProcessID-8260-,2025-12-03 21:04:12.029 [5] [GlobalManager::HandleCmd] Receive:SetCommunicateData

2025-12-03 21:04:12.798 INFO  [13] [VM.GlobalScript.LogHelper+<>c::<.cctor>b__8_0@0] ProcessID-8260-,2025-12-03 21:04:12.029 [5] [GlobalManager::HandleCmd] Receive end:SetCommunicateData

2025-12-03 21:04:12.798 INFO  [13] [VM.GlobalScript.LogHelper+<>c::<.cctor>b__8_0@0] ProcessID-8260-,2025-12-03 21:04:12.470 [5] [GlobalManager::HandleCmd] Receive:SetCommunicateData

2025-12-03 21:04:12.798 INFO  [13] [VM.GlobalScript.LogHelper+<>c::<.cctor>b__8_0@0] ProcessID-8260-,2025-12-03 21:04:12.470 [5] [GlobalManager::HandleCmd] Receive end:SetCommunicateData

2025-12-03 21:04:12.798 INFO  [13] [VM.GlobalScript.LogHelper+<>c::<.cctor>b__8_0@0] ProcessID-8260-,2025-12-03 21:04:12.532 [5] [GlobalManager::HandleCmd] Receive:SetCommunicateData

2025-12-03 21:04:12.798 INFO  [13] [VM.GlobalScript.LogHelper+<>c::<.cctor>b__8_0@0] ProcessID-8260-,2025-12-03 21:04:12.532 [5] [GlobalManager::HandleCmd] Receive end:SetCommunicateData

2025-12-03 21:04:13.803 INFO  [13] [VM.GlobalScript.LogHelper+<>c::<.cctor>b__8_0@0] ProcessID-8260-,2025-12-03 21:04:13.001 [5] [GlobalManager::HandleCmd] Receive:SetCommunicateData

2025-12-03 21:04:13.803 INFO  [13] [VM.GlobalScript.LogHelper+<>c::<.cctor>b__8_0@0] ProcessID-8260-,2025-12-03 21:04:13.001 [5] [GlobalManager::HandleCmd] Receive end:SetCommunicateData

2025-12-03 21:04:14.818 INFO  [13] [VM.GlobalScript.LogHelper+<>c::<.cctor>b__8_0@0] ProcessID-8260-,2025-12-03 21:04:14.615 [5] [GlobalManager::HandleCmd] Receive:SetCommunicateData

2025-12-03 21:04:14.818 INFO  [13] [VM.GlobalScript.LogHelper+<>c::<.cctor>b__8_0@0] ProcessID-8260-,2025-12-03 21:04:14.615 [5] [GlobalManager::HandleCmd] Receive end:SetCommunicateData

2025-12-03 21:04:14.818 INFO  [13] [VM.GlobalScript.LogHelper+<>c::<.cctor>b__8_0@0] ProcessID-8260-,2025-12-03 21:04:14.662 [5] [GlobalManager::HandleCmd] Receive:SetCommunicateData

2025-12-03 21:04:14.818 INFO  [13] [VM.GlobalScript.LogHelper+<>c::<.cctor>b__8_0@0] ProcessID-8260-,2025-12-03 21:04:14.662 [5] [GlobalManager::HandleCmd] Receive end:SetCommunicateData

2025-12-03 21:04:15.822 INFO  [13] [VM.GlobalScript.LogHelper+<>c::<.cctor>b__8_0@0] ProcessID-8260-,2025-12-03 21:04:15.053 [5] [GlobalManager::HandleCmd] Receive:SetCommunicateData

2025-12-03 21:04:15.822 INFO  [13] [VM.GlobalScript.LogHelper+<>c::<.cctor>b__8_0@0] ProcessID-8260-,2025-12-03 21:04:15.053 [5] [GlobalManager::HandleCmd] Receive end:SetCommunicateData

2025-12-03 21:04:15.822 INFO  [13] [VM.GlobalScript.LogHelper+<>c::<.cctor>b__8_0@0] ProcessID-8260-,2025-12-03 21:04:15.131 [5] [GlobalManager::HandleCmd] Receive:SetCommunicateData

2025-12-03 21:04:15.822 INFO  [13] [VM.GlobalScript.LogHelper+<>c::<.cctor>b__8_0@0] ProcessID-8260-,2025-12-03 21:04:15.131 [5] [GlobalManager::HandleCmd] Receive end:SetCommunicateData

2025-12-03 21:04:15.822 INFO  [13] [VM.GlobalScript.LogHelper+<>c::<.cctor>b__8_0@0] ProcessID-8260-,2025-12-03 21:04:15.535 [5] [GlobalManager::HandleCmd] Receive:SetCommunicateData

2025-12-03 21:04:15.822 INFO  [13] [VM.GlobalScript.LogHelper+<>c::<.cctor>b__8_0@0] ProcessID-8260-,2025-12-03 21:04:15.535 [5] [GlobalManager::HandleCmd] Receive end:SetCommunicateData

2025-12-03 21:04:17.849 INFO  [13] [VM.GlobalScript.LogHelper+<>c::<.cctor>b__8_0@0] ProcessID-8260-,2025-12-03 21:04:17.134 [5] [GlobalManager::HandleCmd] Receive:SetCommunicateData

2025-12-03 21:04:17.849 INFO  [13] [VM.GlobalScript.LogHelper+<>c::<.cctor>b__8_0@0] ProcessID-8260-,2025-12-03 21:04:17.134 [5] [GlobalManager::HandleCmd] Receive end:SetCommunicateData

2025-12-03 21:04:17.849 INFO  [13] [VM.GlobalScript.LogHelper+<>c::<.cctor>b__8_0@0] ProcessID-8260-,2025-12-03 21:04:17.540 [5] [GlobalManager::HandleCmd] Receive:SetCommunicateData

2025-12-03 21:04:17.849 INFO  [13] [VM.GlobalScript.LogHelper+<>c::<.cctor>b__8_0@0] ProcessID-8260-,2025-12-03 21:04:17.540 [5] [GlobalManager::HandleCmd] Receive end:SetCommunicateData

2025-12-03 21:04:17.849 INFO  [13] [VM.GlobalScript.LogHelper+<>c::<.cctor>b__8_0@0] ProcessID-8260-,2025-12-03 21:04:17.618 [5] [GlobalManager::HandleCmd] Receive:SetCommunicateData

2025-12-03 21:04:17.849 INFO  [13] [VM.GlobalScript.LogHelper+<>c::<.cctor>b__8_0@0] ProcessID-8260-,2025-12-03 21:04:17.618 [5] [GlobalManager::HandleCmd] Receive end:SetCommunicateData

2025-12-03 21:04:18.865 INFO  [13] [VM.GlobalScript.LogHelper+<>c::<.cctor>b__8_0@0] ProcessID-8260-,2025-12-03 21:04:18.021 [5] [GlobalManager::HandleCmd] Receive:SetCommunicateData

2025-12-03 21:04:18.865 INFO  [13] [VM.GlobalScript.LogHelper+<>c::<.cctor>b__8_0@0] ProcessID-8260-,2025-12-03 21:04:18.021 [5] [GlobalManager::HandleCmd] Receive end:SetCommunicateData

2025-12-03 21:04:19.868 INFO  [13] [VM.GlobalScript.LogHelper+<>c::<.cctor>b__8_0@0] ProcessID-8260-,2025-12-03 21:04:19.615 [5] [GlobalManager::HandleCmd] Receive:SetCommunicateData

2025-12-03 21:04:19.868 INFO  [13] [VM.GlobalScript.LogHelper+<>c::<.cctor>b__8_0@0] ProcessID-8260-,2025-12-03 21:04:19.615 [5] [GlobalManager::HandleCmd] Receive end:SetCommunicateData

2025-12-03 21:04:20.884 INFO  [13] [VM.GlobalScript.LogHelper+<>c::<.cctor>b__8_0@0] ProcessID-8260-,2025-12-03 21:04:20.025 [5] [GlobalManager::HandleCmd] Receive:SetCommunicateData

2025-12-03 21:04:20.884 INFO  [13] [VM.GlobalScript.LogHelper+<>c::<.cctor>b__8_0@0] ProcessID-8260-,2025-12-03 21:04:20.025 [5] [GlobalManager::HandleCmd] Receive end:SetCommunicateData

2025-12-03 21:04:20.884 INFO  [13] [VM.GlobalScript.LogHelper+<>c::<.cctor>b__8_0@0] ProcessID-8260-,2025-12-03 21:04:20.103 [5] [GlobalManager::HandleCmd] Receive:SetCommunicateData

2025-12-03 21:04:20.884 INFO  [13] [VM.GlobalScript.LogHelper+<>c::<.cctor>b__8_0@0] ProcessID-8260-,2025-12-03 21:04:20.103 [5] [GlobalManager::HandleCmd] Receive end:SetCommunicateData

2025-12-03 21:04:20.884 INFO  [13] [VM.GlobalScript.LogHelper+<>c::<.cctor>b__8_0@0] ProcessID-8260-,2025-12-03 21:04:20.571 [5] [GlobalManager::HandleCmd] Receive:SetCommunicateData

2025-12-03 21:04:20.884 INFO  [13] [VM.GlobalScript.LogHelper+<>c::<.cctor>b__8_0@0] ProcessID-8260-,2025-12-03 21:04:20.571 [5] [GlobalManager::HandleCmd] Receive end:SetCommunicateData

2025-12-03 21:04:22.915 INFO  [13] [VM.GlobalScript.LogHelper+<>c::<.cctor>b__8_0@0] ProcessID-8260-,2025-12-03 21:04:22.165 [5] [GlobalManager::HandleCmd] Receive:SetCommunicateData

2025-12-03 21:04:22.915 INFO  [13] [VM.GlobalScript.LogHelper+<>c::<.cctor>b__8_0@0] ProcessID-8260-,2025-12-03 21:04:22.165 [5] [GlobalManager::HandleCmd] Receive end:SetCommunicateData

2025-12-03 21:04:22.915 INFO  [13] [VM.GlobalScript.LogHelper+<>c::<.cctor>b__8_0@0] ProcessID-8260-,2025-12-03 21:04:22.571 [5] [GlobalManager::HandleCmd] Receive:SetCommunicateData

2025-12-03 21:04:22.915 INFO  [13] [VM.GlobalScript.LogHelper+<>c::<.cctor>b__8_0@0] ProcessID-8260-,2025-12-03 21:04:22.571 [5] [GlobalManager::HandleCmd] Receive end:SetCommunicateData

2025-12-03 21:04:22.915 INFO  [13] [VM.GlobalScript.LogHelper+<>c::<.cctor>b__8_0@0] ProcessID-8260-,2025-12-03 21:04:22.649 [5] [GlobalManager::HandleCmd] Receive:SetCommunicateData

2025-12-03 21:04:22.915 INFO  [13] [VM.GlobalScript.LogHelper+<>c::<.cctor>b__8_0@0] ProcessID-8260-,2025-12-03 21:04:22.649 [5] [GlobalManager::HandleCmd] Receive end:SetCommunicateData

2025-12-03 21:04:23.930 INFO  [13] [VM.GlobalScript.LogHelper+<>c::<.cctor>b__8_0@0] ProcessID-8260-,2025-12-03 21:04:23.040 [5] [GlobalManager::HandleCmd] Receive:SetCommunicateData

2025-12-03 21:04:23.930 INFO  [13] [VM.GlobalScript.LogHelper+<>c::<.cctor>b__8_0@0] ProcessID-8260-,2025-12-03 21:04:23.040 [5] [GlobalManager::HandleCmd] Receive end:SetCommunicateData

2025-12-03 21:04:24.938 INFO  [13] [VM.GlobalScript.LogHelper+<>c::<.cctor>b__8_0@0] ProcessID-8260-,2025-12-03 21:04:24.641 [5] [GlobalManager::HandleCmd] Receive:SetCommunicateData

2025-12-03 21:04:24.938 INFO  [13] [VM.GlobalScript.LogHelper+<>c::<.cctor>b__8_0@0] ProcessID-8260-,2025-12-03 21:04:24.641 [5] [GlobalManager::HandleCmd] Receive end:SetCommunicateData

2025-12-03 21:04:25.953 INFO  [13] [VM.GlobalScript.LogHelper+<>c::<.cctor>b__8_0@0] ProcessID-8260-,2025-12-03 21:04:25.047 [5] [GlobalManager::HandleCmd] Receive:SetCommunicateData

2025-12-03 21:04:25.953 INFO  [13] [VM.GlobalScript.LogHelper+<>c::<.cctor>b__8_0@0] ProcessID-8260-,2025-12-03 21:04:25.047 [5] [GlobalManager::HandleCmd] Receive end:SetCommunicateData

2025-12-03 21:04:25.953 INFO  [13] [VM.GlobalScript.LogHelper+<>c::<.cctor>b__8_0@0] ProcessID-8260-,2025-12-03 21:04:25.125 [5] [GlobalManager::HandleCmd] Receive:SetCommunicateData

2025-12-03 21:04:25.953 INFO  [13] [VM.GlobalScript.LogHelper+<>c::<.cctor>b__8_0@0] ProcessID-8260-,2025-12-03 21:04:25.125 [5] [GlobalManager::HandleCmd] Receive end:SetCommunicateData

2025-12-03 21:04:25.953 INFO  [13] [VM.GlobalScript.LogHelper+<>c::<.cctor>b__8_0@0] ProcessID-8260-,2025-12-03 21:04:25.516 [5] [GlobalManager::HandleCmd] Receive:SetCommunicateData

2025-12-03 21:04:25.953 INFO  [13] [VM.GlobalScript.LogHelper+<>c::<.cctor>b__8_0@0] ProcessID-8260-,2025-12-03 21:04:25.516 [5] [GlobalManager::HandleCmd] Receive end:SetCommunicateData

2025-12-03 21:04:27.977 INFO  [13] [VM.GlobalScript.LogHelper+<>c::<.cctor>b__8_0@0] ProcessID-8260-,2025-12-03 21:04:27.399 [5] [GlobalManager::HandleCmd] Receive:SetCommunicateData

2025-12-03 21:04:27.977 INFO  [13] [VM.GlobalScript.LogHelper+<>c::<.cctor>b__8_0@0] ProcessID-8260-,2025-12-03 21:04:27.399 [5] [GlobalManager::HandleCmd] Receive end:SetCommunicateData

2025-12-03 21:04:27.977 INFO  [13] [VM.GlobalScript.LogHelper+<>c::<.cctor>b__8_0@0] ProcessID-8260-,2025-12-03 21:04:27.837 [5] [GlobalManager::HandleCmd] Receive:SetCommunicateData

2025-12-03 21:04:27.977 INFO  [13] [VM.GlobalScript.LogHelper+<>c::<.cctor>b__8_0@0] ProcessID-8260-,2025-12-03 21:04:27.837 [5] [GlobalManager::HandleCmd] Receive end:SetCommunicateData

2025-12-03 21:04:28.993 INFO  [13] [VM.GlobalScript.LogHelper+<>c::<.cctor>b__8_0@0] ProcessID-8260-,2025-12-03 21:04:28.227 [5] [GlobalManager::HandleCmd] Receive:SetCommunicateData

2025-12-03 21:04:28.993 INFO  [13] [VM.GlobalScript.LogHelper+<>c::<.cctor>b__8_0@0] ProcessID-8260-,2025-12-03 21:04:28.227 [5] [GlobalManager::HandleCmd] Receive end:SetCommunicateData

2025-12-03 21:04:30.003 INFO  [13] [VM.GlobalScript.LogHelper+<>c::<.cctor>b__8_0@0] ProcessID-8260-,2025-12-03 21:04:29.831 [5] [GlobalManager::HandleCmd] Receive:SetCommunicateData

2025-12-03 21:04:30.003 INFO  [13] [VM.GlobalScript.LogHelper+<>c::<.cctor>b__8_0@0] ProcessID-8260-,2025-12-03 21:04:29.831 [5] [GlobalManager::HandleCmd] Receive end:SetCommunicateData

2025-12-03 21:04:31.019 INFO  [13] [VM.GlobalScript.LogHelper+<>c::<.cctor>b__8_0@0] ProcessID-8260-,2025-12-03 21:04:30.284 [5] [GlobalManager::HandleCmd] Receive:SetCommunicateData

2025-12-03 21:04:31.019 INFO  [13] [VM.GlobalScript.LogHelper+<>c::<.cctor>b__8_0@0] ProcessID-8260-,2025-12-03 21:04:30.284 [5] [GlobalManager::HandleCmd] Receive end:SetCommunicateData

2025-12-03 21:04:31.019 INFO  [13] [VM.GlobalScript.LogHelper+<>c::<.cctor>b__8_0@0] ProcessID-8260-,2025-12-03 21:04:30.691 [5] [GlobalManager::HandleCmd] Receive:SetCommunicateData

2025-12-03 21:04:31.019 INFO  [13] [VM.GlobalScript.LogHelper+<>c::<.cctor>b__8_0@0] ProcessID-8260-,2025-12-03 21:04:30.691 [5] [GlobalManager::HandleCmd] Receive end:SetCommunicateData

2025-12-03 21:04:33.047 INFO  [13] [VM.GlobalScript.LogHelper+<>c::<.cctor>b__8_0@0] ProcessID-8260-,2025-12-03 21:04:32.359 [5] [GlobalManager::HandleCmd] Receive:SetCommunicateData

2025-12-03 21:04:33.047 INFO  [13] [VM.GlobalScript.LogHelper+<>c::<.cctor>b__8_0@0] ProcessID-8260-,2025-12-03 21:04:32.359 [5] [GlobalManager::HandleCmd] Receive end:SetCommunicateData

2025-12-03 21:04:33.047 INFO  [13] [VM.GlobalScript.LogHelper+<>c::<.cctor>b__8_0@0] ProcessID-8260-,2025-12-03 21:04:32.765 [5] [GlobalManager::HandleCmd] Receive:SetCommunicateData

2025-12-03 21:04:33.047 INFO  [13] [VM.GlobalScript.LogHelper+<>c::<.cctor>b__8_0@0] ProcessID-8260-,2025-12-03 21:04:32.765 [5] [GlobalManager::HandleCmd] Receive end:SetCommunicateData

2025-12-03 21:04:33.047 INFO  [13] [VM.GlobalScript.LogHelper+<>c::<.cctor>b__8_0@0] ProcessID-8260-,2025-12-03 21:04:32.844 [5] [GlobalManager::HandleCmd] Receive:SetCommunicateData

2025-12-03 21:04:33.047 INFO  [13] [VM.GlobalScript.LogHelper+<>c::<.cctor>b__8_0@0] ProcessID-8260-,2025-12-03 21:04:32.844 [5] [GlobalManager::HandleCmd] Receive end:SetCommunicateData

2025-12-03 21:04:34.057 INFO  [13] [VM.GlobalScript.LogHelper+<>c::<.cctor>b__8_0@0] ProcessID-8260-,2025-12-03 21:04:33.234 [5] [GlobalManager::HandleCmd] Receive:SetCommunicateData

2025-12-03 21:04:34.057 INFO  [13] [VM.GlobalScript.LogHelper+<>c::<.cctor>b__8_0@0] ProcessID-8260-,2025-12-03 21:04:33.234 [5] [GlobalManager::HandleCmd] Receive end:SetCommunicateData

2025-12-03 21:04:35.067 INFO  [13] [VM.GlobalScript.LogHelper+<>c::<.cctor>b__8_0@0] ProcessID-8260-,2025-12-03 21:04:34.854 [5] [GlobalManager::HandleCmd] Receive:SetCommunicateData

2025-12-03 21:04:35.067 INFO  [13] [VM.GlobalScript.LogHelper+<>c::<.cctor>b__8_0@0] ProcessID-8260-,2025-12-03 21:04:34.854 [5] [GlobalManager::HandleCmd] Receive end:SetCommunicateData

2025-12-03 21:04:35.067 INFO  [13] [VM.GlobalScript.LogHelper+<>c::<.cctor>b__8_0@0] ProcessID-8260-,2025-12-03 21:04:34.901 [5] [GlobalManager::HandleCmd] Receive:SetCommunicateData

2025-12-03 21:04:35.067 INFO  [13] [VM.GlobalScript.LogHelper+<>c::<.cctor>b__8_0@0] ProcessID-8260-,2025-12-03 21:04:34.901 [5] [GlobalManager::HandleCmd] Receive end:SetCommunicateData

2025-12-03 21:04:36.082 INFO  [13] [VM.GlobalScript.LogHelper+<>c::<.cctor>b__8_0@0] ProcessID-8260-,2025-12-03 21:04:35.223 [5] [GlobalManager::HandleCmd] Receive:SetCommunicateData

2025-12-03 21:04:36.082 INFO  [13] [VM.GlobalScript.LogHelper+<>c::<.cctor>b__8_0@0] ProcessID-8260-,2025-12-03 21:04:35.223 [5] [GlobalManager::HandleCmd] Receive end:SetCommunicateData

2025-12-03 21:04:36.082 INFO  [13] [VM.GlobalScript.LogHelper+<>c::<.cctor>b__8_0@0] ProcessID-8260-,2025-12-03 21:04:35.317 [5] [GlobalManager::HandleCmd] Receive:SetCommunicateData

2025-12-03 21:04:36.082 INFO  [13] [VM.GlobalScript.LogHelper+<>c::<.cctor>b__8_0@0] ProcessID-8260-,2025-12-03 21:04:35.317 [5] [GlobalManager::HandleCmd] Receive end:SetCommunicateData

2025-12-03 21:04:36.082 INFO  [13] [VM.GlobalScript.LogHelper+<>c::<.cctor>b__8_0@0] ProcessID-8260-,2025-12-03 21:04:35.723 [5] [GlobalManager::HandleCmd] Receive:SetCommunicateData

2025-12-03 21:04:36.082 INFO  [13] [VM.GlobalScript.LogHelper+<>c::<.cctor>b__8_0@0] ProcessID-8260-,2025-12-03 21:04:35.723 [5] [GlobalManager::HandleCmd] Receive end:SetCommunicateData

2025-12-03 21:04:38.101 INFO  [13] [VM.GlobalScript.LogHelper+<>c::<.cctor>b__8_0@0] ProcessID-8260-,2025-12-03 21:04:37.438 [5] [GlobalManager::HandleCmd] Receive:SetCommunicateData

2025-12-03 21:04:38.101 INFO  [13] [VM.GlobalScript.LogHelper+<>c::<.cctor>b__8_0@0] ProcessID-8260-,2025-12-03 21:04:37.438 [5] [GlobalManager::HandleCmd] Receive end:SetCommunicateData

2025-12-03 21:04:38.101 INFO  [13] [VM.GlobalScript.LogHelper+<>c::<.cctor>b__8_0@0] ProcessID-8260-,2025-12-03 21:04:37.820 [5] [GlobalManager::HandleCmd] Receive:SetCommunicateData

2025-12-03 21:04:38.102 INFO  [13] [VM.GlobalScript.LogHelper+<>c::<.cctor>b__8_0@0] ProcessID-8260-,2025-12-03 21:04:37.820 [5] [GlobalManager::HandleCmd] Receive end:SetCommunicateData

2025-12-03 21:04:38.102 INFO  [13] [VM.GlobalScript.LogHelper+<>c::<.cctor>b__8_0@0] ProcessID-8260-,2025-12-03 21:04:37.883 [5] [GlobalManager::HandleCmd] Receive:SetCommunicateData

2025-12-03 21:04:38.102 INFO  [13] [VM.GlobalScript.LogHelper+<>c::<.cctor>b__8_0@0] ProcessID-8260-,2025-12-03 21:04:37.883 [5] [GlobalManager::HandleCmd] Receive end:SetCommunicateData

2025-12-03 21:04:39.109 INFO  [13] [VM.GlobalScript.LogHelper+<>c::<.cctor>b__8_0@0] ProcessID-8260-,2025-12-03 21:04:38.300 [5] [GlobalManager::HandleCmd] Receive:SetCommunicateData

2025-12-03 21:04:39.109 INFO  [13] [VM.GlobalScript.LogHelper+<>c::<.cctor>b__8_0@0] ProcessID-8260-,2025-12-03 21:04:38.300 [5] [GlobalManager::HandleCmd] Receive end:SetCommunicateData

2025-12-03 21:04:40.129 INFO  [13] [VM.GlobalScript.LogHelper+<>c::<.cctor>b__8_0@0] ProcessID-8260-,2025-12-03 21:04:40.066 [5] [GlobalManager::HandleCmd] Receive:SetCommunicateData

2025-12-03 21:04:40.129 INFO  [13] [VM.GlobalScript.LogHelper+<>c::<.cctor>b__8_0@0] ProcessID-8260-,2025-12-03 21:04:40.066 [5] [GlobalManager::HandleCmd] Receive end:SetCommunicateData

2025-12-03 21:04:40.129 INFO  [13] [VM.GlobalScript.LogHelper+<>c::<.cctor>b__8_0@0] ProcessID-8260-,2025-12-03 21:04:40.113 [5] [GlobalManager::HandleCmd] Receive:SetCommunicateData

2025-12-03 21:04:40.129 INFO  [13] [VM.GlobalScript.LogHelper+<>c::<.cctor>b__8_0@0] ProcessID-8260-,2025-12-03 21:04:40.113 [5] [GlobalManager::HandleCmd] Receive end:SetCommunicateData

2025-12-03 21:04:41.144 INFO  [13] [VM.GlobalScript.LogHelper+<>c::<.cctor>b__8_0@0] ProcessID-8260-,2025-12-03 21:04:40.550 [5] [GlobalManager::HandleCmd] Receive:SetCommunicateData

2025-12-03 21:04:41.144 INFO  [13] [VM.GlobalScript.LogHelper+<>c::<.cctor>b__8_0@0] ProcessID-8260-,2025-12-03 21:04:40.550 [5] [GlobalManager::HandleCmd] Receive end:SetCommunicateData

2025-12-03 21:06:03.035 INFO  [13] [VM.GlobalScript.LogHelper+<>c::<.cctor>b__8_0@0] ProcessID-8260-,2025-12-03 21:06:02.749 [15] [GlobalManager::HandleCmd] Receive:SaveSolution

2025-12-03 21:06:03.035 INFO  [13] [VM.GlobalScript.LogHelper+<>c::<.cctor>b__8_0@0] ProcessID-8260-,2025-12-03 21:06:02.749 [15] [UserGlobalScriptManger::SaveSolutionByMap] save solution byte len:3713

2025-12-03 21:06:03.035 INFO  [13] [VM.GlobalScript.LogHelper+<>c::<.cctor>b__8_0@0] ProcessID-8260-,2025-12-03 21:06:02.749 [15] [GlobalManager::HandleCmd] Receive end:SaveSolution

2025-12-03 21:06:03.035 INFO  [13] [VM.GlobalScript.LogHelper+<>c::<.cctor>b__8_0@0] ProcessID-8260-,2025-12-03 21:06:02.749 [15] [GlobalManager::HandleCmd] Receive:SaveSolution

2025-12-03 21:06:03.036 INFO  [13] [VM.GlobalScript.LogHelper+<>c::<.cctor>b__8_0@0] ProcessID-8260-,2025-12-03 21:06:02.749 [15] [UserGlobalScriptManger::SaveSolutionByMap] save solution byte len:3713

2025-12-03 21:06:03.036 INFO  [13] [VM.GlobalScript.LogHelper+<>c::<.cctor>b__8_0@0] ProcessID-8260-,2025-12-03 21:06:02.749 [15] [GlobalManager::HandleCmd] Receive end:SaveSolution

2025-12-03 21:06:16.153 INFO  [13] [VM.GlobalScript.LogHelper+<>c::<.cctor>b__8_0@0] ProcessID-8260-,2025-12-03 21:06:15.904 [5] [GlobalManager::HandleCmd] Receive:SetCommunicateData

2025-12-03 21:06:16.153 INFO  [13] [VM.GlobalScript.LogHelper+<>c::<.cctor>b__8_0@0] ProcessID-8260-,2025-12-03 21:06:15.904 [5] [GlobalManager::HandleCmd] Receive end:SetCommunicateData

2025-12-03 21:08:19.808 INFO  [13] [VM.GlobalScript.LogHelper+<>c::<.cctor>b__8_0@0] ProcessID-8260-,2025-12-03 21:08:19.761 [5] [GlobalManager::HandleCmd] Receive:SetCommunicateData

2025-12-03 21:08:19.808 INFO  [13] [VM.GlobalScript.LogHelper+<>c::<.cctor>b__8_0@0] ProcessID-8260-,2025-12-03 21:08:19.761 [5] [GlobalManager::HandleCmd] Receive end:SetCommunicateData

2025-12-03 21:08:20.823 INFO  [13] [VM.GlobalScript.LogHelper+<>c::<.cctor>b__8_0@0] ProcessID-8260-,2025-12-03 21:08:20.198 [5] [GlobalManager::HandleCmd] Receive:SetCommunicateData

2025-12-03 21:08:20.823 INFO  [13] [VM.GlobalScript.LogHelper+<>c::<.cctor>b__8_0@0] ProcessID-8260-,2025-12-03 21:08:20.198 [5] [GlobalManager::HandleCmd] Receive end:SetCommunicateData

2025-12-03 21:08:20.823 INFO  [13] [VM.GlobalScript.LogHelper+<>c::<.cctor>b__8_0@0] ProcessID-8260-,2025-12-03 21:08:20.589 [5] [GlobalManager::HandleCmd] Receive:SetCommunicateData

2025-12-03 21:08:20.823 INFO  [13] [VM.GlobalScript.LogHelper+<>c::<.cctor>b__8_0@0] ProcessID-8260-,2025-12-03 21:08:20.589 [5] [GlobalManager::HandleCmd] Receive end:SetCommunicateData

2025-12-03 21:08:51.169 INFO  [13] [VM.GlobalScript.LogHelper+<>c::<.cctor>b__8_0@0] ProcessID-8260-,2025-12-03 21:08:50.278 [5] [GlobalManager::HandleCmd] Receive:SetCommunicateData

2025-12-03 21:08:51.169 INFO  [13] [VM.GlobalScript.LogHelper+<>c::<.cctor>b__8_0@0] ProcessID-8260-,2025-12-03 21:08:50.278 [5] [GlobalManager::HandleCmd] Receive end:SetCommunicateData

2025-12-03 21:08:51.169 INFO  [13] [VM.GlobalScript.LogHelper+<>c::<.cctor>b__8_0@0] ProcessID-8260-,2025-12-03 21:08:50.325 [5] [GlobalManager::HandleCmd] Receive:SetCommunicateData

2025-12-03 21:08:51.169 INFO  [13] [VM.GlobalScript.LogHelper+<>c::<.cctor>b__8_0@0] ProcessID-8260-,2025-12-03 21:08:50.325 [5] [GlobalManager::HandleCmd] Receive end:SetCommunicateData

2025-12-03 21:08:51.169 INFO  [13] [VM.GlobalScript.LogHelper+<>c::<.cctor>b__8_0@0] ProcessID-8260-,2025-12-03 21:08:50.794 [5] [GlobalManager::HandleCmd] Receive:SetCommunicateData

2025-12-03 21:08:51.169 INFO  [13] [VM.GlobalScript.LogHelper+<>c::<.cctor>b__8_0@0] ProcessID-8260-,2025-12-03 21:08:50.794 [5] [GlobalManager::HandleCmd] Receive end:SetCommunicateData

2025-12-03 21:08:51.169 INFO  [13] [VM.GlobalScript.LogHelper+<>c::<.cctor>b__8_0@0] ProcessID-8260-,2025-12-03 21:08:50.872 [5] [GlobalManager::HandleCmd] Receive:SetCommunicateData

2025-12-03 21:08:51.169 INFO  [13] [VM.GlobalScript.LogHelper+<>c::<.cctor>b__8_0@0] ProcessID-8260-,2025-12-03 21:08:50.872 [5] [GlobalManager::HandleCmd] Receive end:SetCommunicateData

2025-12-03 21:08:52.182 INFO  [13] [VM.GlobalScript.LogHelper+<>c::<.cctor>b__8_0@0] ProcessID-8260-,2025-12-03 21:08:51.372 [5] [GlobalManager::HandleCmd] Receive:SetCommunicateData

2025-12-03 21:08:52.182 INFO  [13] [VM.GlobalScript.LogHelper+<>c::<.cctor>b__8_0@0] ProcessID-8260-,2025-12-03 21:08:51.372 [5] [GlobalManager::HandleCmd] Receive end:SetCommunicateData

2025-12-03 21:08:54.209 INFO  [13] [VM.GlobalScript.LogHelper+<>c::<.cctor>b__8_0@0] ProcessID-8260-,2025-12-03 21:08:53.975 [5] [GlobalManager::HandleCmd] Receive:SetCommunicateData

2025-12-03 21:08:54.209 INFO  [13] [VM.GlobalScript.LogHelper+<>c::<.cctor>b__8_0@0] ProcessID-8260-,2025-12-03 21:08:53.975 [5] [GlobalManager::HandleCmd] Receive end:SetCommunicateData

2025-12-03 21:08:55.225 INFO  [13] [VM.GlobalScript.LogHelper+<>c::<.cctor>b__8_0@0] ProcessID-8260-,2025-12-03 21:08:54.459 [5] [GlobalManager::HandleCmd] Receive:SetCommunicateData

2025-12-03 21:08:55.225 INFO  [13] [VM.GlobalScript.LogHelper+<>c::<.cctor>b__8_0@0] ProcessID-8260-,2025-12-03 21:08:54.459 [5] [GlobalManager::HandleCmd] Receive end:SetCommunicateData

2025-12-03 21:08:55.225 INFO  [13] [VM.GlobalScript.LogHelper+<>c::<.cctor>b__8_0@0] ProcessID-8260-,2025-12-03 21:08:54.537 [5] [GlobalManager::HandleCmd] Receive:SetCommunicateData

2025-12-03 21:08:55.225 INFO  [13] [VM.GlobalScript.LogHelper+<>c::<.cctor>b__8_0@0] ProcessID-8260-,2025-12-03 21:08:54.537 [5] [GlobalManager::HandleCmd] Receive end:SetCommunicateData

2025-12-03 21:08:55.225 INFO  [13] [VM.GlobalScript.LogHelper+<>c::<.cctor>b__8_0@0] ProcessID-8260-,2025-12-03 21:08:55.006 [5] [GlobalManager::HandleCmd] Receive:SetCommunicateData

2025-12-03 21:08:55.225 INFO  [13] [VM.GlobalScript.LogHelper+<>c::<.cctor>b__8_0@0] ProcessID-8260-,2025-12-03 21:08:55.006 [5] [GlobalManager::HandleCmd] Receive end:SetCommunicateData

2025-12-03 21:08:58.244 INFO  [13] [VM.GlobalScript.LogHelper+<>c::<.cctor>b__8_0@0] ProcessID-8260-,2025-12-03 21:08:57.478 [5] [GlobalManager::HandleCmd] Receive:SetCommunicateData

2025-12-03 21:08:58.244 INFO  [13] [VM.GlobalScript.LogHelper+<>c::<.cctor>b__8_0@0] ProcessID-8260-,2025-12-03 21:08:57.478 [5] [GlobalManager::HandleCmd] Receive end:SetCommunicateData

2025-12-03 21:08:58.244 INFO  [13] [VM.GlobalScript.LogHelper+<>c::<.cctor>b__8_0@0] ProcessID-8260-,2025-12-03 21:08:58.006 [5] [GlobalManager::HandleCmd] Receive:SetCommunicateData

2025-12-03 21:08:58.245 INFO  [13] [VM.GlobalScript.LogHelper+<>c::<.cctor>b__8_0@0] ProcessID-8260-,2025-12-03 21:08:58.006 [5] [GlobalManager::HandleCmd] Receive end:SetCommunicateData

2025-12-03 21:08:58.245 INFO  [13] [VM.GlobalScript.LogHelper+<>c::<.cctor>b__8_0@0] ProcessID-8260-,2025-12-03 21:08:58.085 [5] [GlobalManager::HandleCmd] Receive:SetCommunicateData

2025-12-03 21:08:58.245 INFO  [13] [VM.GlobalScript.LogHelper+<>c::<.cctor>b__8_0@0] ProcessID-8260-,2025-12-03 21:08:58.085 [5] [GlobalManager::HandleCmd] Receive end:SetCommunicateData

2025-12-03 21:08:59.248 INFO  [13] [VM.GlobalScript.LogHelper+<>c::<.cctor>b__8_0@0] ProcessID-8260-,2025-12-03 21:08:58.596 [5] [GlobalManager::HandleCmd] Receive:SetCommunicateData

2025-12-03 21:08:59.248 INFO  [13] [VM.GlobalScript.LogHelper+<>c::<.cctor>b__8_0@0] ProcessID-8260-,2025-12-03 21:08:58.596 [5] [GlobalManager::HandleCmd] Receive end:SetCommunicateData

2025-12-03 21:09:01.259 INFO  [13] [VM.GlobalScript.LogHelper+<>c::<.cctor>b__8_0@0] ProcessID-8260-,2025-12-03 21:09:00.926 [5] [GlobalManager::HandleCmd] Receive:SetCommunicateData

2025-12-03 21:09:01.259 INFO  [13] [VM.GlobalScript.LogHelper+<>c::<.cctor>b__8_0@0] ProcessID-8260-,2025-12-03 21:09:00.926 [5] [GlobalManager::HandleCmd] Receive end:SetCommunicateData

2025-12-03 21:09:01.259 INFO  [13] [VM.GlobalScript.LogHelper+<>c::<.cctor>b__8_0@0] ProcessID-8260-,2025-12-03 21:09:00.974 [5] [GlobalManager::HandleCmd] Receive:SetCommunicateData

2025-12-03 21:09:01.260 INFO  [13] [VM.GlobalScript.LogHelper+<>c::<.cctor>b__8_0@0] ProcessID-8260-,2025-12-03 21:09:00.974 [5] [GlobalManager::HandleCmd] Receive end:SetCommunicateData

2025-12-03 21:09:02.262 INFO  [13] [VM.GlobalScript.LogHelper+<>c::<.cctor>b__8_0@0] ProcessID-8260-,2025-12-03 21:09:01.497 [5] [GlobalManager::HandleCmd] Receive:SetCommunicateData

2025-12-03 21:09:02.262 INFO  [13] [VM.GlobalScript.LogHelper+<>c::<.cctor>b__8_0@0] ProcessID-8260-,2025-12-03 21:09:01.497 [5] [GlobalManager::HandleCmd] Receive end:SetCommunicateData

2025-12-03 21:09:02.262 INFO  [13] [VM.GlobalScript.LogHelper+<>c::<.cctor>b__8_0@0] ProcessID-8260-,2025-12-03 21:09:01.958 [5] [GlobalManager::HandleCmd] Receive:SetCommunicateData

2025-12-03 21:09:02.262 INFO  [13] [VM.GlobalScript.LogHelper+<>c::<.cctor>b__8_0@0] ProcessID-8260-,2025-12-03 21:09:01.958 [5] [GlobalManager::HandleCmd] Receive end:SetCommunicateData

2025-12-03 21:09:05.277 INFO  [13] [VM.GlobalScript.LogHelper+<>c::<.cctor>b__8_0@0] ProcessID-8260-,2025-12-03 21:09:04.605 [5] [GlobalManager::HandleCmd] Receive:SetCommunicateData

2025-12-03 21:09:05.277 INFO  [13] [VM.GlobalScript.LogHelper+<>c::<.cctor>b__8_0@0] ProcessID-8260-,2025-12-03 21:09:04.605 [5] [GlobalManager::HandleCmd] Receive end:SetCommunicateData

2025-12-03 21:09:05.277 INFO  [13] [VM.GlobalScript.LogHelper+<>c::<.cctor>b__8_0@0] ProcessID-8260-,2025-12-03 21:09:04.653 [5] [GlobalManager::HandleCmd] Receive:SetCommunicateData

2025-12-03 21:09:05.277 INFO  [13] [VM.GlobalScript.LogHelper+<>c::<.cctor>b__8_0@0] ProcessID-8260-,2025-12-03 21:09:04.653 [5] [GlobalManager::HandleCmd] Receive end:SetCommunicateData

2025-12-03 21:09:05.278 INFO  [13] [VM.GlobalScript.LogHelper+<>c::<.cctor>b__8_0@0] ProcessID-8260-,2025-12-03 21:09:05.086 [5] [GlobalManager::HandleCmd] Receive:SetCommunicateData

2025-12-03 21:09:05.278 INFO  [13] [VM.GlobalScript.LogHelper+<>c::<.cctor>b__8_0@0] ProcessID-8260-,2025-12-03 21:09:05.086 [5] [GlobalManager::HandleCmd] Receive end:SetCommunicateData

2025-12-03 21:09:05.278 INFO  [13] [VM.GlobalScript.LogHelper+<>c::<.cctor>b__8_0@0] ProcessID-8260-,2025-12-03 21:09:05.165 [5] [GlobalManager::HandleCmd] Receive:SetCommunicateData

2025-12-03 21:09:05.278 INFO  [13] [VM.GlobalScript.LogHelper+<>c::<.cctor>b__8_0@0] ProcessID-8260-,2025-12-03 21:09:05.165 [5] [GlobalManager::HandleCmd] Receive end:SetCommunicateData

2025-12-03 21:09:06.285 INFO  [13] [VM.GlobalScript.LogHelper+<>c::<.cctor>b__8_0@0] ProcessID-8260-,2025-12-03 21:09:05.645 [5] [GlobalManager::HandleCmd] Receive:SetCommunicateData

2025-12-03 21:09:06.285 INFO  [13] [VM.GlobalScript.LogHelper+<>c::<.cctor>b__8_0@0] ProcessID-8260-,2025-12-03 21:09:05.645 [5] [GlobalManager::HandleCmd] Receive end:SetCommunicateData

2025-12-03 21:09:09.317 INFO  [13] [VM.GlobalScript.LogHelper+<>c::<.cctor>b__8_0@0] ProcessID-8260-,2025-12-03 21:09:08.403 [5] [GlobalManager::HandleCmd] Receive:SetCommunicateData

2025-12-03 21:09:09.317 INFO  [13] [VM.GlobalScript.LogHelper+<>c::<.cctor>b__8_0@0] ProcessID-8260-,2025-12-03 21:09:08.403 [5] [GlobalManager::HandleCmd] Receive end:SetCommunicateData

2025-12-03 21:09:09.317 INFO  [13] [VM.GlobalScript.LogHelper+<>c::<.cctor>b__8_0@0] ProcessID-8260-,2025-12-03 21:09:08.872 [5] [GlobalManager::HandleCmd] Receive:SetCommunicateData

2025-12-03 21:09:09.317 INFO  [13] [VM.GlobalScript.LogHelper+<>c::<.cctor>b__8_0@0] ProcessID-8260-,2025-12-03 21:09:08.872 [5] [GlobalManager::HandleCmd] Receive end:SetCommunicateData

2025-12-03 21:09:09.317 INFO  [13] [VM.GlobalScript.LogHelper+<>c::<.cctor>b__8_0@0] ProcessID-8260-,2025-12-03 21:09:08.937 [5] [GlobalManager::HandleCmd] Receive:SetCommunicateData

2025-12-03 21:09:09.317 INFO  [13] [VM.GlobalScript.LogHelper+<>c::<.cctor>b__8_0@0] ProcessID-8260-,2025-12-03 21:09:08.937 [5] [GlobalManager::HandleCmd] Receive end:SetCommunicateData

2025-12-03 21:09:10.333 INFO  [13] [VM.GlobalScript.LogHelper+<>c::<.cctor>b__8_0@0] ProcessID-8260-,2025-12-03 21:09:09.411 [5] [GlobalManager::HandleCmd] Receive:SetCommunicateData

2025-12-03 21:09:10.333 INFO  [13] [VM.GlobalScript.LogHelper+<>c::<.cctor>b__8_0@0] ProcessID-8260-,2025-12-03 21:09:09.411 [5] [GlobalManager::HandleCmd] Receive end:SetCommunicateData

2025-12-03 21:09:12.352 INFO  [13] [VM.GlobalScript.LogHelper+<>c::<.cctor>b__8_0@0] ProcessID-8260-,2025-12-03 21:09:12.134 [5] [GlobalManager::HandleCmd] Receive:SetCommunicateData

2025-12-03 21:09:12.352 INFO  [13] [VM.GlobalScript.LogHelper+<>c::<.cctor>b__8_0@0] ProcessID-8260-,2025-12-03 21:09:12.134 [5] [GlobalManager::HandleCmd] Receive end:SetCommunicateData

2025-12-03 21:09:13.368 INFO  [13] [VM.GlobalScript.LogHelper+<>c::<.cctor>b__8_0@0] ProcessID-8260-,2025-12-03 21:09:12.602 [5] [GlobalManager::HandleCmd] Receive:SetCommunicateData

2025-12-03 21:09:13.368 INFO  [13] [VM.GlobalScript.LogHelper+<>c::<.cctor>b__8_0@0] ProcessID-8260-,2025-12-03 21:09:12.602 [5] [GlobalManager::HandleCmd] Receive end:SetCommunicateData

2025-12-03 21:09:13.368 INFO  [13] [VM.GlobalScript.LogHelper+<>c::<.cctor>b__8_0@0] ProcessID-8260-,2025-12-03 21:09:12.681 [5] [GlobalManager::HandleCmd] Receive:SetCommunicateData

2025-12-03 21:09:13.368 INFO  [13] [VM.GlobalScript.LogHelper+<>c::<.cctor>b__8_0@0] ProcessID-8260-,2025-12-03 21:09:12.681 [5] [GlobalManager::HandleCmd] Receive end:SetCommunicateData

2025-12-03 21:09:13.368 INFO  [13] [VM.GlobalScript.LogHelper+<>c::<.cctor>b__8_0@0] ProcessID-8260-,2025-12-03 21:09:13.149 [5] [GlobalManager::HandleCmd] Receive:SetCommunicateData

2025-12-03 21:09:13.368 INFO  [13] [VM.GlobalScript.LogHelper+<>c::<.cctor>b__8_0@0] ProcessID-8260-,2025-12-03 21:09:13.149 [5] [GlobalManager::HandleCmd] Receive end:SetCommunicateData

2025-12-03 21:09:16.415 INFO  [13] [VM.GlobalScript.LogHelper+<>c::<.cctor>b__8_0@0] ProcessID-8260-,2025-12-03 21:09:15.618 [5] [GlobalManager::HandleCmd] Receive:SetCommunicateData

2025-12-03 21:09:16.415 INFO  [13] [VM.GlobalScript.LogHelper+<>c::<.cctor>b__8_0@0] ProcessID-8260-,2025-12-03 21:09:15.618 [5] [GlobalManager::HandleCmd] Receive end:SetCommunicateData

2025-12-03 21:09:16.415 INFO  [13] [VM.GlobalScript.LogHelper+<>c::<.cctor>b__8_0@0] ProcessID-8260-,2025-12-03 21:09:16.133 [5] [GlobalManager::HandleCmd] Receive:SetCommunicateData

2025-12-03 21:09:16.415 INFO  [13] [VM.GlobalScript.LogHelper+<>c::<.cctor>b__8_0@0] ProcessID-8260-,2025-12-03 21:09:16.133 [5] [GlobalManager::HandleCmd] Receive end:SetCommunicateData

2025-12-03 21:09:17.417 INFO  [13] [VM.GlobalScript.LogHelper+<>c::<.cctor>b__8_0@0] ProcessID-8260-,2025-12-03 21:09:16.600 [5] [GlobalManager::HandleCmd] Receive:SetCommunicateData

2025-12-03 21:09:17.417 INFO  [13] [VM.GlobalScript.LogHelper+<>c::<.cctor>b__8_0@0] ProcessID-8260-,2025-12-03 21:09:16.600 [5] [GlobalManager::HandleCmd] Receive end:SetCommunicateData

2025-12-03 21:09:19.439 INFO  [13] [VM.GlobalScript.LogHelper+<>c::<.cctor>b__8_0@0] ProcessID-8260-,2025-12-03 21:09:19.361 [5] [GlobalManager::HandleCmd] Receive:SetCommunicateData

2025-12-03 21:09:19.439 INFO  [13] [VM.GlobalScript.LogHelper+<>c::<.cctor>b__8_0@0] ProcessID-8260-,2025-12-03 21:09:19.361 [5] [GlobalManager::HandleCmd] Receive end:SetCommunicateData

2025-12-03 21:09:20.441 INFO  [13] [VM.GlobalScript.LogHelper+<>c::<.cctor>b__8_0@0] ProcessID-8260-,2025-12-03 21:09:19.888 [5] [GlobalManager::HandleCmd] Receive:SetCommunicateData

2025-12-03 21:09:20.441 INFO  [13] [VM.GlobalScript.LogHelper+<>c::<.cctor>b__8_0@0] ProcessID-8260-,2025-12-03 21:09:19.888 [5] [GlobalManager::HandleCmd] Receive end:SetCommunicateData

2025-12-03 21:09:20.441 INFO  [13] [VM.GlobalScript.LogHelper+<>c::<.cctor>b__8_0@0] ProcessID-8260-,2025-12-03 21:09:20.362 [5] [GlobalManager::HandleCmd] Receive:SetCommunicateData

2025-12-03 21:09:20.441 INFO  [13] [VM.GlobalScript.LogHelper+<>c::<.cctor>b__8_0@0] ProcessID-8260-,2025-12-03 21:09:20.362 [5] [GlobalManager::HandleCmd] Receive end:SetCommunicateData

2025-12-03 21:09:23.487 INFO  [13] [VM.GlobalScript.LogHelper+<>c::<.cctor>b__8_0@0] ProcessID-8260-,2025-12-03 21:09:23.096 [5] [GlobalManager::HandleCmd] Receive:SetCommunicateData

2025-12-03 21:09:23.487 INFO  [13] [VM.GlobalScript.LogHelper+<>c::<.cctor>b__8_0@0] ProcessID-8260-,2025-12-03 21:09:23.096 [5] [GlobalManager::HandleCmd] Receive end:SetCommunicateData

2025-12-03 21:09:24.503 INFO  [13] [VM.GlobalScript.LogHelper+<>c::<.cctor>b__8_0@0] ProcessID-8260-,2025-12-03 21:09:23.550 [5] [GlobalManager::HandleCmd] Receive:SetCommunicateData

2025-12-03 21:09:24.503 INFO  [13] [VM.GlobalScript.LogHelper+<>c::<.cctor>b__8_0@0] ProcessID-8260-,2025-12-03 21:09:23.550 [5] [GlobalManager::HandleCmd] Receive end:SetCommunicateData

2025-12-03 21:09:24.503 INFO  [13] [VM.GlobalScript.LogHelper+<>c::<.cctor>b__8_0@0] ProcessID-8260-,2025-12-03 21:09:23.628 [5] [GlobalManager::HandleCmd] Receive:SetCommunicateData

2025-12-03 21:09:24.503 INFO  [13] [VM.GlobalScript.LogHelper+<>c::<.cctor>b__8_0@0] ProcessID-8260-,2025-12-03 21:09:23.628 [5] [GlobalManager::HandleCmd] Receive end:SetCommunicateData

2025-12-03 21:09:24.503 INFO  [13] [VM.GlobalScript.LogHelper+<>c::<.cctor>b__8_0@0] ProcessID-8260-,2025-12-03 21:09:24.096 [5] [GlobalManager::HandleCmd] Receive:SetCommunicateData

2025-12-03 21:09:24.503 INFO  [13] [VM.GlobalScript.LogHelper+<>c::<.cctor>b__8_0@0] ProcessID-8260-,2025-12-03 21:09:24.096 [5] [GlobalManager::HandleCmd] Receive end:SetCommunicateData

2025-12-03 21:09:27.547 INFO  [13] [VM.GlobalScript.LogHelper+<>c::<.cctor>b__8_0@0] ProcessID-8260-,2025-12-03 21:09:26.532 [5] [GlobalManager::HandleCmd] Receive:SetCommunicateData

2025-12-03 21:09:27.547 INFO  [13] [VM.GlobalScript.LogHelper+<>c::<.cctor>b__8_0@0] ProcessID-8260-,2025-12-03 21:09:26.532 [5] [GlobalManager::HandleCmd] Receive end:SetCommunicateData

2025-12-03 21:09:27.547 INFO  [13] [VM.GlobalScript.LogHelper+<>c::<.cctor>b__8_0@0] ProcessID-8260-,2025-12-03 21:09:27.016 [5] [GlobalManager::HandleCmd] Receive:SetCommunicateData

2025-12-03 21:09:27.547 INFO  [13] [VM.GlobalScript.LogHelper+<>c::<.cctor>b__8_0@0] ProcessID-8260-,2025-12-03 21:09:27.016 [5] [GlobalManager::HandleCmd] Receive end:SetCommunicateData

2025-12-03 21:09:27.547 INFO  [13] [VM.GlobalScript.LogHelper+<>c::<.cctor>b__8_0@0] ProcessID-8260-,2025-12-03 21:09:27.094 [5] [GlobalManager::HandleCmd] Receive:SetCommunicateData

2025-12-03 21:09:27.547 INFO  [13] [VM.GlobalScript.LogHelper+<>c::<.cctor>b__8_0@0] ProcessID-8260-,2025-12-03 21:09:27.094 [5] [GlobalManager::HandleCmd] Receive end:SetCommunicateData

2025-12-03 21:09:28.563 INFO  [13] [VM.GlobalScript.LogHelper+<>c::<.cctor>b__8_0@0] ProcessID-8260-,2025-12-03 21:09:27.563 [5] [GlobalManager::HandleCmd] Receive:SetCommunicateData

2025-12-03 21:09:28.563 INFO  [13] [VM.GlobalScript.LogHelper+<>c::<.cctor>b__8_0@0] ProcessID-8260-,2025-12-03 21:09:27.563 [5] [GlobalManager::HandleCmd] Receive end:SetCommunicateData

2025-12-03 21:09:30.590 INFO  [13] [VM.GlobalScript.LogHelper+<>c::<.cctor>b__8_0@0] ProcessID-8260-,2025-12-03 21:09:30.012 [5] [GlobalManager::HandleCmd] Receive:SetCommunicateData

2025-12-03 21:09:30.590 INFO  [13] [VM.GlobalScript.LogHelper+<>c::<.cctor>b__8_0@0] ProcessID-8260-,2025-12-03 21:09:30.012 [5] [GlobalManager::HandleCmd] Receive end:SetCommunicateData

2025-12-03 21:09:30.590 INFO  [13] [VM.GlobalScript.LogHelper+<>c::<.cctor>b__8_0@0] ProcessID-8260-,2025-12-03 21:09:30.481 [5] [GlobalManager::HandleCmd] Receive:SetCommunicateData

2025-12-03 21:09:30.590 INFO  [13] [VM.GlobalScript.LogHelper+<>c::<.cctor>b__8_0@0] ProcessID-8260-,2025-12-03 21:09:30.481 [5] [GlobalManager::HandleCmd] Receive end:SetCommunicateData

2025-12-03 21:09:30.590 INFO  [13] [VM.GlobalScript.LogHelper+<>c::<.cctor>b__8_0@0] ProcessID-8260-,2025-12-03 21:09:30.559 [5] [GlobalManager::HandleCmd] Receive:SetCommunicateData

2025-12-03 21:09:30.590 INFO  [13] [VM.GlobalScript.LogHelper+<>c::<.cctor>b__8_0@0] ProcessID-8260-,2025-12-03 21:09:30.559 [5] [GlobalManager::HandleCmd] Receive end:SetCommunicateData

2025-12-03 21:09:31.592 INFO  [13] [VM.GlobalScript.LogHelper+<>c::<.cctor>b__8_0@0] ProcessID-8260-,2025-12-03 21:09:31.033 [5] [GlobalManager::HandleCmd] Receive:SetCommunicateData

2025-12-03 21:09:31.592 INFO  [13] [VM.GlobalScript.LogHelper+<>c::<.cctor>b__8_0@0] ProcessID-8260-,2025-12-03 21:09:31.033 [5] [GlobalManager::HandleCmd] Receive end:SetCommunicateData

2025-12-03 21:09:34.633 INFO  [13] [VM.GlobalScript.LogHelper+<>c::<.cctor>b__8_0@0] ProcessID-8260-,2025-12-03 21:09:33.784 [5] [GlobalManager::HandleCmd] Receive:SetCommunicateData

2025-12-03 21:09:34.633 INFO  [13] [VM.GlobalScript.LogHelper+<>c::<.cctor>b__8_0@0] ProcessID-8260-,2025-12-03 21:09:33.784 [5] [GlobalManager::HandleCmd] Receive end:SetCommunicateData

2025-12-03 21:09:34.633 INFO  [13] [VM.GlobalScript.LogHelper+<>c::<.cctor>b__8_0@0] ProcessID-8260-,2025-12-03 21:09:34.258 [5] [GlobalManager::HandleCmd] Receive:SetCommunicateData

2025-12-03 21:09:34.633 INFO  [13] [VM.GlobalScript.LogHelper+<>c::<.cctor>b__8_0@0] ProcessID-8260-,2025-12-03 21:09:34.258 [5] [GlobalManager::HandleCmd] Receive end:SetCommunicateData

2025-12-03 21:09:34.633 INFO  [13] [VM.GlobalScript.LogHelper+<>c::<.cctor>b__8_0@0] ProcessID-8260-,2025-12-03 21:09:34.367 [5] [GlobalManager::HandleCmd] Receive:SetCommunicateData

2025-12-03 21:09:34.633 INFO  [13] [VM.GlobalScript.LogHelper+<>c::<.cctor>b__8_0@0] ProcessID-8260-,2025-12-03 21:09:34.367 [5] [GlobalManager::HandleCmd] Receive end:SetCommunicateData

2025-12-03 21:09:35.635 INFO  [13] [VM.GlobalScript.LogHelper+<>c::<.cctor>b__8_0@0] ProcessID-8260-,2025-12-03 21:09:34.774 [5] [GlobalManager::HandleCmd] Receive:SetCommunicateData

2025-12-03 21:09:35.635 INFO  [13] [VM.GlobalScript.LogHelper+<>c::<.cctor>b__8_0@0] ProcessID-8260-,2025-12-03 21:09:34.774 [5] [GlobalManager::HandleCmd] Receive end:SetCommunicateData

2025-12-03 21:09:37.663 INFO  [13] [VM.GlobalScript.LogHelper+<>c::<.cctor>b__8_0@0] ProcessID-8260-,2025-12-03 21:09:37.057 [5] [GlobalManager::HandleCmd] Receive:SetCommunicateData

2025-12-03 21:09:37.663 INFO  [13] [VM.GlobalScript.LogHelper+<>c::<.cctor>b__8_0@0] ProcessID-8260-,2025-12-03 21:09:37.057 [5] [GlobalManager::HandleCmd] Receive end:SetCommunicateData

2025-12-03 21:09:37.663 INFO  [13] [VM.GlobalScript.LogHelper+<>c::<.cctor>b__8_0@0] ProcessID-8260-,2025-12-03 21:09:37.104 [5] [GlobalManager::HandleCmd] Receive:SetCommunicateData

2025-12-03 21:09:37.663 INFO  [13] [VM.GlobalScript.LogHelper+<>c::<.cctor>b__8_0@0] ProcessID-8260-,2025-12-03 21:09:37.104 [5] [GlobalManager::HandleCmd] Receive end:SetCommunicateData

2025-12-03 21:09:37.663 INFO  [13] [VM.GlobalScript.LogHelper+<>c::<.cctor>b__8_0@0] ProcessID-8260-,2025-12-03 21:09:37.538 [5] [GlobalManager::HandleCmd] Receive:SetCommunicateData

2025-12-03 21:09:37.663 INFO  [13] [VM.GlobalScript.LogHelper+<>c::<.cctor>b__8_0@0] ProcessID-8260-,2025-12-03 21:09:37.538 [5] [GlobalManager::HandleCmd] Receive end:SetCommunicateData

2025-12-03 21:09:38.679 INFO  [13] [VM.GlobalScript.LogHelper+<>c::<.cctor>b__8_0@0] ProcessID-8260-,2025-12-03 21:09:37.944 [5] [GlobalManager::HandleCmd] Receive:SetCommunicateData

2025-12-03 21:09:38.679 INFO  [13] [VM.GlobalScript.LogHelper+<>c::<.cctor>b__8_0@0] ProcessID-8260-,2025-12-03 21:09:37.944 [5] [GlobalManager::HandleCmd] Receive end:SetCommunicateData

2025-12-03 21:11:01.704 INFO  [13] [VM.GlobalScript.LogHelper+<>c::<.cctor>b__8_0@0] ProcessID-8260-,2025-12-03 21:11:01.236 [5] [GlobalManager::HandleCmd] Receive:SetCommunicateData

2025-12-03 21:11:01.704 INFO  [13] [VM.GlobalScript.LogHelper+<>c::<.cctor>b__8_0@0] ProcessID-8260-,2025-12-03 21:11:01.236 [5] [GlobalManager::HandleCmd] Receive end:SetCommunicateData

2025-12-03 21:11:01.704 INFO  [13] [VM.GlobalScript.LogHelper+<>c::<.cctor>b__8_0@0] ProcessID-8260-,2025-12-03 21:11:01.642 [5] [GlobalManager::HandleCmd] Receive:SetCommunicateData

2025-12-03 21:11:01.704 INFO  [13] [VM.GlobalScript.LogHelper+<>c::<.cctor>b__8_0@0] ProcessID-8260-,2025-12-03 21:11:01.642 [5] [GlobalManager::HandleCmd] Receive end:SetCommunicateData

2025-12-03 21:11:02.720 INFO  [13] [VM.GlobalScript.LogHelper+<>c::<.cctor>b__8_0@0] ProcessID-8260-,2025-12-03 21:11:01.720 [5] [GlobalManager::HandleCmd] Receive:SetCommunicateData

2025-12-03 21:11:02.720 INFO  [13] [VM.GlobalScript.LogHelper+<>c::<.cctor>b__8_0@0] ProcessID-8260-,2025-12-03 21:11:01.720 [5] [GlobalManager::HandleCmd] Receive end:SetCommunicateData

2025-12-03 21:11:02.720 INFO  [13] [VM.GlobalScript.LogHelper+<>c::<.cctor>b__8_0@0] ProcessID-8260-,2025-12-03 21:11:02.111 [5] [GlobalManager::HandleCmd] Receive:SetCommunicateData

2025-12-03 21:11:02.720 INFO  [13] [VM.GlobalScript.LogHelper+<>c::<.cctor>b__8_0@0] ProcessID-8260-,2025-12-03 21:11:02.111 [5] [GlobalManager::HandleCmd] Receive end:SetCommunicateData

2025-12-03 21:11:04.751 INFO  [13] [VM.GlobalScript.LogHelper+<>c::<.cctor>b__8_0@0] ProcessID-8260-,2025-12-03 21:11:04.579 [5] [GlobalManager::HandleCmd] Receive:SetCommunicateData

2025-12-03 21:11:04.751 INFO  [13] [VM.GlobalScript.LogHelper+<>c::<.cctor>b__8_0@0] ProcessID-8260-,2025-12-03 21:11:04.579 [5] [GlobalManager::HandleCmd] Receive end:SetCommunicateData

2025-12-03 21:11:05.760 INFO  [13] [VM.GlobalScript.LogHelper+<>c::<.cctor>b__8_0@0] ProcessID-8260-,2025-12-03 21:11:04.979 [5] [GlobalManager::HandleCmd] Receive:SetCommunicateData

2025-12-03 21:11:05.760 INFO  [13] [VM.GlobalScript.LogHelper+<>c::<.cctor>b__8_0@0] ProcessID-8260-,2025-12-03 21:11:04.979 [5] [GlobalManager::HandleCmd] Receive end:SetCommunicateData

2025-12-03 21:11:05.760 INFO  [13] [VM.GlobalScript.LogHelper+<>c::<.cctor>b__8_0@0] ProcessID-8260-,2025-12-03 21:11:05.057 [5] [GlobalManager::HandleCmd] Receive:SetCommunicateData

2025-12-03 21:11:05.760 INFO  [13] [VM.GlobalScript.LogHelper+<>c::<.cctor>b__8_0@0] ProcessID-8260-,2025-12-03 21:11:05.057 [5] [GlobalManager::HandleCmd] Receive end:SetCommunicateData

2025-12-03 21:11:05.760 INFO  [13] [VM.GlobalScript.LogHelper+<>c::<.cctor>b__8_0@0] ProcessID-8260-,2025-12-03 21:11:05.463 [5] [GlobalManager::HandleCmd] Receive:SetCommunicateData

2025-12-03 21:11:05.760 INFO  [13] [VM.GlobalScript.LogHelper+<>c::<.cctor>b__8_0@0] ProcessID-8260-,2025-12-03 21:11:05.463 [5] [GlobalManager::HandleCmd] Receive end:SetCommunicateData

2025-12-03 21:11:08.787 INFO  [13] [VM.GlobalScript.LogHelper+<>c::<.cctor>b__8_0@0] ProcessID-8260-,2025-12-03 21:11:08.068 [5] [GlobalManager::HandleCmd] Receive:SetCommunicateData

2025-12-03 21:11:08.787 INFO  [13] [VM.GlobalScript.LogHelper+<>c::<.cctor>b__8_0@0] ProcessID-8260-,2025-12-03 21:11:08.068 [5] [GlobalManager::HandleCmd] Receive end:SetCommunicateData

2025-12-03 21:11:08.787 INFO  [13] [VM.GlobalScript.LogHelper+<>c::<.cctor>b__8_0@0] ProcessID-8260-,2025-12-03 21:11:08.474 [5] [GlobalManager::HandleCmd] Receive:SetCommunicateData

2025-12-03 21:11:08.787 INFO  [13] [VM.GlobalScript.LogHelper+<>c::<.cctor>b__8_0@0] ProcessID-8260-,2025-12-03 21:11:08.474 [5] [GlobalManager::HandleCmd] Receive end:SetCommunicateData

2025-12-03 21:11:08.787 INFO  [13] [VM.GlobalScript.LogHelper+<>c::<.cctor>b__8_0@0] ProcessID-8260-,2025-12-03 21:11:08.552 [5] [GlobalManager::HandleCmd] Receive:SetCommunicateData

2025-12-03 21:11:08.787 INFO  [13] [VM.GlobalScript.LogHelper+<>c::<.cctor>b__8_0@0] ProcessID-8260-,2025-12-03 21:11:08.552 [5] [GlobalManager::HandleCmd] Receive end:SetCommunicateData

2025-12-03 21:11:09.793 INFO  [13] [VM.GlobalScript.LogHelper+<>c::<.cctor>b__8_0@0] ProcessID-8260-,2025-12-03 21:11:08.943 [5] [GlobalManager::HandleCmd] Receive:SetCommunicateData

2025-12-03 21:11:09.793 INFO  [13] [VM.GlobalScript.LogHelper+<>c::<.cctor>b__8_0@0] ProcessID-8260-,2025-12-03 21:11:08.943 [5] [GlobalManager::HandleCmd] Receive end:SetCommunicateData

2025-12-03 21:11:11.824 INFO  [13] [VM.GlobalScript.LogHelper+<>c::<.cctor>b__8_0@0] ProcessID-8260-,2025-12-03 21:11:11.683 [5] [GlobalManager::HandleCmd] Receive:SetCommunicateData

2025-12-03 21:11:11.824 INFO  [13] [VM.GlobalScript.LogHelper+<>c::<.cctor>b__8_0@0] ProcessID-8260-,2025-12-03 21:11:11.683 [5] [GlobalManager::HandleCmd] Receive end:SetCommunicateData

2025-12-03 21:11:12.839 INFO  [13] [VM.GlobalScript.LogHelper+<>c::<.cctor>b__8_0@0] ProcessID-8260-,2025-12-03 21:11:12.121 [5] [GlobalManager::HandleCmd] Receive:SetCommunicateData

2025-12-03 21:11:12.839 INFO  [13] [VM.GlobalScript.LogHelper+<>c::<.cctor>b__8_0@0] ProcessID-8260-,2025-12-03 21:11:12.121 [5] [GlobalManager::HandleCmd] Receive end:SetCommunicateData

2025-12-03 21:11:12.839 INFO  [13] [VM.GlobalScript.LogHelper+<>c::<.cctor>b__8_0@0] ProcessID-8260-,2025-12-03 21:11:12.527 [5] [GlobalManager::HandleCmd] Receive:SetCommunicateData

2025-12-03 21:11:12.839 INFO  [13] [VM.GlobalScript.LogHelper+<>c::<.cctor>b__8_0@0] ProcessID-8260-,2025-12-03 21:11:12.527 [5] [GlobalManager::HandleCmd] Receive end:SetCommunicateData

2025-12-03 21:11:15.886 INFO  [13] [VM.GlobalScript.LogHelper+<>c::<.cctor>b__8_0@0] ProcessID-8260-,2025-12-03 21:11:15.261 [5] [GlobalManager::HandleCmd] Receive:SetCommunicateData

2025-12-03 21:11:15.886 INFO  [13] [VM.GlobalScript.LogHelper+<>c::<.cctor>b__8_0@0] ProcessID-8260-,2025-12-03 21:11:15.261 [5] [GlobalManager::HandleCmd] Receive end:SetCommunicateData

2025-12-03 21:11:15.886 INFO  [13] [VM.GlobalScript.LogHelper+<>c::<.cctor>b__8_0@0] ProcessID-8260-,2025-12-03 21:11:15.652 [5] [GlobalManager::HandleCmd] Receive:SetCommunicateData

2025-12-03 21:11:15.886 INFO  [13] [VM.GlobalScript.LogHelper+<>c::<.cctor>b__8_0@0] ProcessID-8260-,2025-12-03 21:11:15.652 [5] [GlobalManager::HandleCmd] Receive end:SetCommunicateData

2025-12-03 21:11:15.886 INFO  [13] [VM.GlobalScript.LogHelper+<>c::<.cctor>b__8_0@0] ProcessID-8260-,2025-12-03 21:11:15.730 [5] [GlobalManager::HandleCmd] Receive:SetCommunicateData

2025-12-03 21:11:15.886 INFO  [13] [VM.GlobalScript.LogHelper+<>c::<.cctor>b__8_0@0] ProcessID-8260-,2025-12-03 21:11:15.730 [5] [GlobalManager::HandleCmd] Receive end:SetCommunicateData

2025-12-03 21:11:16.902 INFO  [13] [VM.GlobalScript.LogHelper+<>c::<.cctor>b__8_0@0] ProcessID-8260-,2025-12-03 21:11:16.120 [5] [GlobalManager::HandleCmd] Receive:SetCommunicateData

2025-12-03 21:11:16.902 INFO  [13] [VM.GlobalScript.LogHelper+<>c::<.cctor>b__8_0@0] ProcessID-8260-,2025-12-03 21:11:16.120 [5] [GlobalManager::HandleCmd] Receive end:SetCommunicateData

2025-12-03 21:11:18.920 INFO  [13] [VM.GlobalScript.LogHelper+<>c::<.cctor>b__8_0@0] ProcessID-8260-,2025-12-03 21:11:18.842 [5] [GlobalManager::HandleCmd] Receive:SetCommunicateData

2025-12-03 21:11:18.920 INFO  [13] [VM.GlobalScript.LogHelper+<>c::<.cctor>b__8_0@0] ProcessID-8260-,2025-12-03 21:11:18.842 [5] [GlobalManager::HandleCmd] Receive end:SetCommunicateData

2025-12-03 21:11:19.936 INFO  [13] [VM.GlobalScript.LogHelper+<>c::<.cctor>b__8_0@0] ProcessID-8260-,2025-12-03 21:11:19.295 [5] [GlobalManager::HandleCmd] Receive:SetCommunicateData

2025-12-03 21:11:19.936 INFO  [13] [VM.GlobalScript.LogHelper+<>c::<.cctor>b__8_0@0] ProcessID-8260-,2025-12-03 21:11:19.295 [5] [GlobalManager::HandleCmd] Receive end:SetCommunicateData

2025-12-03 21:11:19.936 INFO  [13] [VM.GlobalScript.LogHelper+<>c::<.cctor>b__8_0@0] ProcessID-8260-,2025-12-03 21:11:19.686 [5] [GlobalManager::HandleCmd] Receive:SetCommunicateData

2025-12-03 21:11:19.936 INFO  [13] [VM.GlobalScript.LogHelper+<>c::<.cctor>b__8_0@0] ProcessID-8260-,2025-12-03 21:11:19.686 [5] [GlobalManager::HandleCmd] Receive end:SetCommunicateData

2025-12-03 21:11:22.982 INFO  [13] [VM.GlobalScript.LogHelper+<>c::<.cctor>b__8_0@0] ProcessID-8260-,2025-12-03 21:11:22.420 [5] [GlobalManager::HandleCmd] Receive:SetCommunicateData

2025-12-03 21:11:22.982 INFO  [13] [VM.GlobalScript.LogHelper+<>c::<.cctor>b__8_0@0] ProcessID-8260-,2025-12-03 21:11:22.420 [5] [GlobalManager::HandleCmd] Receive end:SetCommunicateData

2025-12-03 21:11:22.982 INFO  [13] [VM.GlobalScript.LogHelper+<>c::<.cctor>b__8_0@0] ProcessID-8260-,2025-12-03 21:11:22.857 [5] [GlobalManager::HandleCmd] Receive:SetCommunicateData

2025-12-03 21:11:22.982 INFO  [13] [VM.GlobalScript.LogHelper+<>c::<.cctor>b__8_0@0] ProcessID-8260-,2025-12-03 21:11:22.857 [5] [GlobalManager::HandleCmd] Receive end:SetCommunicateData

2025-12-03 21:11:23.998 INFO  [13] [VM.GlobalScript.LogHelper+<>c::<.cctor>b__8_0@0] ProcessID-8260-,2025-12-03 21:11:23.248 [5] [GlobalManager::HandleCmd] Receive:SetCommunicateData

2025-12-03 21:11:23.998 INFO  [13] [VM.GlobalScript.LogHelper+<>c::<.cctor>b__8_0@0] ProcessID-8260-,2025-12-03 21:11:23.248 [5] [GlobalManager::HandleCmd] Receive end:SetCommunicateData

2025-12-03 21:11:26.028 INFO  [13] [VM.GlobalScript.LogHelper+<>c::<.cctor>b__8_0@0] ProcessID-8260-,2025-12-03 21:11:25.965 [5] [GlobalManager::HandleCmd] Receive:SetCommunicateData

2025-12-03 21:11:26.028 INFO  [13] [VM.GlobalScript.LogHelper+<>c::<.cctor>b__8_0@0] ProcessID-8260-,2025-12-03 21:11:25.965 [5] [GlobalManager::HandleCmd] Receive end:SetCommunicateData

2025-12-03 21:11:27.040 INFO  [13] [VM.GlobalScript.LogHelper+<>c::<.cctor>b__8_0@0] ProcessID-8260-,2025-12-03 21:11:26.356 [5] [GlobalManager::HandleCmd] Receive:SetCommunicateData

2025-12-03 21:11:27.040 INFO  [13] [VM.GlobalScript.LogHelper+<>c::<.cctor>b__8_0@0] ProcessID-8260-,2025-12-03 21:11:26.356 [5] [GlobalManager::HandleCmd] Receive end:SetCommunicateData

2025-12-03 21:11:27.040 INFO  [13] [VM.GlobalScript.LogHelper+<>c::<.cctor>b__8_0@0] ProcessID-8260-,2025-12-03 21:11:26.434 [5] [GlobalManager::HandleCmd] Receive:SetCommunicateData

2025-12-03 21:11:27.040 INFO  [13] [VM.GlobalScript.LogHelper+<>c::<.cctor>b__8_0@0] ProcessID-8260-,2025-12-03 21:11:26.434 [5] [GlobalManager::HandleCmd] Receive end:SetCommunicateData

2025-12-03 21:11:27.040 INFO  [13] [VM.GlobalScript.LogHelper+<>c::<.cctor>b__8_0@0] ProcessID-8260-,2025-12-03 21:11:26.816 [5] [GlobalManager::HandleCmd] Receive:SetCommunicateData

2025-12-03 21:11:27.040 INFO  [13] [VM.GlobalScript.LogHelper+<>c::<.cctor>b__8_0@0] ProcessID-8260-,2025-12-03 21:11:26.816 [5] [GlobalManager::HandleCmd] Receive end:SetCommunicateData

2025-12-03 21:11:30.087 INFO  [13] [VM.GlobalScript.LogHelper+<>c::<.cctor>b__8_0@0] ProcessID-8260-,2025-12-03 21:11:29.290 [5] [GlobalManager::HandleCmd] Receive:SetCommunicateData

2025-12-03 21:11:30.087 INFO  [13] [VM.GlobalScript.LogHelper+<>c::<.cctor>b__8_0@0] ProcessID-8260-,2025-12-03 21:11:29.290 [5] [GlobalManager::HandleCmd] Receive end:SetCommunicateData

2025-12-03 21:11:30.087 INFO  [13] [VM.GlobalScript.LogHelper+<>c::<.cctor>b__8_0@0] ProcessID-8260-,2025-12-03 21:11:29.727 [5] [GlobalManager::HandleCmd] Receive:SetCommunicateData

2025-12-03 21:11:30.087 INFO  [13] [VM.GlobalScript.LogHelper+<>c::<.cctor>b__8_0@0] ProcessID-8260-,2025-12-03 21:11:29.727 [5] [GlobalManager::HandleCmd] Receive end:SetCommunicateData

2025-12-03 21:11:31.102 INFO  [13] [VM.GlobalScript.LogHelper+<>c::<.cctor>b__8_0@0] ProcessID-8260-,2025-12-03 21:11:30.118 [5] [GlobalManager::HandleCmd] Receive:SetCommunicateData

2025-12-03 21:11:31.102 INFO  [13] [VM.GlobalScript.LogHelper+<>c::<.cctor>b__8_0@0] ProcessID-8260-,2025-12-03 21:11:30.118 [5] [GlobalManager::HandleCmd] Receive end:SetCommunicateData

2025-12-03 21:11:33.134 INFO  [13] [VM.GlobalScript.LogHelper+<>c::<.cctor>b__8_0@0] ProcessID-8260-,2025-12-03 21:11:32.868 [5] [GlobalManager::HandleCmd] Receive:SetCommunicateData

2025-12-03 21:11:33.134 INFO  [13] [VM.GlobalScript.LogHelper+<>c::<.cctor>b__8_0@0] ProcessID-8260-,2025-12-03 21:11:32.868 [5] [GlobalManager::HandleCmd] Receive end:SetCommunicateData

2025-12-03 21:11:34.149 INFO  [13] [VM.GlobalScript.LogHelper+<>c::<.cctor>b__8_0@0] ProcessID-8260-,2025-12-03 21:11:33.306 [5] [GlobalManager::HandleCmd] Receive:SetCommunicateData

2025-12-03 21:11:34.149 INFO  [13] [VM.GlobalScript.LogHelper+<>c::<.cctor>b__8_0@0] ProcessID-8260-,2025-12-03 21:11:33.306 [5] [GlobalManager::HandleCmd] Receive end:SetCommunicateData

2025-12-03 21:11:34.149 INFO  [13] [VM.GlobalScript.LogHelper+<>c::<.cctor>b__8_0@0] ProcessID-8260-,2025-12-03 21:11:33.712 [5] [GlobalManager::HandleCmd] Receive:SetCommunicateData

2025-12-03 21:11:34.149 INFO  [13] [VM.GlobalScript.LogHelper+<>c::<.cctor>b__8_0@0] ProcessID-8260-,2025-12-03 21:11:33.712 [5] [GlobalManager::HandleCmd] Receive end:SetCommunicateData

2025-12-03 21:11:36.180 INFO  [13] [VM.GlobalScript.LogHelper+<>c::<.cctor>b__8_0@0] ProcessID-8260-,2025-12-03 21:11:36.149 [5] [GlobalManager::HandleCmd] Receive:SetCommunicateData

2025-12-03 21:11:36.180 INFO  [13] [VM.GlobalScript.LogHelper+<>c::<.cctor>b__8_0@0] ProcessID-8260-,2025-12-03 21:11:36.149 [5] [GlobalManager::HandleCmd] Receive end:SetCommunicateData

2025-12-03 21:11:37.196 INFO  [13] [VM.GlobalScript.LogHelper+<>c::<.cctor>b__8_0@0] ProcessID-8260-,2025-12-03 21:11:36.540 [5] [GlobalManager::HandleCmd] Receive:SetCommunicateData

2025-12-03 21:11:37.196 INFO  [13] [VM.GlobalScript.LogHelper+<>c::<.cctor>b__8_0@0] ProcessID-8260-,2025-12-03 21:11:36.540 [5] [GlobalManager::HandleCmd] Receive end:SetCommunicateData

2025-12-03 21:11:37.196 INFO  [13] [VM.GlobalScript.LogHelper+<>c::<.cctor>b__8_0@0] ProcessID-8260-,2025-12-03 21:11:36.618 [5] [GlobalManager::HandleCmd] Receive:SetCommunicateData

2025-12-03 21:11:37.196 INFO  [13] [VM.GlobalScript.LogHelper+<>c::<.cctor>b__8_0@0] ProcessID-8260-,2025-12-03 21:11:36.618 [5] [GlobalManager::HandleCmd] Receive end:SetCommunicateData

2025-12-03 21:11:37.196 INFO  [13] [VM.GlobalScript.LogHelper+<>c::<.cctor>b__8_0@0] ProcessID-8260-,2025-12-03 21:11:37.008 [5] [GlobalManager::HandleCmd] Receive:SetCommunicateData

2025-12-03 21:11:37.196 INFO  [13] [VM.GlobalScript.LogHelper+<>c::<.cctor>b__8_0@0] ProcessID-8260-,2025-12-03 21:11:37.008 [5] [GlobalManager::HandleCmd] Receive end:SetCommunicateData

2025-12-03 21:11:40.238 INFO  [13] [VM.GlobalScript.LogHelper+<>c::<.cctor>b__8_0@0] ProcessID-8260-,2025-12-03 21:11:39.726 [5] [GlobalManager::HandleCmd] Receive:SetCommunicateData

2025-12-03 21:11:40.238 INFO  [13] [VM.GlobalScript.LogHelper+<>c::<.cctor>b__8_0@0] ProcessID-8260-,2025-12-03 21:11:39.726 [5] [GlobalManager::HandleCmd] Receive end:SetCommunicateData

2025-12-03 21:11:40.238 INFO  [13] [VM.GlobalScript.LogHelper+<>c::<.cctor>b__8_0@0] ProcessID-8260-,2025-12-03 21:11:40.175 [5] [GlobalManager::HandleCmd] Receive:SetCommunicateData

2025-12-03 21:11:40.238 INFO  [13] [VM.GlobalScript.LogHelper+<>c::<.cctor>b__8_0@0] ProcessID-8260-,2025-12-03 21:11:40.175 [5] [GlobalManager::HandleCmd] Receive end:SetCommunicateData

2025-12-03 21:11:41.248 INFO  [13] [VM.GlobalScript.LogHelper+<>c::<.cctor>b__8_0@0] ProcessID-8260-,2025-12-03 21:11:40.592 [5] [GlobalManager::HandleCmd] Receive:SetCommunicateData

2025-12-03 21:11:41.248 INFO  [13] [VM.GlobalScript.LogHelper+<>c::<.cctor>b__8_0@0] ProcessID-8260-,2025-12-03 21:11:40.592 [5] [GlobalManager::HandleCmd] Receive end:SetCommunicateData

2025-12-03 21:11:44.282 INFO  [13] [VM.GlobalScript.LogHelper+<>c::<.cctor>b__8_0@0] ProcessID-8260-,2025-12-03 21:11:43.345 [5] [GlobalManager::HandleCmd] Receive:SetCommunicateData

2025-12-03 21:11:44.282 INFO  [13] [VM.GlobalScript.LogHelper+<>c::<.cctor>b__8_0@0] ProcessID-8260-,2025-12-03 21:11:43.345 [5] [GlobalManager::HandleCmd] Receive end:SetCommunicateData

2025-12-03 21:11:44.282 INFO  [13] [VM.GlobalScript.LogHelper+<>c::<.cctor>b__8_0@0] ProcessID-8260-,2025-12-03 21:11:43.735 [5] [GlobalManager::HandleCmd] Receive:SetCommunicateData

2025-12-03 21:11:44.282 INFO  [13] [VM.GlobalScript.LogHelper+<>c::<.cctor>b__8_0@0] ProcessID-8260-,2025-12-03 21:11:43.735 [5] [GlobalManager::HandleCmd] Receive end:SetCommunicateData

2025-12-03 21:11:44.282 INFO  [13] [VM.GlobalScript.LogHelper+<>c::<.cctor>b__8_0@0] ProcessID-8260-,2025-12-03 21:11:43.813 [5] [GlobalManager::HandleCmd] Receive:SetCommunicateData

2025-12-03 21:11:44.282 INFO  [13] [VM.GlobalScript.LogHelper+<>c::<.cctor>b__8_0@0] ProcessID-8260-,2025-12-03 21:11:43.813 [5] [GlobalManager::HandleCmd] Receive end:SetCommunicateData

2025-12-03 21:11:44.282 INFO  [13] [VM.GlobalScript.LogHelper+<>c::<.cctor>b__8_0@0] ProcessID-8260-,2025-12-03 21:11:44.126 [5] [GlobalManager::HandleCmd] Receive:SetCommunicateData

2025-12-03 21:11:44.282 INFO  [13] [VM.GlobalScript.LogHelper+<>c::<.cctor>b__8_0@0] ProcessID-8260-,2025-12-03 21:11:44.126 [5] [GlobalManager::HandleCmd] Receive end:SetCommunicateData

2025-12-03 21:11:44.282 INFO  [13] [VM.GlobalScript.LogHelper+<>c::<.cctor>b__8_0@0] ProcessID-8260-,2025-12-03 21:11:44.173 [5] [GlobalManager::HandleCmd] Receive:SetCommunicateData

2025-12-03 21:11:44.282 INFO  [13] [VM.GlobalScript.LogHelper+<>c::<.cctor>b__8_0@0] ProcessID-8260-,2025-12-03 21:11:44.173 [5] [GlobalManager::HandleCmd] Receive end:SetCommunicateData

2025-12-03 21:11:47.328 INFO  [13] [VM.GlobalScript.LogHelper+<>c::<.cctor>b__8_0@0] ProcessID-8260-,2025-12-03 21:11:46.313 [5] [GlobalManager::HandleCmd] Receive:SetCommunicateData

2025-12-03 21:11:47.328 INFO  [13] [VM.GlobalScript.LogHelper+<>c::<.cctor>b__8_0@0] ProcessID-8260-,2025-12-03 21:11:46.313 [5] [GlobalManager::HandleCmd] Receive end:SetCommunicateData

2025-12-03 21:11:47.328 INFO  [13] [VM.GlobalScript.LogHelper+<>c::<.cctor>b__8_0@0] ProcessID-8260-,2025-12-03 21:11:46.626 [5] [GlobalManager::HandleCmd] Receive:SetCommunicateData

2025-12-03 21:11:47.328 INFO  [13] [VM.GlobalScript.LogHelper+<>c::<.cctor>b__8_0@0] ProcessID-8260-,2025-12-03 21:11:46.626 [5] [GlobalManager::HandleCmd] Receive end:SetCommunicateData

2025-12-03 21:11:47.328 INFO  [13] [VM.GlobalScript.LogHelper+<>c::<.cctor>b__8_0@0] ProcessID-8260-,2025-12-03 21:11:46.704 [5] [GlobalManager::HandleCmd] Receive:SetCommunicateData

2025-12-03 21:11:47.328 INFO  [13] [VM.GlobalScript.LogHelper+<>c::<.cctor>b__8_0@0] ProcessID-8260-,2025-12-03 21:11:46.704 [5] [GlobalManager::HandleCmd] Receive end:SetCommunicateData

2025-12-03 21:11:47.328 INFO  [13] [VM.GlobalScript.LogHelper+<>c::<.cctor>b__8_0@0] ProcessID-8260-,2025-12-03 21:11:47.016 [5] [GlobalManager::HandleCmd] Receive:SetCommunicateData

2025-12-03 21:11:47.328 INFO  [13] [VM.GlobalScript.LogHelper+<>c::<.cctor>b__8_0@0] ProcessID-8260-,2025-12-03 21:11:47.016 [5] [GlobalManager::HandleCmd] Receive end:SetCommunicateData

2025-12-03 21:11:47.328 INFO  [13] [VM.GlobalScript.LogHelper+<>c::<.cctor>b__8_0@0] ProcessID-8260-,2025-12-03 21:11:47.063 [5] [GlobalManager::HandleCmd] Receive:SetCommunicateData

2025-12-03 21:11:47.328 INFO  [13] [VM.GlobalScript.LogHelper+<>c::<.cctor>b__8_0@0] ProcessID-8260-,2025-12-03 21:11:47.063 [5] [GlobalManager::HandleCmd] Receive end:SetCommunicateData

2025-12-03 21:18:01.973 INFO  [13] [VM.GlobalScript.LogHelper+<>c::<.cctor>b__8_0@0] ProcessID-8260-,2025-12-03 21:18:01.957 [5] [GlobalManager::HandleCmd] Receive:SetCommunicateData

2025-12-03 21:18:01.973 INFO  [13] [VM.GlobalScript.LogHelper+<>c::<.cctor>b__8_0@0] ProcessID-8260-,2025-12-03 21:18:01.957 [5] [GlobalManager::HandleCmd] Receive end:SetCommunicateData

2025-12-03 21:18:09.059 INFO  [13] [VM.GlobalScript.LogHelper+<>c::<.cctor>b__8_0@0] ProcessID-8260-,2025-12-03 21:18:08.308 [15] [GlobalManager::HandleCmd] Receive:SaveSolution

2025-12-03 21:18:09.086 INFO  [13] [VM.GlobalScript.LogHelper+<>c::<.cctor>b__8_0@0] ProcessID-8260-,2025-12-03 21:18:08.308 [15] [UserGlobalScriptManger::SaveSolutionByMap] save solution byte len:3713

2025-12-03 21:18:09.086 INFO  [13] [VM.GlobalScript.LogHelper+<>c::<.cctor>b__8_0@0] ProcessID-8260-,2025-12-03 21:18:08.308 [15] [GlobalManager::HandleCmd] Receive end:SaveSolution

2025-12-03 21:18:09.087 INFO  [13] [VM.GlobalScript.LogHelper+<>c::<.cctor>b__8_0@0] ProcessID-8260-,2025-12-03 21:18:08.308 [15] [GlobalManager::HandleCmd] Receive:SaveSolution

2025-12-03 21:18:09.087 INFO  [13] [VM.GlobalScript.LogHelper+<>c::<.cctor>b__8_0@0] ProcessID-8260-,2025-12-03 21:18:08.308 [15] [UserGlobalScriptManger::SaveSolutionByMap] save solution byte len:3713

2025-12-03 21:18:09.087 INFO  [13] [VM.GlobalScript.LogHelper+<>c::<.cctor>b__8_0@0] ProcessID-8260-,2025-12-03 21:18:08.308 [15] [GlobalManager::HandleCmd] Receive end:SaveSolution

2025-12-03 21:18:29.277 INFO  [13] [VM.GlobalScript.LogHelper+<>c::<.cctor>b__8_0@0] ProcessID-8260-,2025-12-03 21:18:29.005 [15] [GlobalManager::HandleCmd] Receive:SaveSolution

2025-12-03 21:18:29.277 INFO  [13] [VM.GlobalScript.LogHelper+<>c::<.cctor>b__8_0@0] ProcessID-8260-,2025-12-03 21:18:29.005 [15] [UserGlobalScriptManger::SaveSolutionByMap] save solution byte len:3713

2025-12-03 21:18:29.277 INFO  [13] [VM.GlobalScript.LogHelper+<>c::<.cctor>b__8_0@0] ProcessID-8260-,2025-12-03 21:18:29.005 [15] [GlobalManager::HandleCmd] Receive end:SaveSolution

2025-12-03 21:18:29.277 INFO  [13] [VM.GlobalScript.LogHelper+<>c::<.cctor>b__8_0@0] ProcessID-8260-,2025-12-03 21:18:29.005 [15] [GlobalManager::HandleCmd] Receive:SaveSolution

2025-12-03 21:18:29.278 INFO  [13] [VM.GlobalScript.LogHelper+<>c::<.cctor>b__8_0@0] ProcessID-8260-,2025-12-03 21:18:29.005 [15] [UserGlobalScriptManger::SaveSolutionByMap] save solution byte len:3713

2025-12-03 21:18:29.278 INFO  [13] [VM.GlobalScript.LogHelper+<>c::<.cctor>b__8_0@0] ProcessID-8260-,2025-12-03 21:18:29.005 [15] [GlobalManager::HandleCmd] Receive end:SaveSolution

2025-12-09 18:50:39.676 INFO  [1] [VMGlobalScript.GlobalScript::Init@0]  ====================================================V4.3.0 GlobalScript Start Print Log====================================================

2025-12-09 18:50:45.286 INFO  [4] [VM.GlobalScript.Support.GlobalManager::objLoadDefaultScriptTime_Elapsed@0] Load default globalScript begin

2025-12-09 18:50:49.456 ERROR [4] [VM.GlobalScript.Support.UserGlobalScriptManger::setScriptToSolutionRefrence@0] setScriptToSolutionRefrence exception:System.Xml.XmlException: 缺少根元素。
   在 System.Xml.XmlTextReaderImpl.Throw(Exception e)
   在 System.Xml.XmlTextReaderImpl.ParseDocumentContent()
   在 System.Xml.XmlLoader.Load(XmlDocument doc, XmlReader reader, Boolean preserveWhitespace)
   在 System.Xml.XmlDocument.Load(XmlReader reader)
   在 System.Xml.XmlDocument.Load(String filename)
   在 VM.GlobalScript.Support.UserGlobalScriptManger.setScriptToSolutionRefrence(List`1 shellRefrences)

2025-12-09 18:50:49.459 INFO  [4] [VM.GlobalScript.Support.UserGlobalScriptManger::compileGlobalScript@0] Compile begin

2025-12-09 18:50:50.549 INFO  [4] [VM.GlobalScript.Support.UserGlobalScriptSupport::CompileCode@0] 2025-12-09 18:50:50:549 : Compile complete -- 0 Errors, 0 Warnings 


2025-12-09 18:50:50.705 INFO  [4] [VM.GlobalScript.Support.UserGlobalScriptManger::updateBackFile@0] Update BackFile end

2025-12-09 18:50:50.707 INFO  [4] [VM.GlobalScript.Support.UserGlobalScriptManger::compileGlobalScript@0] Compile end

2025-12-09 18:50:50.707 INFO  [4] [VM.GlobalScript.Support.GlobalManager::objLoadDefaultScriptTime_Elapsed@0] Load default globalScript end

2025-12-10 09:04:14.396 INFO  [1] [VMGlobalScript.GlobalScript::Init@0]  ====================================================V4.3.0 GlobalScript Start Print Log====================================================

2025-12-10 09:04:19.867 INFO  [3] [VM.GlobalScript.Support.GlobalManager::objLoadDefaultScriptTime_Elapsed@0] Load default globalScript begin

2025-12-10 09:04:22.544 ERROR [3] [VM.GlobalScript.Support.UserGlobalScriptManger::setScriptToSolutionRefrence@0] setScriptToSolutionRefrence exception:System.Xml.XmlException: 缺少根元素。
   在 System.Xml.XmlTextReaderImpl.Throw(Exception e)
   在 System.Xml.XmlTextReaderImpl.ParseDocumentContent()
   在 System.Xml.XmlLoader.Load(XmlDocument doc, XmlReader reader, Boolean preserveWhitespace)
   在 System.Xml.XmlDocument.Load(XmlReader reader)
   在 System.Xml.XmlDocument.Load(String filename)
   在 VM.GlobalScript.Support.UserGlobalScriptManger.setScriptToSolutionRefrence(List`1 shellRefrences)

2025-12-10 09:04:22.545 INFO  [3] [VM.GlobalScript.Support.UserGlobalScriptManger::compileGlobalScript@0] Compile begin

2025-12-10 09:04:23.424 INFO  [3] [VM.GlobalScript.Support.UserGlobalScriptSupport::CompileCode@0] 2025-12-10 09:04:23:424 : Compile complete -- 0 Errors, 0 Warnings 


2025-12-10 09:04:23.548 INFO  [3] [VM.GlobalScript.Support.UserGlobalScriptManger::updateBackFile@0] Update BackFile end

2025-12-10 09:04:23.550 INFO  [3] [VM.GlobalScript.Support.UserGlobalScriptManger::compileGlobalScript@0] Compile end

2025-12-10 09:04:23.551 INFO  [3] [VM.GlobalScript.Support.GlobalManager::objLoadDefaultScriptTime_Elapsed@0] Load default globalScript end

2025-12-10 09:33:35.551 INFO  [1] [VMGlobalScript.GlobalScript::Init@0]  ====================================================V4.3.0 GlobalScript Start Print Log====================================================

2025-12-10 09:33:40.682 INFO  [3] [VM.GlobalScript.Support.GlobalManager::objLoadDefaultScriptTime_Elapsed@0] Load default globalScript begin

2025-12-10 09:33:40.764 ERROR [3] [VM.GlobalScript.Support.UserGlobalScriptManger::setScriptToSolutionRefrence@0] setScriptToSolutionRefrence exception:System.Xml.XmlException: 缺少根元素。
   在 System.Xml.XmlTextReaderImpl.Throw(Exception e)
   在 System.Xml.XmlTextReaderImpl.ParseDocumentContent()
   在 System.Xml.XmlLoader.Load(XmlDocument doc, XmlReader reader, Boolean preserveWhitespace)
   在 System.Xml.XmlDocument.Load(XmlReader reader)
   在 System.Xml.XmlDocument.Load(String filename)
   在 VM.GlobalScript.Support.UserGlobalScriptManger.setScriptToSolutionRefrence(List`1 shellRefrences)

2025-12-10 09:33:40.766 INFO  [3] [VM.GlobalScript.Support.UserGlobalScriptManger::compileGlobalScript@0] Compile begin

2025-12-10 09:33:41.696 INFO  [3] [VM.GlobalScript.Support.UserGlobalScriptSupport::CompileCode@0] 2025-12-10 09:33:41:695 : Compile complete -- 0 Errors, 0 Warnings 


2025-12-10 09:33:41.835 INFO  [3] [VM.GlobalScript.Support.UserGlobalScriptManger::updateBackFile@0] Update BackFile end

2025-12-10 09:33:41.837 INFO  [3] [VM.GlobalScript.Support.UserGlobalScriptManger::compileGlobalScript@0] Compile end

2025-12-10 09:33:41.838 INFO  [3] [VM.GlobalScript.Support.GlobalManager::objLoadDefaultScriptTime_Elapsed@0] Load default globalScript end

2025-12-10 10:27:58.740 INFO  [1] [VMGlobalScript.GlobalScript::Init@0]  ====================================================V4.3.0 GlobalScript Start Print Log====================================================

2025-12-10 10:28:04.152 INFO  [13] [VM.GlobalScript.Support.GlobalManager::objLoadDefaultScriptTime_Elapsed@0] Load default globalScript begin

2025-12-10 10:28:06.945 ERROR [13] [VM.GlobalScript.Support.UserGlobalScriptManger::setScriptToSolutionRefrence@0] setScriptToSolutionRefrence exception:System.Xml.XmlException: 缺少根元素。
   在 System.Xml.XmlTextReaderImpl.Throw(Exception e)
   在 System.Xml.XmlTextReaderImpl.ParseDocumentContent()
   在 System.Xml.XmlLoader.Load(XmlDocument doc, XmlReader reader, Boolean preserveWhitespace)
   在 System.Xml.XmlDocument.Load(XmlReader reader)
   在 System.Xml.XmlDocument.Load(String filename)
   在 VM.GlobalScript.Support.UserGlobalScriptManger.setScriptToSolutionRefrence(List`1 shellRefrences)

2025-12-10 10:28:06.962 INFO  [13] [VM.GlobalScript.Support.UserGlobalScriptManger::compileGlobalScript@0] Compile begin

2025-12-10 10:28:07.831 INFO  [13] [VM.GlobalScript.Support.UserGlobalScriptSupport::CompileCode@0] 2025-12-10 10:28:07:831 : Compile complete -- 0 Errors, 0 Warnings 


2025-12-10 10:28:07.960 INFO  [13] [VM.GlobalScript.Support.UserGlobalScriptManger::updateBackFile@0] Update BackFile end

2025-12-10 10:28:07.961 INFO  [13] [VM.GlobalScript.Support.UserGlobalScriptManger::compileGlobalScript@0] Compile end

2025-12-10 10:28:07.963 INFO  [13] [VM.GlobalScript.Support.GlobalManager::objLoadDefaultScriptTime_Elapsed@0] Load default globalScript end

2025-12-10 16:23:49.261 INFO  [1] [VMGlobalScript.GlobalScript::Init@0]  ====================================================V4.3.0 GlobalScript Start Print Log====================================================

2025-12-10 16:23:54.476 INFO  [12] [VM.GlobalScript.Support.GlobalManager::objLoadDefaultScriptTime_Elapsed@0] Load default globalScript begin

2025-12-10 16:23:54.556 ERROR [12] [VM.GlobalScript.Support.UserGlobalScriptManger::setScriptToSolutionRefrence@0] setScriptToSolutionRefrence exception:System.Xml.XmlException: 缺少根元素。
   在 System.Xml.XmlTextReaderImpl.Throw(Exception e)
   在 System.Xml.XmlTextReaderImpl.ParseDocumentContent()
   在 System.Xml.XmlLoader.Load(XmlDocument doc, XmlReader reader, Boolean preserveWhitespace)
   在 System.Xml.XmlDocument.Load(XmlReader reader)
   在 System.Xml.XmlDocument.Load(String filename)
   在 VM.GlobalScript.Support.UserGlobalScriptManger.setScriptToSolutionRefrence(List`1 shellRefrences)

2025-12-10 16:23:54.560 INFO  [12] [VM.GlobalScript.Support.UserGlobalScriptManger::compileGlobalScript@0] Compile begin

2025-12-10 16:23:56.321 INFO  [12] [VM.GlobalScript.Support.UserGlobalScriptSupport::CompileCode@0] 2025-12-10 16:23:56:320 : Compile complete -- 0 Errors, 0 Warnings 


2025-12-10 16:23:56.558 INFO  [12] [VM.GlobalScript.Support.UserGlobalScriptManger::updateBackFile@0] Update BackFile end

2025-12-10 16:23:56.562 INFO  [12] [VM.GlobalScript.Support.UserGlobalScriptManger::compileGlobalScript@0] Compile end

2025-12-10 16:23:56.578 INFO  [12] [VM.GlobalScript.Support.GlobalManager::objLoadDefaultScriptTime_Elapsed@0] Load default globalScript end

2025-12-10 16:31:01.366 INFO  [1] [VMGlobalScript.GlobalScript::Init@0]  ====================================================V4.3.0 GlobalScript Start Print Log====================================================

2025-12-10 16:31:06.962 INFO  [4] [VM.GlobalScript.Support.GlobalManager::objLoadDefaultScriptTime_Elapsed@0] Load default globalScript begin

2025-12-10 16:31:09.776 ERROR [4] [VM.GlobalScript.Support.UserGlobalScriptManger::setScriptToSolutionRefrence@0] setScriptToSolutionRefrence exception:System.Xml.XmlException: 缺少根元素。
   在 System.Xml.XmlTextReaderImpl.Throw(Exception e)
   在 System.Xml.XmlTextReaderImpl.ParseDocumentContent()
   在 System.Xml.XmlLoader.Load(XmlDocument doc, XmlReader reader, Boolean preserveWhitespace)
   在 System.Xml.XmlDocument.Load(XmlReader reader)
   在 System.Xml.XmlDocument.Load(String filename)
   在 VM.GlobalScript.Support.UserGlobalScriptManger.setScriptToSolutionRefrence(List`1 shellRefrences)

2025-12-10 16:31:09.779 INFO  [4] [VM.GlobalScript.Support.UserGlobalScriptManger::compileGlobalScript@0] Compile begin

2025-12-10 16:31:10.665 INFO  [4] [VM.GlobalScript.Support.UserGlobalScriptSupport::CompileCode@0] 2025-12-10 16:31:10:664 : Compile complete -- 0 Errors, 0 Warnings 


2025-12-10 16:31:10.810 INFO  [4] [VM.GlobalScript.Support.UserGlobalScriptManger::updateBackFile@0] Update BackFile end

2025-12-10 16:31:10.812 INFO  [4] [VM.GlobalScript.Support.UserGlobalScriptManger::compileGlobalScript@0] Compile end

2025-12-10 16:31:10.813 INFO  [4] [VM.GlobalScript.Support.GlobalManager::objLoadDefaultScriptTime_Elapsed@0] Load default globalScript end

2025-12-10 16:43:55.364 INFO  [1] [VMGlobalScript.GlobalScript::Init@0]  ====================================================V4.3.0 GlobalScript Start Print Log====================================================

2025-12-10 16:44:00.851 INFO  [3] [VM.GlobalScript.Support.GlobalManager::objLoadDefaultScriptTime_Elapsed@0] Load default globalScript begin

2025-12-10 16:44:03.556 ERROR [3] [VM.GlobalScript.Support.UserGlobalScriptManger::setScriptToSolutionRefrence@0] setScriptToSolutionRefrence exception:System.Xml.XmlException: 缺少根元素。
   在 System.Xml.XmlTextReaderImpl.Throw(Exception e)
   在 System.Xml.XmlTextReaderImpl.ParseDocumentContent()
   在 System.Xml.XmlLoader.Load(XmlDocument doc, XmlReader reader, Boolean preserveWhitespace)
   在 System.Xml.XmlDocument.Load(XmlReader reader)
   在 System.Xml.XmlDocument.Load(String filename)
   在 VM.GlobalScript.Support.UserGlobalScriptManger.setScriptToSolutionRefrence(List`1 shellRefrences)

2025-12-10 16:44:03.561 INFO  [3] [VM.GlobalScript.Support.UserGlobalScriptManger::compileGlobalScript@0] Compile begin

2025-12-10 16:44:04.397 INFO  [3] [VM.GlobalScript.Support.UserGlobalScriptSupport::CompileCode@0] 2025-12-10 16:44:04:396 : Compile complete -- 0 Errors, 0 Warnings 


2025-12-10 16:44:04.529 INFO  [3] [VM.GlobalScript.Support.UserGlobalScriptManger::updateBackFile@0] Update BackFile end

2025-12-10 16:44:04.531 INFO  [3] [VM.GlobalScript.Support.UserGlobalScriptManger::compileGlobalScript@0] Compile end

2025-12-10 16:44:04.532 INFO  [3] [VM.GlobalScript.Support.GlobalManager::objLoadDefaultScriptTime_Elapsed@0] Load default globalScript end

2025-12-10 16:58:40.738 INFO  [1] [VMGlobalScript.GlobalScript::Init@0]  ====================================================V4.3.0 GlobalScript Start Print Log====================================================

2025-12-10 16:58:46.079 INFO  [4] [VM.GlobalScript.Support.GlobalManager::objLoadDefaultScriptTime_Elapsed@0] Load default globalScript begin

2025-12-10 16:58:48.748 ERROR [4] [VM.GlobalScript.Support.UserGlobalScriptManger::setScriptToSolutionRefrence@0] setScriptToSolutionRefrence exception:System.Xml.XmlException: 缺少根元素。
   在 System.Xml.XmlTextReaderImpl.Throw(Exception e)
   在 System.Xml.XmlTextReaderImpl.ParseDocumentContent()
   在 System.Xml.XmlLoader.Load(XmlDocument doc, XmlReader reader, Boolean preserveWhitespace)
   在 System.Xml.XmlDocument.Load(XmlReader reader)
   在 System.Xml.XmlDocument.Load(String filename)
   在 VM.GlobalScript.Support.UserGlobalScriptManger.setScriptToSolutionRefrence(List`1 shellRefrences)

2025-12-10 16:58:48.750 INFO  [4] [VM.GlobalScript.Support.UserGlobalScriptManger::compileGlobalScript@0] Compile begin

2025-12-10 16:58:49.598 INFO  [4] [VM.GlobalScript.Support.UserGlobalScriptSupport::CompileCode@0] 2025-12-10 16:58:49:597 : Compile complete -- 0 Errors, 0 Warnings 


2025-12-10 16:58:49.722 INFO  [4] [VM.GlobalScript.Support.UserGlobalScriptManger::updateBackFile@0] Update BackFile end

2025-12-10 16:58:49.724 INFO  [4] [VM.GlobalScript.Support.UserGlobalScriptManger::compileGlobalScript@0] Compile end

2025-12-10 16:58:49.727 INFO  [4] [VM.GlobalScript.Support.GlobalManager::objLoadDefaultScriptTime_Elapsed@0] Load default globalScript end

2025-12-10 16:59:38.744 INFO  [1] [VMGlobalScript.GlobalScript::Init@0]  ====================================================V4.3.0 GlobalScript Start Print Log====================================================

2025-12-10 16:59:44.044 INFO  [4] [VM.GlobalScript.Support.GlobalManager::objLoadDefaultScriptTime_Elapsed@0] Load default globalScript begin

2025-12-10 16:59:46.675 ERROR [4] [VM.GlobalScript.Support.UserGlobalScriptManger::setScriptToSolutionRefrence@0] setScriptToSolutionRefrence exception:System.Xml.XmlException: 缺少根元素。
   在 System.Xml.XmlTextReaderImpl.Throw(Exception e)
   在 System.Xml.XmlTextReaderImpl.ParseDocumentContent()
   在 System.Xml.XmlLoader.Load(XmlDocument doc, XmlReader reader, Boolean preserveWhitespace)
   在 System.Xml.XmlDocument.Load(XmlReader reader)
   在 System.Xml.XmlDocument.Load(String filename)
   在 VM.GlobalScript.Support.UserGlobalScriptManger.setScriptToSolutionRefrence(List`1 shellRefrences)

2025-12-10 16:59:46.677 INFO  [4] [VM.GlobalScript.Support.UserGlobalScriptManger::compileGlobalScript@0] Compile begin

2025-12-10 16:59:47.507 INFO  [4] [VM.GlobalScript.Support.UserGlobalScriptSupport::CompileCode@0] 2025-12-10 16:59:47:506 : Compile complete -- 0 Errors, 0 Warnings 


2025-12-10 16:59:47.632 INFO  [4] [VM.GlobalScript.Support.UserGlobalScriptManger::updateBackFile@0] Update BackFile end

2025-12-10 16:59:47.634 INFO  [4] [VM.GlobalScript.Support.UserGlobalScriptManger::compileGlobalScript@0] Compile end

2025-12-10 16:59:47.635 INFO  [4] [VM.GlobalScript.Support.GlobalManager::objLoadDefaultScriptTime_Elapsed@0] Load default globalScript end

2025-12-11 09:18:35.107 INFO  [1] [VMGlobalScript.GlobalScript::Init@0]  ====================================================V4.3.0 GlobalScript Start Print Log====================================================

2025-12-11 09:18:40.349 INFO  [4] [VM.GlobalScript.Support.GlobalManager::objLoadDefaultScriptTime_Elapsed@0] Load default globalScript begin

2025-12-11 09:18:43.561 ERROR [4] [VM.GlobalScript.Support.UserGlobalScriptManger::setScriptToSolutionRefrence@0] setScriptToSolutionRefrence exception:System.Xml.XmlException: 缺少根元素。
   在 System.Xml.XmlTextReaderImpl.Throw(Exception e)
   在 System.Xml.XmlTextReaderImpl.ParseDocumentContent()
   在 System.Xml.XmlLoader.Load(XmlDocument doc, XmlReader reader, Boolean preserveWhitespace)
   在 System.Xml.XmlDocument.Load(XmlReader reader)
   在 System.Xml.XmlDocument.Load(String filename)
   在 VM.GlobalScript.Support.UserGlobalScriptManger.setScriptToSolutionRefrence(List`1 shellRefrences)

2025-12-11 09:18:43.563 INFO  [4] [VM.GlobalScript.Support.UserGlobalScriptManger::compileGlobalScript@0] Compile begin

2025-12-11 09:18:44.486 INFO  [4] [VM.GlobalScript.Support.UserGlobalScriptSupport::CompileCode@0] 2025-12-11 09:18:44:486 : Compile complete -- 0 Errors, 0 Warnings 


2025-12-11 09:18:44.624 INFO  [4] [VM.GlobalScript.Support.UserGlobalScriptManger::updateBackFile@0] Update BackFile end

2025-12-11 09:18:44.626 INFO  [4] [VM.GlobalScript.Support.UserGlobalScriptManger::compileGlobalScript@0] Compile end

2025-12-11 09:18:44.627 INFO  [4] [VM.GlobalScript.Support.GlobalManager::objLoadDefaultScriptTime_Elapsed@0] Load default globalScript end

2025-12-11 11:47:31.194 INFO  [1] [VMGlobalScript.GlobalScript::Init@0]  ====================================================V4.3.0 GlobalScript Start Print Log====================================================

2025-12-11 11:47:36.392 INFO  [11] [VM.GlobalScript.Support.GlobalManager::objLoadDefaultScriptTime_Elapsed@0] Load default globalScript begin

2025-12-11 11:47:39.612 ERROR [11] [VM.GlobalScript.Support.UserGlobalScriptManger::setScriptToSolutionRefrence@0] setScriptToSolutionRefrence exception:System.Xml.XmlException: 缺少根元素。
   在 System.Xml.XmlTextReaderImpl.Throw(Exception e)
   在 System.Xml.XmlTextReaderImpl.ParseDocumentContent()
   在 System.Xml.XmlLoader.Load(XmlDocument doc, XmlReader reader, Boolean preserveWhitespace)
   在 System.Xml.XmlDocument.Load(XmlReader reader)
   在 System.Xml.XmlDocument.Load(String filename)
   在 VM.GlobalScript.Support.UserGlobalScriptManger.setScriptToSolutionRefrence(List`1 shellRefrences)

2025-12-11 11:47:39.616 INFO  [11] [VM.GlobalScript.Support.UserGlobalScriptManger::compileGlobalScript@0] Compile begin

2025-12-11 11:47:40.504 INFO  [11] [VM.GlobalScript.Support.UserGlobalScriptSupport::CompileCode@0] 2025-12-11 11:47:40:503 : Compile complete -- 0 Errors, 0 Warnings 


2025-12-11 11:47:40.635 INFO  [11] [VM.GlobalScript.Support.UserGlobalScriptManger::updateBackFile@0] Update BackFile end

2025-12-11 11:47:40.637 INFO  [11] [VM.GlobalScript.Support.UserGlobalScriptManger::compileGlobalScript@0] Compile end

2025-12-11 11:47:40.639 INFO  [11] [VM.GlobalScript.Support.GlobalManager::objLoadDefaultScriptTime_Elapsed@0] Load default globalScript end

2025-12-11 11:50:42.432 INFO  [1] [VMGlobalScript.GlobalScript::Init@0]  ====================================================V4.3.0 GlobalScript Start Print Log====================================================

2025-12-11 11:50:47.847 INFO  [3] [VM.GlobalScript.Support.GlobalManager::objLoadDefaultScriptTime_Elapsed@0] Load default globalScript begin

2025-12-11 11:50:50.593 ERROR [3] [VM.GlobalScript.Support.UserGlobalScriptManger::setScriptToSolutionRefrence@0] setScriptToSolutionRefrence exception:System.Xml.XmlException: 缺少根元素。
   在 System.Xml.XmlTextReaderImpl.Throw(Exception e)
   在 System.Xml.XmlTextReaderImpl.ParseDocumentContent()
   在 System.Xml.XmlLoader.Load(XmlDocument doc, XmlReader reader, Boolean preserveWhitespace)
   在 System.Xml.XmlDocument.Load(XmlReader reader)
   在 System.Xml.XmlDocument.Load(String filename)
   在 VM.GlobalScript.Support.UserGlobalScriptManger.setScriptToSolutionRefrence(List`1 shellRefrences)

2025-12-11 11:50:50.596 INFO  [3] [VM.GlobalScript.Support.UserGlobalScriptManger::compileGlobalScript@0] Compile begin

2025-12-11 11:50:51.473 INFO  [3] [VM.GlobalScript.Support.UserGlobalScriptSupport::CompileCode@0] 2025-12-11 11:50:51:472 : Compile complete -- 0 Errors, 0 Warnings 


2025-12-11 11:50:51.597 INFO  [3] [VM.GlobalScript.Support.UserGlobalScriptManger::updateBackFile@0] Update BackFile end

2025-12-11 11:50:51.599 INFO  [3] [VM.GlobalScript.Support.UserGlobalScriptManger::compileGlobalScript@0] Compile end

2025-12-11 11:50:51.602 INFO  [3] [VM.GlobalScript.Support.GlobalManager::objLoadDefaultScriptTime_Elapsed@0] Load default globalScript end

2025-12-11 15:56:04.827 INFO  [1] [VMGlobalScript.GlobalScript::Init@0]  ====================================================V4.3.0 GlobalScript Start Print Log====================================================

2025-12-11 15:56:10.008 INFO  [3] [VM.GlobalScript.Support.GlobalManager::objLoadDefaultScriptTime_Elapsed@0] Load default globalScript begin

2025-12-11 15:56:13.363 ERROR [3] [VM.GlobalScript.Support.UserGlobalScriptManger::setScriptToSolutionRefrence@0] setScriptToSolutionRefrence exception:System.Xml.XmlException: 缺少根元素。
   在 System.Xml.XmlTextReaderImpl.Throw(Exception e)
   在 System.Xml.XmlTextReaderImpl.ParseDocumentContent()
   在 System.Xml.XmlLoader.Load(XmlDocument doc, XmlReader reader, Boolean preserveWhitespace)
   在 System.Xml.XmlDocument.Load(XmlReader reader)
   在 System.Xml.XmlDocument.Load(String filename)
   在 VM.GlobalScript.Support.UserGlobalScriptManger.setScriptToSolutionRefrence(List`1 shellRefrences)

2025-12-11 15:56:13.365 INFO  [3] [VM.GlobalScript.Support.UserGlobalScriptManger::compileGlobalScript@0] Compile begin

2025-12-11 15:56:14.276 INFO  [3] [VM.GlobalScript.Support.UserGlobalScriptSupport::CompileCode@0] 2025-12-11 15:56:14:276 : Compile complete -- 0 Errors, 0 Warnings 


2025-12-11 15:56:14.405 INFO  [3] [VM.GlobalScript.Support.UserGlobalScriptManger::updateBackFile@0] Update BackFile end

2025-12-11 15:56:14.407 INFO  [3] [VM.GlobalScript.Support.UserGlobalScriptManger::compileGlobalScript@0] Compile end

2025-12-11 15:56:14.408 INFO  [3] [VM.GlobalScript.Support.GlobalManager::objLoadDefaultScriptTime_Elapsed@0] Load default globalScript end

2025-12-11 16:02:56.089 INFO  [1] [VMGlobalScript.GlobalScript::Init@0]  ====================================================V4.3.0 GlobalScript Start Print Log====================================================

2025-12-11 16:03:01.734 INFO  [4] [VM.GlobalScript.Support.GlobalManager::objLoadDefaultScriptTime_Elapsed@0] Load default globalScript begin

2025-12-11 16:03:04.651 ERROR [4] [VM.GlobalScript.Support.UserGlobalScriptManger::setScriptToSolutionRefrence@0] setScriptToSolutionRefrence exception:System.Xml.XmlException: 缺少根元素。
   在 System.Xml.XmlTextReaderImpl.Throw(Exception e)
   在 System.Xml.XmlTextReaderImpl.ParseDocumentContent()
   在 System.Xml.XmlLoader.Load(XmlDocument doc, XmlReader reader, Boolean preserveWhitespace)
   在 System.Xml.XmlDocument.Load(XmlReader reader)
   在 System.Xml.XmlDocument.Load(String filename)
   在 VM.GlobalScript.Support.UserGlobalScriptManger.setScriptToSolutionRefrence(List`1 shellRefrences)

2025-12-11 16:03:04.654 INFO  [4] [VM.GlobalScript.Support.UserGlobalScriptManger::compileGlobalScript@0] Compile begin

2025-12-11 16:03:05.590 INFO  [4] [VM.GlobalScript.Support.UserGlobalScriptSupport::CompileCode@0] 2025-12-11 16:03:05:589 : Compile complete -- 0 Errors, 0 Warnings 


2025-12-11 16:03:05.713 INFO  [4] [VM.GlobalScript.Support.UserGlobalScriptManger::updateBackFile@0] Update BackFile end

2025-12-11 16:03:05.715 INFO  [4] [VM.GlobalScript.Support.UserGlobalScriptManger::compileGlobalScript@0] Compile end

2025-12-11 16:03:05.716 INFO  [4] [VM.GlobalScript.Support.GlobalManager::objLoadDefaultScriptTime_Elapsed@0] Load default globalScript end

2025-12-11 16:05:33.228 INFO  [1] [VMGlobalScript.GlobalScript::Init@0]  ====================================================V4.3.0 GlobalScript Start Print Log====================================================

2025-12-11 16:05:38.714 INFO  [4] [VM.GlobalScript.Support.GlobalManager::objLoadDefaultScriptTime_Elapsed@0] Load default globalScript begin

2025-12-11 16:05:41.412 ERROR [4] [VM.GlobalScript.Support.UserGlobalScriptManger::setScriptToSolutionRefrence@0] setScriptToSolutionRefrence exception:System.Xml.XmlException: 缺少根元素。
   在 System.Xml.XmlTextReaderImpl.Throw(Exception e)
   在 System.Xml.XmlTextReaderImpl.ParseDocumentContent()
   在 System.Xml.XmlLoader.Load(XmlDocument doc, XmlReader reader, Boolean preserveWhitespace)
   在 System.Xml.XmlDocument.Load(XmlReader reader)
   在 System.Xml.XmlDocument.Load(String filename)
   在 VM.GlobalScript.Support.UserGlobalScriptManger.setScriptToSolutionRefrence(List`1 shellRefrences)

2025-12-11 16:05:41.414 INFO  [4] [VM.GlobalScript.Support.UserGlobalScriptManger::compileGlobalScript@0] Compile begin

2025-12-11 16:05:42.298 INFO  [4] [VM.GlobalScript.Support.UserGlobalScriptSupport::CompileCode@0] 2025-12-11 16:05:42:298 : Compile complete -- 0 Errors, 0 Warnings 


2025-12-11 16:05:42.427 INFO  [4] [VM.GlobalScript.Support.UserGlobalScriptManger::updateBackFile@0] Update BackFile end

2025-12-11 16:05:42.429 INFO  [4] [VM.GlobalScript.Support.UserGlobalScriptManger::compileGlobalScript@0] Compile end

2025-12-11 16:05:42.431 INFO  [4] [VM.GlobalScript.Support.GlobalManager::objLoadDefaultScriptTime_Elapsed@0] Load default globalScript end

2025-12-11 16:25:48.800 INFO  [1] [VMGlobalScript.GlobalScript::Init@0]  ====================================================V4.3.0 GlobalScript Start Print Log====================================================

2025-12-11 16:25:54.126 INFO  [13] [VM.GlobalScript.Support.GlobalManager::objLoadDefaultScriptTime_Elapsed@0] Load default globalScript begin

2025-12-11 16:25:57.271 ERROR [13] [VM.GlobalScript.Support.UserGlobalScriptManger::setScriptToSolutionRefrence@0] setScriptToSolutionRefrence exception:System.Xml.XmlException: 缺少根元素。
   在 System.Xml.XmlTextReaderImpl.Throw(Exception e)
   在 System.Xml.XmlTextReaderImpl.ParseDocumentContent()
   在 System.Xml.XmlLoader.Load(XmlDocument doc, XmlReader reader, Boolean preserveWhitespace)
   在 System.Xml.XmlDocument.Load(XmlReader reader)
   在 System.Xml.XmlDocument.Load(String filename)
   在 VM.GlobalScript.Support.UserGlobalScriptManger.setScriptToSolutionRefrence(List`1 shellRefrences)

2025-12-11 16:25:57.273 INFO  [13] [VM.GlobalScript.Support.UserGlobalScriptManger::compileGlobalScript@0] Compile begin

2025-12-11 16:25:58.145 INFO  [13] [VM.GlobalScript.Support.UserGlobalScriptSupport::CompileCode@0] 2025-12-11 16:25:58:145 : Compile complete -- 0 Errors, 0 Warnings 


2025-12-11 16:25:58.265 INFO  [13] [VM.GlobalScript.Support.UserGlobalScriptManger::updateBackFile@0] Update BackFile end

2025-12-11 16:25:58.267 INFO  [13] [VM.GlobalScript.Support.UserGlobalScriptManger::compileGlobalScript@0] Compile end

2025-12-11 16:25:58.268 INFO  [13] [VM.GlobalScript.Support.GlobalManager::objLoadDefaultScriptTime_Elapsed@0] Load default globalScript end

2025-12-11 16:29:32.866 INFO  [1] [VMGlobalScript.GlobalScript::Init@0]  ====================================================V4.3.0 GlobalScript Start Print Log====================================================

2025-12-11 16:29:38.345 INFO  [4] [VM.GlobalScript.Support.GlobalManager::objLoadDefaultScriptTime_Elapsed@0] Load default globalScript begin

2025-12-11 16:29:41.004 ERROR [4] [VM.GlobalScript.Support.UserGlobalScriptManger::setScriptToSolutionRefrence@0] setScriptToSolutionRefrence exception:System.Xml.XmlException: 缺少根元素。
   在 System.Xml.XmlTextReaderImpl.Throw(Exception e)
   在 System.Xml.XmlTextReaderImpl.ParseDocumentContent()
   在 System.Xml.XmlLoader.Load(XmlDocument doc, XmlReader reader, Boolean preserveWhitespace)
   在 System.Xml.XmlDocument.Load(XmlReader reader)
   在 System.Xml.XmlDocument.Load(String filename)
   在 VM.GlobalScript.Support.UserGlobalScriptManger.setScriptToSolutionRefrence(List`1 shellRefrences)

2025-12-11 16:29:41.008 INFO  [4] [VM.GlobalScript.Support.UserGlobalScriptManger::compileGlobalScript@0] Compile begin

2025-12-11 16:29:41.864 INFO  [4] [VM.GlobalScript.Support.UserGlobalScriptSupport::CompileCode@0] 2025-12-11 16:29:41:864 : Compile complete -- 0 Errors, 0 Warnings 


2025-12-11 16:29:42.000 INFO  [4] [VM.GlobalScript.Support.UserGlobalScriptManger::updateBackFile@0] Update BackFile end

2025-12-11 16:29:42.002 INFO  [4] [VM.GlobalScript.Support.UserGlobalScriptManger::compileGlobalScript@0] Compile end

2025-12-11 16:29:42.004 INFO  [4] [VM.GlobalScript.Support.GlobalManager::objLoadDefaultScriptTime_Elapsed@0] Load default globalScript end

2025-12-11 16:40:26.909 INFO  [1] [VMGlobalScript.GlobalScript::Init@0]  ====================================================V4.3.0 GlobalScript Start Print Log====================================================

2025-12-11 16:40:32.355 INFO  [3] [VM.GlobalScript.Support.GlobalManager::objLoadDefaultScriptTime_Elapsed@0] Load default globalScript begin

2025-12-11 16:40:35.045 ERROR [3] [VM.GlobalScript.Support.UserGlobalScriptManger::setScriptToSolutionRefrence@0] setScriptToSolutionRefrence exception:System.Xml.XmlException: 缺少根元素。
   在 System.Xml.XmlTextReaderImpl.Throw(Exception e)
   在 System.Xml.XmlTextReaderImpl.ParseDocumentContent()
   在 System.Xml.XmlLoader.Load(XmlDocument doc, XmlReader reader, Boolean preserveWhitespace)
   在 System.Xml.XmlDocument.Load(XmlReader reader)
   在 System.Xml.XmlDocument.Load(String filename)
   在 VM.GlobalScript.Support.UserGlobalScriptManger.setScriptToSolutionRefrence(List`1 shellRefrences)

2025-12-11 16:40:35.048 INFO  [3] [VM.GlobalScript.Support.UserGlobalScriptManger::compileGlobalScript@0] Compile begin

2025-12-11 16:40:35.938 INFO  [3] [VM.GlobalScript.Support.UserGlobalScriptSupport::CompileCode@0] 2025-12-11 16:40:35:937 : Compile complete -- 0 Errors, 0 Warnings 


2025-12-11 16:40:36.060 INFO  [3] [VM.GlobalScript.Support.UserGlobalScriptManger::updateBackFile@0] Update BackFile end

2025-12-11 16:40:36.062 INFO  [3] [VM.GlobalScript.Support.UserGlobalScriptManger::compileGlobalScript@0] Compile end

2025-12-11 16:40:36.064 INFO  [3] [VM.GlobalScript.Support.GlobalManager::objLoadDefaultScriptTime_Elapsed@0] Load default globalScript end

2025-12-11 17:19:15.803 INFO  [1] [VMGlobalScript.GlobalScript::Init@0]  ====================================================V4.3.0 GlobalScript Start Print Log====================================================

2025-12-11 17:19:21.327 INFO  [4] [VM.GlobalScript.Support.GlobalManager::objLoadDefaultScriptTime_Elapsed@0] Load default globalScript begin

2025-12-11 17:19:24.173 ERROR [4] [VM.GlobalScript.Support.UserGlobalScriptManger::setScriptToSolutionRefrence@0] setScriptToSolutionRefrence exception:System.Xml.XmlException: 缺少根元素。
   在 System.Xml.XmlTextReaderImpl.Throw(Exception e)
   在 System.Xml.XmlTextReaderImpl.ParseDocumentContent()
   在 System.Xml.XmlLoader.Load(XmlDocument doc, XmlReader reader, Boolean preserveWhitespace)
   在 System.Xml.XmlDocument.Load(XmlReader reader)
   在 System.Xml.XmlDocument.Load(String filename)
   在 VM.GlobalScript.Support.UserGlobalScriptManger.setScriptToSolutionRefrence(List`1 shellRefrences)

2025-12-11 17:19:24.176 INFO  [4] [VM.GlobalScript.Support.UserGlobalScriptManger::compileGlobalScript@0] Compile begin

2025-12-11 17:19:25.118 INFO  [4] [VM.GlobalScript.Support.UserGlobalScriptSupport::CompileCode@0] 2025-12-11 17:19:25:118 : Compile complete -- 0 Errors, 0 Warnings 


2025-12-11 17:19:25.249 INFO  [4] [VM.GlobalScript.Support.UserGlobalScriptManger::updateBackFile@0] Update BackFile end

2025-12-11 17:19:25.250 INFO  [4] [VM.GlobalScript.Support.UserGlobalScriptManger::compileGlobalScript@0] Compile end

2025-12-11 17:19:25.252 INFO  [4] [VM.GlobalScript.Support.GlobalManager::objLoadDefaultScriptTime_Elapsed@0] Load default globalScript end

2025-12-12 10:53:27.314 INFO  [1] [VMGlobalScript.GlobalScript::Init@0]  ====================================================V4.3.0 GlobalScript Start Print Log====================================================

2025-12-12 10:53:32.855 INFO  [4] [VM.GlobalScript.Support.GlobalManager::objLoadDefaultScriptTime_Elapsed@0] Load default globalScript begin

2025-12-12 10:53:44.933 ERROR [4] [VM.GlobalScript.Support.UserGlobalScriptManger::setScriptToSolutionRefrence@0] setScriptToSolutionRefrence exception:System.Xml.XmlException: 缺少根元素。
   在 System.Xml.XmlTextReaderImpl.Throw(Exception e)
   在 System.Xml.XmlTextReaderImpl.ParseDocumentContent()
   在 System.Xml.XmlLoader.Load(XmlDocument doc, XmlReader reader, Boolean preserveWhitespace)
   在 System.Xml.XmlDocument.Load(XmlReader reader)
   在 System.Xml.XmlDocument.Load(String filename)
   在 VM.GlobalScript.Support.UserGlobalScriptManger.setScriptToSolutionRefrence(List`1 shellRefrences)

2025-12-12 10:53:44.937 INFO  [4] [VM.GlobalScript.Support.UserGlobalScriptManger::compileGlobalScript@0] Compile begin

2025-12-12 10:53:45.950 INFO  [4] [VM.GlobalScript.Support.UserGlobalScriptSupport::CompileCode@0] 2025-12-12 10:53:45:950 : Compile complete -- 0 Errors, 0 Warnings 


2025-12-12 10:53:46.127 INFO  [4] [VM.GlobalScript.Support.UserGlobalScriptManger::updateBackFile@0] Update BackFile end

2025-12-12 10:53:46.130 INFO  [4] [VM.GlobalScript.Support.UserGlobalScriptManger::compileGlobalScript@0] Compile end

2025-12-12 10:53:46.134 INFO  [4] [VM.GlobalScript.Support.GlobalManager::objLoadDefaultScriptTime_Elapsed@0] Load default globalScript end

2025-12-12 10:56:21.469 INFO  [1] [VMGlobalScript.GlobalScript::Init@0]  ====================================================V4.3.0 GlobalScript Start Print Log====================================================

2025-12-12 10:56:27.116 INFO  [4] [VM.GlobalScript.Support.GlobalManager::objLoadDefaultScriptTime_Elapsed@0] Load default globalScript begin

2025-12-12 10:56:35.353 ERROR [4] [VM.GlobalScript.Support.UserGlobalScriptManger::setScriptToSolutionRefrence@0] setScriptToSolutionRefrence exception:System.Xml.XmlException: 缺少根元素。
   在 System.Xml.XmlTextReaderImpl.Throw(Exception e)
   在 System.Xml.XmlTextReaderImpl.ParseDocumentContent()
   在 System.Xml.XmlLoader.Load(XmlDocument doc, XmlReader reader, Boolean preserveWhitespace)
   在 System.Xml.XmlDocument.Load(XmlReader reader)
   在 System.Xml.XmlDocument.Load(String filename)
   在 VM.GlobalScript.Support.UserGlobalScriptManger.setScriptToSolutionRefrence(List`1 shellRefrences)

2025-12-12 10:56:35.356 INFO  [4] [VM.GlobalScript.Support.UserGlobalScriptManger::compileGlobalScript@0] Compile begin

2025-12-12 10:56:37.573 INFO  [4] [VM.GlobalScript.Support.UserGlobalScriptSupport::CompileCode@0] 2025-12-12 10:56:37:570 : Compile complete -- 0 Errors, 0 Warnings 


2025-12-12 10:56:37.961 INFO  [4] [VM.GlobalScript.Support.UserGlobalScriptManger::updateBackFile@0] Update BackFile end

2025-12-12 10:56:37.964 INFO  [4] [VM.GlobalScript.Support.UserGlobalScriptManger::compileGlobalScript@0] Compile end

2025-12-12 10:56:37.967 INFO  [4] [VM.GlobalScript.Support.GlobalManager::objLoadDefaultScriptTime_Elapsed@0] Load default globalScript end

2025-12-12 12:54:10.292 INFO  [1] [VMGlobalScript.GlobalScript::Init@0]  ====================================================V4.3.0 GlobalScript Start Print Log====================================================

2025-12-12 12:54:15.570 INFO  [11] [VM.GlobalScript.Support.GlobalManager::objLoadDefaultScriptTime_Elapsed@0] Load default globalScript begin

2025-12-12 12:54:18.269 ERROR [11] [VM.GlobalScript.Support.UserGlobalScriptManger::setScriptToSolutionRefrence@0] setScriptToSolutionRefrence exception:System.Xml.XmlException: 缺少根元素。
   在 System.Xml.XmlTextReaderImpl.Throw(Exception e)
   在 System.Xml.XmlTextReaderImpl.ParseDocumentContent()
   在 System.Xml.XmlLoader.Load(XmlDocument doc, XmlReader reader, Boolean preserveWhitespace)
   在 System.Xml.XmlDocument.Load(XmlReader reader)
   在 System.Xml.XmlDocument.Load(String filename)
   在 VM.GlobalScript.Support.UserGlobalScriptManger.setScriptToSolutionRefrence(List`1 shellRefrences)

2025-12-12 12:54:18.272 INFO  [11] [VM.GlobalScript.Support.UserGlobalScriptManger::compileGlobalScript@0] Compile begin

2025-12-12 12:54:19.272 INFO  [11] [VM.GlobalScript.Support.UserGlobalScriptSupport::CompileCode@0] 2025-12-12 12:54:19:272 : Compile complete -- 0 Errors, 0 Warnings 


2025-12-12 12:54:19.420 INFO  [11] [VM.GlobalScript.Support.UserGlobalScriptManger::updateBackFile@0] Update BackFile end

2025-12-12 12:54:19.421 INFO  [11] [VM.GlobalScript.Support.UserGlobalScriptManger::compileGlobalScript@0] Compile end

2025-12-12 12:54:19.423 INFO  [11] [VM.GlobalScript.Support.GlobalManager::objLoadDefaultScriptTime_Elapsed@0] Load default globalScript end

2025-12-12 13:27:24.671 INFO  [1] [VMGlobalScript.GlobalScript::Init@0]  ====================================================V4.3.0 GlobalScript Start Print Log====================================================

2025-12-12 13:27:30.333 INFO  [4] [VM.GlobalScript.Support.GlobalManager::objLoadDefaultScriptTime_Elapsed@0] Load default globalScript begin

2025-12-12 13:27:33.096 ERROR [4] [VM.GlobalScript.Support.UserGlobalScriptManger::setScriptToSolutionRefrence@0] setScriptToSolutionRefrence exception:System.Xml.XmlException: 缺少根元素。
   在 System.Xml.XmlTextReaderImpl.Throw(Exception e)
   在 System.Xml.XmlTextReaderImpl.ParseDocumentContent()
   在 System.Xml.XmlLoader.Load(XmlDocument doc, XmlReader reader, Boolean preserveWhitespace)
   在 System.Xml.XmlDocument.Load(XmlReader reader)
   在 System.Xml.XmlDocument.Load(String filename)
   在 VM.GlobalScript.Support.UserGlobalScriptManger.setScriptToSolutionRefrence(List`1 shellRefrences)

2025-12-12 13:27:33.098 INFO  [4] [VM.GlobalScript.Support.UserGlobalScriptManger::compileGlobalScript@0] Compile begin

2025-12-12 13:27:34.696 INFO  [4] [VM.GlobalScript.Support.UserGlobalScriptSupport::CompileCode@0] 2025-12-12 13:27:34:695 : Compile complete -- 0 Errors, 0 Warnings 


2025-12-12 13:27:34.850 INFO  [4] [VM.GlobalScript.Support.UserGlobalScriptManger::updateBackFile@0] Update BackFile end

2025-12-12 13:27:34.852 INFO  [4] [VM.GlobalScript.Support.UserGlobalScriptManger::compileGlobalScript@0] Compile end

2025-12-12 13:27:34.853 INFO  [4] [VM.GlobalScript.Support.GlobalManager::objLoadDefaultScriptTime_Elapsed@0] Load default globalScript end

2025-12-12 13:31:30.123 INFO  [1] [VMGlobalScript.GlobalScript::Init@0]  ====================================================V4.3.0 GlobalScript Start Print Log====================================================

2025-12-12 13:31:35.466 INFO  [13] [VM.GlobalScript.Support.GlobalManager::objLoadDefaultScriptTime_Elapsed@0] Load default globalScript begin

2025-12-12 13:31:38.199 ERROR [13] [VM.GlobalScript.Support.UserGlobalScriptManger::setScriptToSolutionRefrence@0] setScriptToSolutionRefrence exception:System.Xml.XmlException: 缺少根元素。
   在 System.Xml.XmlTextReaderImpl.Throw(Exception e)
   在 System.Xml.XmlTextReaderImpl.ParseDocumentContent()
   在 System.Xml.XmlLoader.Load(XmlDocument doc, XmlReader reader, Boolean preserveWhitespace)
   在 System.Xml.XmlDocument.Load(XmlReader reader)
   在 System.Xml.XmlDocument.Load(String filename)
   在 VM.GlobalScript.Support.UserGlobalScriptManger.setScriptToSolutionRefrence(List`1 shellRefrences)

2025-12-12 13:31:38.201 INFO  [13] [VM.GlobalScript.Support.UserGlobalScriptManger::compileGlobalScript@0] Compile begin

2025-12-12 13:31:39.052 INFO  [13] [VM.GlobalScript.Support.UserGlobalScriptSupport::CompileCode@0] 2025-12-12 13:31:39:052 : Compile complete -- 0 Errors, 0 Warnings 


2025-12-12 13:31:39.184 INFO  [13] [VM.GlobalScript.Support.UserGlobalScriptManger::updateBackFile@0] Update BackFile end

2025-12-12 13:31:39.186 INFO  [13] [VM.GlobalScript.Support.UserGlobalScriptManger::compileGlobalScript@0] Compile end

2025-12-12 13:31:39.187 INFO  [13] [VM.GlobalScript.Support.GlobalManager::objLoadDefaultScriptTime_Elapsed@0] Load default globalScript end

2025-12-12 14:33:52.294 INFO  [1] [VMGlobalScript.GlobalScript::Init@0]  ====================================================V4.3.0 GlobalScript Start Print Log====================================================

2025-12-12 14:33:57.921 INFO  [4] [VM.GlobalScript.Support.GlobalManager::objLoadDefaultScriptTime_Elapsed@0] Load default globalScript begin

2025-12-12 14:34:00.602 ERROR [4] [VM.GlobalScript.Support.UserGlobalScriptManger::setScriptToSolutionRefrence@0] setScriptToSolutionRefrence exception:System.Xml.XmlException: 缺少根元素。
   在 System.Xml.XmlTextReaderImpl.Throw(Exception e)
   在 System.Xml.XmlTextReaderImpl.ParseDocumentContent()
   在 System.Xml.XmlLoader.Load(XmlDocument doc, XmlReader reader, Boolean preserveWhitespace)
   在 System.Xml.XmlDocument.Load(XmlReader reader)
   在 System.Xml.XmlDocument.Load(String filename)
   在 VM.GlobalScript.Support.UserGlobalScriptManger.setScriptToSolutionRefrence(List`1 shellRefrences)

2025-12-12 14:34:00.605 INFO  [4] [VM.GlobalScript.Support.UserGlobalScriptManger::compileGlobalScript@0] Compile begin

2025-12-12 14:34:01.656 INFO  [4] [VM.GlobalScript.Support.UserGlobalScriptSupport::CompileCode@0] 2025-12-12 14:34:01:655 : Compile complete -- 0 Errors, 0 Warnings 


2025-12-12 14:34:01.801 INFO  [4] [VM.GlobalScript.Support.UserGlobalScriptManger::updateBackFile@0] Update BackFile end

2025-12-12 14:34:01.803 INFO  [4] [VM.GlobalScript.Support.UserGlobalScriptManger::compileGlobalScript@0] Compile end

2025-12-12 14:34:01.805 INFO  [4] [VM.GlobalScript.Support.GlobalManager::objLoadDefaultScriptTime_Elapsed@0] Load default globalScript end

2025-12-12 14:51:12.779 INFO  [1] [VMGlobalScript.GlobalScript::Init@0]  ====================================================V4.3.0 GlobalScript Start Print Log====================================================

2025-12-12 14:51:18.473 INFO  [4] [VM.GlobalScript.Support.GlobalManager::objLoadDefaultScriptTime_Elapsed@0] Load default globalScript begin

2025-12-12 14:51:21.137 ERROR [4] [VM.GlobalScript.Support.UserGlobalScriptManger::setScriptToSolutionRefrence@0] setScriptToSolutionRefrence exception:System.Xml.XmlException: 缺少根元素。
   在 System.Xml.XmlTextReaderImpl.Throw(Exception e)
   在 System.Xml.XmlTextReaderImpl.ParseDocumentContent()
   在 System.Xml.XmlLoader.Load(XmlDocument doc, XmlReader reader, Boolean preserveWhitespace)
   在 System.Xml.XmlDocument.Load(XmlReader reader)
   在 System.Xml.XmlDocument.Load(String filename)
   在 VM.GlobalScript.Support.UserGlobalScriptManger.setScriptToSolutionRefrence(List`1 shellRefrences)

2025-12-12 14:51:21.141 INFO  [4] [VM.GlobalScript.Support.UserGlobalScriptManger::compileGlobalScript@0] Compile begin

2025-12-12 14:51:22.057 INFO  [4] [VM.GlobalScript.Support.UserGlobalScriptSupport::CompileCode@0] 2025-12-12 14:51:22:057 : Compile complete -- 0 Errors, 0 Warnings 


2025-12-12 14:51:22.215 INFO  [4] [VM.GlobalScript.Support.UserGlobalScriptManger::updateBackFile@0] Update BackFile end

2025-12-12 14:51:22.218 INFO  [4] [VM.GlobalScript.Support.UserGlobalScriptManger::compileGlobalScript@0] Compile end

2025-12-12 14:51:22.220 INFO  [4] [VM.GlobalScript.Support.GlobalManager::objLoadDefaultScriptTime_Elapsed@0] Load default globalScript end

2025-12-12 15:10:36.447 INFO  [1] [VMGlobalScript.GlobalScript::Init@0]  ====================================================V4.3.0 GlobalScript Start Print Log====================================================

2025-12-12 15:10:42.054 INFO  [13] [VM.GlobalScript.Support.GlobalManager::objLoadDefaultScriptTime_Elapsed@0] Load default globalScript begin

2025-12-12 15:10:45.346 ERROR [13] [VM.GlobalScript.Support.UserGlobalScriptManger::setScriptToSolutionRefrence@0] setScriptToSolutionRefrence exception:System.Xml.XmlException: 缺少根元素。
   在 System.Xml.XmlTextReaderImpl.Throw(Exception e)
   在 System.Xml.XmlTextReaderImpl.ParseDocumentContent()
   在 System.Xml.XmlLoader.Load(XmlDocument doc, XmlReader reader, Boolean preserveWhitespace)
   在 System.Xml.XmlDocument.Load(XmlReader reader)
   在 System.Xml.XmlDocument.Load(String filename)
   在 VM.GlobalScript.Support.UserGlobalScriptManger.setScriptToSolutionRefrence(List`1 shellRefrences)

2025-12-12 15:10:45.348 INFO  [13] [VM.GlobalScript.Support.UserGlobalScriptManger::compileGlobalScript@0] Compile begin

2025-12-12 15:10:46.475 INFO  [13] [VM.GlobalScript.Support.UserGlobalScriptSupport::CompileCode@0] 2025-12-12 15:10:46:475 : Compile complete -- 0 Errors, 0 Warnings 


2025-12-12 15:10:46.643 INFO  [13] [VM.GlobalScript.Support.UserGlobalScriptManger::updateBackFile@0] Update BackFile end

2025-12-12 15:10:46.647 INFO  [13] [VM.GlobalScript.Support.UserGlobalScriptManger::compileGlobalScript@0] Compile end

2025-12-12 15:10:46.650 INFO  [13] [VM.GlobalScript.Support.GlobalManager::objLoadDefaultScriptTime_Elapsed@0] Load default globalScript end

2025-12-12 15:13:26.470 INFO  [1] [VMGlobalScript.GlobalScript::Init@0]  ====================================================V4.3.0 GlobalScript Start Print Log====================================================

2025-12-12 15:13:32.023 INFO  [3] [VM.GlobalScript.Support.GlobalManager::objLoadDefaultScriptTime_Elapsed@0] Load default globalScript begin

2025-12-12 15:13:36.260 ERROR [3] [VM.GlobalScript.Support.UserGlobalScriptManger::setScriptToSolutionRefrence@0] setScriptToSolutionRefrence exception:System.Xml.XmlException: 缺少根元素。
   在 System.Xml.XmlTextReaderImpl.Throw(Exception e)
   在 System.Xml.XmlTextReaderImpl.ParseDocumentContent()
   在 System.Xml.XmlLoader.Load(XmlDocument doc, XmlReader reader, Boolean preserveWhitespace)
   在 System.Xml.XmlDocument.Load(XmlReader reader)
   在 System.Xml.XmlDocument.Load(String filename)
   在 VM.GlobalScript.Support.UserGlobalScriptManger.setScriptToSolutionRefrence(List`1 shellRefrences)

2025-12-12 15:13:36.263 INFO  [3] [VM.GlobalScript.Support.UserGlobalScriptManger::compileGlobalScript@0] Compile begin

2025-12-12 15:13:37.286 INFO  [3] [VM.GlobalScript.Support.UserGlobalScriptSupport::CompileCode@0] 2025-12-12 15:13:37:285 : Compile complete -- 0 Errors, 0 Warnings 


2025-12-12 15:13:37.503 INFO  [3] [VM.GlobalScript.Support.UserGlobalScriptManger::updateBackFile@0] Update BackFile end

2025-12-12 15:13:37.504 INFO  [3] [VM.GlobalScript.Support.UserGlobalScriptManger::compileGlobalScript@0] Compile end

2025-12-12 15:13:37.507 INFO  [3] [VM.GlobalScript.Support.GlobalManager::objLoadDefaultScriptTime_Elapsed@0] Load default globalScript end

2025-12-12 15:15:00.192 INFO  [1] [VMGlobalScript.GlobalScript::Init@0]  ====================================================V4.3.0 GlobalScript Start Print Log====================================================

2025-12-12 15:15:05.907 INFO  [13] [VM.GlobalScript.Support.GlobalManager::objLoadDefaultScriptTime_Elapsed@0] Load default globalScript begin

2025-12-12 15:15:09.049 ERROR [13] [VM.GlobalScript.Support.UserGlobalScriptManger::setScriptToSolutionRefrence@0] setScriptToSolutionRefrence exception:System.Xml.XmlException: 缺少根元素。
   在 System.Xml.XmlTextReaderImpl.Throw(Exception e)
   在 System.Xml.XmlTextReaderImpl.ParseDocumentContent()
   在 System.Xml.XmlLoader.Load(XmlDocument doc, XmlReader reader, Boolean preserveWhitespace)
   在 System.Xml.XmlDocument.Load(XmlReader reader)
   在 System.Xml.XmlDocument.Load(String filename)
   在 VM.GlobalScript.Support.UserGlobalScriptManger.setScriptToSolutionRefrence(List`1 shellRefrences)

2025-12-12 15:15:09.053 INFO  [13] [VM.GlobalScript.Support.UserGlobalScriptManger::compileGlobalScript@0] Compile begin

2025-12-12 15:15:10.149 INFO  [13] [VM.GlobalScript.Support.UserGlobalScriptSupport::CompileCode@0] 2025-12-12 15:15:10:148 : Compile complete -- 0 Errors, 0 Warnings 


2025-12-12 15:15:10.291 INFO  [13] [VM.GlobalScript.Support.UserGlobalScriptManger::updateBackFile@0] Update BackFile end

2025-12-12 15:15:10.293 INFO  [13] [VM.GlobalScript.Support.UserGlobalScriptManger::compileGlobalScript@0] Compile end

2025-12-12 15:15:10.295 INFO  [13] [VM.GlobalScript.Support.GlobalManager::objLoadDefaultScriptTime_Elapsed@0] Load default globalScript end

2025-12-12 15:20:34.084 INFO  [1] [VMGlobalScript.GlobalScript::Init@0]  ====================================================V4.3.0 GlobalScript Start Print Log====================================================

2025-12-12 15:20:39.301 INFO  [13] [VM.GlobalScript.Support.GlobalManager::objLoadDefaultScriptTime_Elapsed@0] Load default globalScript begin

2025-12-12 15:20:43.450 ERROR [13] [VM.GlobalScript.Support.UserGlobalScriptManger::setScriptToSolutionRefrence@0] setScriptToSolutionRefrence exception:System.Xml.XmlException: 缺少根元素。
   在 System.Xml.XmlTextReaderImpl.Throw(Exception e)
   在 System.Xml.XmlTextReaderImpl.ParseDocumentContent()
   在 System.Xml.XmlLoader.Load(XmlDocument doc, XmlReader reader, Boolean preserveWhitespace)
   在 System.Xml.XmlDocument.Load(XmlReader reader)
   在 System.Xml.XmlDocument.Load(String filename)
   在 VM.GlobalScript.Support.UserGlobalScriptManger.setScriptToSolutionRefrence(List`1 shellRefrences)

2025-12-12 15:20:43.453 INFO  [13] [VM.GlobalScript.Support.UserGlobalScriptManger::compileGlobalScript@0] Compile begin

2025-12-12 15:20:44.507 INFO  [13] [VM.GlobalScript.Support.UserGlobalScriptSupport::CompileCode@0] 2025-12-12 15:20:44:506 : Compile complete -- 0 Errors, 0 Warnings 


2025-12-12 15:20:44.659 INFO  [13] [VM.GlobalScript.Support.UserGlobalScriptManger::updateBackFile@0] Update BackFile end

2025-12-12 15:20:44.661 INFO  [13] [VM.GlobalScript.Support.UserGlobalScriptManger::compileGlobalScript@0] Compile end

2025-12-12 15:20:44.664 INFO  [13] [VM.GlobalScript.Support.GlobalManager::objLoadDefaultScriptTime_Elapsed@0] Load default globalScript end

2025-12-12 15:23:58.199 INFO  [1] [VMGlobalScript.GlobalScript::Init@0]  ====================================================V4.3.0 GlobalScript Start Print Log====================================================

2025-12-12 15:24:03.898 INFO  [5] [VM.GlobalScript.Support.GlobalManager::objLoadDefaultScriptTime_Elapsed@0] Load default globalScript begin

2025-12-12 15:24:07.159 ERROR [5] [VM.GlobalScript.Support.UserGlobalScriptManger::setScriptToSolutionRefrence@0] setScriptToSolutionRefrence exception:System.Xml.XmlException: 缺少根元素。
   在 System.Xml.XmlTextReaderImpl.Throw(Exception e)
   在 System.Xml.XmlTextReaderImpl.ParseDocumentContent()
   在 System.Xml.XmlLoader.Load(XmlDocument doc, XmlReader reader, Boolean preserveWhitespace)
   在 System.Xml.XmlDocument.Load(XmlReader reader)
   在 System.Xml.XmlDocument.Load(String filename)
   在 VM.GlobalScript.Support.UserGlobalScriptManger.setScriptToSolutionRefrence(List`1 shellRefrences)

2025-12-12 15:24:07.161 INFO  [5] [VM.GlobalScript.Support.UserGlobalScriptManger::compileGlobalScript@0] Compile begin

2025-12-12 15:24:08.061 INFO  [5] [VM.GlobalScript.Support.UserGlobalScriptSupport::CompileCode@0] 2025-12-12 15:24:08:061 : Compile complete -- 0 Errors, 0 Warnings 


2025-12-12 15:24:08.193 INFO  [5] [VM.GlobalScript.Support.UserGlobalScriptManger::updateBackFile@0] Update BackFile end

2025-12-12 15:24:08.195 INFO  [5] [VM.GlobalScript.Support.UserGlobalScriptManger::compileGlobalScript@0] Compile end

2025-12-12 15:24:08.196 INFO  [5] [VM.GlobalScript.Support.GlobalManager::objLoadDefaultScriptTime_Elapsed@0] Load default globalScript end

2025-12-12 15:25:42.879 INFO  [1] [VMGlobalScript.GlobalScript::Init@0]  ====================================================V4.3.0 GlobalScript Start Print Log====================================================

2025-12-12 15:25:48.507 INFO  [4] [VM.GlobalScript.Support.GlobalManager::objLoadDefaultScriptTime_Elapsed@0] Load default globalScript begin

2025-12-12 15:25:51.843 ERROR [4] [VM.GlobalScript.Support.UserGlobalScriptManger::setScriptToSolutionRefrence@0] setScriptToSolutionRefrence exception:System.Xml.XmlException: 缺少根元素。
   在 System.Xml.XmlTextReaderImpl.Throw(Exception e)
   在 System.Xml.XmlTextReaderImpl.ParseDocumentContent()
   在 System.Xml.XmlLoader.Load(XmlDocument doc, XmlReader reader, Boolean preserveWhitespace)
   在 System.Xml.XmlDocument.Load(XmlReader reader)
   在 System.Xml.XmlDocument.Load(String filename)
   在 VM.GlobalScript.Support.UserGlobalScriptManger.setScriptToSolutionRefrence(List`1 shellRefrences)

2025-12-12 15:25:51.846 INFO  [4] [VM.GlobalScript.Support.UserGlobalScriptManger::compileGlobalScript@0] Compile begin

2025-12-12 15:25:52.745 INFO  [4] [VM.GlobalScript.Support.UserGlobalScriptSupport::CompileCode@0] 2025-12-12 15:25:52:745 : Compile complete -- 0 Errors, 0 Warnings 


2025-12-12 15:25:52.878 INFO  [4] [VM.GlobalScript.Support.UserGlobalScriptManger::updateBackFile@0] Update BackFile end

2025-12-12 15:25:52.880 INFO  [4] [VM.GlobalScript.Support.UserGlobalScriptManger::compileGlobalScript@0] Compile end

2025-12-12 15:25:52.882 INFO  [4] [VM.GlobalScript.Support.GlobalManager::objLoadDefaultScriptTime_Elapsed@0] Load default globalScript end

2025-12-12 15:30:29.436 INFO  [1] [VMGlobalScript.GlobalScript::Init@0]  ====================================================V4.3.0 GlobalScript Start Print Log====================================================

2025-12-12 15:30:35.029 INFO  [4] [VM.GlobalScript.Support.GlobalManager::objLoadDefaultScriptTime_Elapsed@0] Load default globalScript begin

2025-12-12 15:30:38.295 ERROR [4] [VM.GlobalScript.Support.UserGlobalScriptManger::setScriptToSolutionRefrence@0] setScriptToSolutionRefrence exception:System.Xml.XmlException: 缺少根元素。
   在 System.Xml.XmlTextReaderImpl.Throw(Exception e)
   在 System.Xml.XmlTextReaderImpl.ParseDocumentContent()
   在 System.Xml.XmlLoader.Load(XmlDocument doc, XmlReader reader, Boolean preserveWhitespace)
   在 System.Xml.XmlDocument.Load(XmlReader reader)
   在 System.Xml.XmlDocument.Load(String filename)
   在 VM.GlobalScript.Support.UserGlobalScriptManger.setScriptToSolutionRefrence(List`1 shellRefrences)

2025-12-12 15:30:38.298 INFO  [4] [VM.GlobalScript.Support.UserGlobalScriptManger::compileGlobalScript@0] Compile begin

2025-12-12 15:30:39.192 INFO  [4] [VM.GlobalScript.Support.UserGlobalScriptSupport::CompileCode@0] 2025-12-12 15:30:39:191 : Compile complete -- 0 Errors, 0 Warnings 


2025-12-12 15:30:39.318 INFO  [4] [VM.GlobalScript.Support.UserGlobalScriptManger::updateBackFile@0] Update BackFile end

2025-12-12 15:30:39.320 INFO  [4] [VM.GlobalScript.Support.UserGlobalScriptManger::compileGlobalScript@0] Compile end

2025-12-12 15:30:39.322 INFO  [4] [VM.GlobalScript.Support.GlobalManager::objLoadDefaultScriptTime_Elapsed@0] Load default globalScript end

2025-12-12 15:32:01.930 INFO  [1] [VMGlobalScript.GlobalScript::Init@0]  ====================================================V4.3.0 GlobalScript Start Print Log====================================================

2025-12-12 15:32:07.529 INFO  [4] [VM.GlobalScript.Support.GlobalManager::objLoadDefaultScriptTime_Elapsed@0] Load default globalScript begin

2025-12-12 15:32:10.665 ERROR [4] [VM.GlobalScript.Support.UserGlobalScriptManger::setScriptToSolutionRefrence@0] setScriptToSolutionRefrence exception:System.Xml.XmlException: 缺少根元素。
   在 System.Xml.XmlTextReaderImpl.Throw(Exception e)
   在 System.Xml.XmlTextReaderImpl.ParseDocumentContent()
   在 System.Xml.XmlLoader.Load(XmlDocument doc, XmlReader reader, Boolean preserveWhitespace)
   在 System.Xml.XmlDocument.Load(XmlReader reader)
   在 System.Xml.XmlDocument.Load(String filename)
   在 VM.GlobalScript.Support.UserGlobalScriptManger.setScriptToSolutionRefrence(List`1 shellRefrences)

2025-12-12 15:32:10.668 INFO  [4] [VM.GlobalScript.Support.UserGlobalScriptManger::compileGlobalScript@0] Compile begin

2025-12-12 15:32:11.519 INFO  [4] [VM.GlobalScript.Support.UserGlobalScriptSupport::CompileCode@0] 2025-12-12 15:32:11:518 : Compile complete -- 0 Errors, 0 Warnings 


2025-12-12 15:32:11.654 INFO  [4] [VM.GlobalScript.Support.UserGlobalScriptManger::updateBackFile@0] Update BackFile end

2025-12-12 15:32:11.655 INFO  [4] [VM.GlobalScript.Support.UserGlobalScriptManger::compileGlobalScript@0] Compile end

2025-12-12 15:32:11.657 INFO  [4] [VM.GlobalScript.Support.GlobalManager::objLoadDefaultScriptTime_Elapsed@0] Load default globalScript end

2025-12-12 15:55:43.155 INFO  [1] [VMGlobalScript.GlobalScript::Init@0]  ====================================================V4.3.0 GlobalScript Start Print Log====================================================

2025-12-12 15:55:49.048 INFO  [13] [VM.GlobalScript.Support.GlobalManager::objLoadDefaultScriptTime_Elapsed@0] Load default globalScript begin

2025-12-12 15:55:54.809 ERROR [13] [VM.GlobalScript.Support.UserGlobalScriptManger::setScriptToSolutionRefrence@0] setScriptToSolutionRefrence exception:System.Xml.XmlException: 缺少根元素。
   在 System.Xml.XmlTextReaderImpl.Throw(Exception e)
   在 System.Xml.XmlTextReaderImpl.ParseDocumentContent()
   在 System.Xml.XmlLoader.Load(XmlDocument doc, XmlReader reader, Boolean preserveWhitespace)
   在 System.Xml.XmlDocument.Load(XmlReader reader)
   在 System.Xml.XmlDocument.Load(String filename)
   在 VM.GlobalScript.Support.UserGlobalScriptManger.setScriptToSolutionRefrence(List`1 shellRefrences)

2025-12-12 15:55:55.819 INFO  [13] [VM.GlobalScript.Support.UserGlobalScriptManger::compileGlobalScript@0] Compile begin

2025-12-12 15:56:00.280 INFO  [13] [VM.GlobalScript.Support.UserGlobalScriptSupport::CompileCode@0] 2025-12-12 15:56:00:278 : Compile complete -- 0 Errors, 0 Warnings 


2025-12-12 15:56:00.947 INFO  [13] [VM.GlobalScript.Support.UserGlobalScriptManger::updateBackFile@0] Update BackFile end

2025-12-12 15:56:00.951 INFO  [13] [VM.GlobalScript.Support.UserGlobalScriptManger::compileGlobalScript@0] Compile end

2025-12-12 15:56:00.961 INFO  [13] [VM.GlobalScript.Support.GlobalManager::objLoadDefaultScriptTime_Elapsed@0] Load default globalScript end

2025-12-12 16:04:40.270 INFO  [1] [VMGlobalScript.GlobalScript::Init@0]  ====================================================V4.3.0 GlobalScript Start Print Log====================================================

2025-12-12 16:04:45.919 INFO  [11] [VM.GlobalScript.Support.GlobalManager::objLoadDefaultScriptTime_Elapsed@0] Load default globalScript begin

2025-12-12 16:04:48.659 ERROR [11] [VM.GlobalScript.Support.UserGlobalScriptManger::setScriptToSolutionRefrence@0] setScriptToSolutionRefrence exception:System.Xml.XmlException: 缺少根元素。
   在 System.Xml.XmlTextReaderImpl.Throw(Exception e)
   在 System.Xml.XmlTextReaderImpl.ParseDocumentContent()
   在 System.Xml.XmlLoader.Load(XmlDocument doc, XmlReader reader, Boolean preserveWhitespace)
   在 System.Xml.XmlDocument.Load(XmlReader reader)
   在 System.Xml.XmlDocument.Load(String filename)
   在 VM.GlobalScript.Support.UserGlobalScriptManger.setScriptToSolutionRefrence(List`1 shellRefrences)

2025-12-12 16:04:48.661 INFO  [11] [VM.GlobalScript.Support.UserGlobalScriptManger::compileGlobalScript@0] Compile begin

2025-12-12 16:04:49.524 INFO  [11] [VM.GlobalScript.Support.UserGlobalScriptSupport::CompileCode@0] 2025-12-12 16:04:49:523 : Compile complete -- 0 Errors, 0 Warnings 


2025-12-12 16:04:49.664 INFO  [11] [VM.GlobalScript.Support.UserGlobalScriptManger::updateBackFile@0] Update BackFile end

2025-12-12 16:04:49.667 INFO  [11] [VM.GlobalScript.Support.UserGlobalScriptManger::compileGlobalScript@0] Compile end

2025-12-12 16:04:49.670 INFO  [11] [VM.GlobalScript.Support.GlobalManager::objLoadDefaultScriptTime_Elapsed@0] Load default globalScript end

2025-12-12 16:23:18.534 INFO  [1] [VMGlobalScript.GlobalScript::Init@0]  ====================================================V4.3.0 GlobalScript Start Print Log====================================================

2025-12-12 16:23:24.264 INFO  [11] [VM.GlobalScript.Support.GlobalManager::objLoadDefaultScriptTime_Elapsed@0] Load default globalScript begin

2025-12-12 16:23:27.446 ERROR [11] [VM.GlobalScript.Support.UserGlobalScriptManger::setScriptToSolutionRefrence@0] setScriptToSolutionRefrence exception:System.Xml.XmlException: 缺少根元素。
   在 System.Xml.XmlTextReaderImpl.Throw(Exception e)
   在 System.Xml.XmlTextReaderImpl.ParseDocumentContent()
   在 System.Xml.XmlLoader.Load(XmlDocument doc, XmlReader reader, Boolean preserveWhitespace)
   在 System.Xml.XmlDocument.Load(XmlReader reader)
   在 System.Xml.XmlDocument.Load(String filename)
   在 VM.GlobalScript.Support.UserGlobalScriptManger.setScriptToSolutionRefrence(List`1 shellRefrences)

2025-12-12 16:23:27.449 INFO  [11] [VM.GlobalScript.Support.UserGlobalScriptManger::compileGlobalScript@0] Compile begin

2025-12-12 16:23:28.489 INFO  [11] [VM.GlobalScript.Support.UserGlobalScriptSupport::CompileCode@0] 2025-12-12 16:23:28:489 : Compile complete -- 0 Errors, 0 Warnings 


2025-12-12 16:23:28.643 INFO  [11] [VM.GlobalScript.Support.UserGlobalScriptManger::updateBackFile@0] Update BackFile end

2025-12-12 16:23:28.645 INFO  [11] [VM.GlobalScript.Support.UserGlobalScriptManger::compileGlobalScript@0] Compile end

2025-12-12 16:23:28.646 INFO  [11] [VM.GlobalScript.Support.GlobalManager::objLoadDefaultScriptTime_Elapsed@0] Load default globalScript end

2025-12-12 17:10:36.396 INFO  [1] [VMGlobalScript.GlobalScript::Init@0]  ====================================================V4.3.0 GlobalScript Start Print Log====================================================

2025-12-12 17:10:41.909 INFO  [20] [VM.GlobalScript.Support.GlobalManager::objLoadDefaultScriptTime_Elapsed@0] Load default globalScript begin

2025-12-12 17:10:44.796 ERROR [20] [VM.GlobalScript.Support.UserGlobalScriptManger::setScriptToSolutionRefrence@0] setScriptToSolutionRefrence exception:System.Xml.XmlException: 缺少根元素。
   在 System.Xml.XmlTextReaderImpl.Throw(Exception e)
   在 System.Xml.XmlTextReaderImpl.ParseDocumentContent()
   在 System.Xml.XmlLoader.Load(XmlDocument doc, XmlReader reader, Boolean preserveWhitespace)
   在 System.Xml.XmlDocument.Load(XmlReader reader)
   在 System.Xml.XmlDocument.Load(String filename)
   在 VM.GlobalScript.Support.UserGlobalScriptManger.setScriptToSolutionRefrence(List`1 shellRefrences)

2025-12-12 17:10:44.799 INFO  [20] [VM.GlobalScript.Support.UserGlobalScriptManger::compileGlobalScript@0] Compile begin

2025-12-12 17:10:45.772 INFO  [20] [VM.GlobalScript.Support.UserGlobalScriptSupport::CompileCode@0] 2025-12-12 17:10:45:771 : Compile complete -- 0 Errors, 0 Warnings 


2025-12-12 17:10:45.922 INFO  [20] [VM.GlobalScript.Support.UserGlobalScriptManger::updateBackFile@0] Update BackFile end

2025-12-12 17:10:45.924 INFO  [20] [VM.GlobalScript.Support.UserGlobalScriptManger::compileGlobalScript@0] Compile end

2025-12-12 17:10:45.926 INFO  [20] [VM.GlobalScript.Support.GlobalManager::objLoadDefaultScriptTime_Elapsed@0] Load default globalScript end

2025-12-12 17:27:03.811 INFO  [1] [VMGlobalScript.GlobalScript::Init@0]  ====================================================V4.3.0 GlobalScript Start Print Log====================================================

2025-12-12 17:27:09.514 INFO  [20] [VM.GlobalScript.Support.GlobalManager::objLoadDefaultScriptTime_Elapsed@0] Load default globalScript begin

2025-12-12 17:27:13.292 ERROR [20] [VM.GlobalScript.Support.UserGlobalScriptManger::setScriptToSolutionRefrence@0] setScriptToSolutionRefrence exception:System.Xml.XmlException: 缺少根元素。
   在 System.Xml.XmlTextReaderImpl.Throw(Exception e)
   在 System.Xml.XmlTextReaderImpl.ParseDocumentContent()
   在 System.Xml.XmlLoader.Load(XmlDocument doc, XmlReader reader, Boolean preserveWhitespace)
   在 System.Xml.XmlDocument.Load(XmlReader reader)
   在 System.Xml.XmlDocument.Load(String filename)
   在 VM.GlobalScript.Support.UserGlobalScriptManger.setScriptToSolutionRefrence(List`1 shellRefrences)

2025-12-12 17:27:13.294 INFO  [20] [VM.GlobalScript.Support.UserGlobalScriptManger::compileGlobalScript@0] Compile begin

2025-12-12 17:27:14.240 INFO  [20] [VM.GlobalScript.Support.UserGlobalScriptSupport::CompileCode@0] 2025-12-12 17:27:14:239 : Compile complete -- 0 Errors, 0 Warnings 


2025-12-12 17:27:14.376 INFO  [20] [VM.GlobalScript.Support.UserGlobalScriptManger::updateBackFile@0] Update BackFile end

2025-12-12 17:27:14.378 INFO  [20] [VM.GlobalScript.Support.UserGlobalScriptManger::compileGlobalScript@0] Compile end

2025-12-12 17:27:14.379 INFO  [20] [VM.GlobalScript.Support.GlobalManager::objLoadDefaultScriptTime_Elapsed@0] Load default globalScript end

2025-12-13 11:10:12.874 INFO  [1] [VMGlobalScript.GlobalScript::Init@0]  ====================================================V4.3.0 GlobalScript Start Print Log====================================================

2025-12-13 11:10:18.338 INFO  [18] [VM.GlobalScript.Support.GlobalManager::objLoadDefaultScriptTime_Elapsed@0] Load default globalScript begin

2025-12-13 11:10:21.838 ERROR [18] [VM.GlobalScript.Support.UserGlobalScriptManger::setScriptToSolutionRefrence@0] setScriptToSolutionRefrence exception:System.Xml.XmlException: 缺少根元素。
   在 System.Xml.XmlTextReaderImpl.Throw(Exception e)
   在 System.Xml.XmlTextReaderImpl.ParseDocumentContent()
   在 System.Xml.XmlLoader.Load(XmlDocument doc, XmlReader reader, Boolean preserveWhitespace)
   在 System.Xml.XmlDocument.Load(XmlReader reader)
   在 System.Xml.XmlDocument.Load(String filename)
   在 VM.GlobalScript.Support.UserGlobalScriptManger.setScriptToSolutionRefrence(List`1 shellRefrences)

2025-12-13 11:10:21.841 INFO  [18] [VM.GlobalScript.Support.UserGlobalScriptManger::compileGlobalScript@0] Compile begin

2025-12-13 11:10:22.848 INFO  [18] [VM.GlobalScript.Support.UserGlobalScriptSupport::CompileCode@0] 2025-12-13 11:10:22:848 : Compile complete -- 0 Errors, 0 Warnings 


2025-12-13 11:10:22.991 INFO  [18] [VM.GlobalScript.Support.UserGlobalScriptManger::updateBackFile@0] Update BackFile end

2025-12-13 11:10:22.993 INFO  [18] [VM.GlobalScript.Support.UserGlobalScriptManger::compileGlobalScript@0] Compile end

2025-12-13 11:10:22.995 INFO  [18] [VM.GlobalScript.Support.GlobalManager::objLoadDefaultScriptTime_Elapsed@0] Load default globalScript end

2025-12-13 16:29:03.543 INFO  [1] [VMGlobalScript.GlobalScript::Init@0]  ====================================================V4.3.0 GlobalScript Start Print Log====================================================

2025-12-13 16:29:08.819 INFO  [14] [VM.GlobalScript.Support.GlobalManager::objLoadDefaultScriptTime_Elapsed@0] Load default globalScript begin

2025-12-13 16:29:11.545 ERROR [14] [VM.GlobalScript.Support.UserGlobalScriptManger::setScriptToSolutionRefrence@0] setScriptToSolutionRefrence exception:System.Xml.XmlException: 缺少根元素。
   在 System.Xml.XmlTextReaderImpl.Throw(Exception e)
   在 System.Xml.XmlTextReaderImpl.ParseDocumentContent()
   在 System.Xml.XmlLoader.Load(XmlDocument doc, XmlReader reader, Boolean preserveWhitespace)
   在 System.Xml.XmlDocument.Load(XmlReader reader)
   在 System.Xml.XmlDocument.Load(String filename)
   在 VM.GlobalScript.Support.UserGlobalScriptManger.setScriptToSolutionRefrence(List`1 shellRefrences)

2025-12-13 16:29:11.547 INFO  [14] [VM.GlobalScript.Support.UserGlobalScriptManger::compileGlobalScript@0] Compile begin

2025-12-13 16:29:12.574 INFO  [14] [VM.GlobalScript.Support.UserGlobalScriptSupport::CompileCode@0] 2025-12-13 16:29:12:573 : Compile complete -- 0 Errors, 0 Warnings 


2025-12-13 16:29:12.714 INFO  [14] [VM.GlobalScript.Support.UserGlobalScriptManger::updateBackFile@0] Update BackFile end

2025-12-13 16:29:12.716 INFO  [14] [VM.GlobalScript.Support.UserGlobalScriptManger::compileGlobalScript@0] Compile end

2025-12-13 16:29:12.718 INFO  [14] [VM.GlobalScript.Support.GlobalManager::objLoadDefaultScriptTime_Elapsed@0] Load default globalScript end

2025-12-22 14:13:00.647 INFO  [1] [VMGlobalScript.GlobalScript::Init@0]  ====================================================V4.3.0 GlobalScript Start Print Log====================================================

2025-12-22 14:13:05.793 INFO  [3] [VM.GlobalScript.Support.GlobalManager::objLoadDefaultScriptTime_Elapsed@0] Load default globalScript begin

2025-12-22 14:13:06.804 ERROR [3] [VM.GlobalScript.Support.UserGlobalScriptManger::setScriptToSolutionRefrence@0] setScriptToSolutionRefrence exception:System.Xml.XmlException: 缺少根元素。
   在 System.Xml.XmlTextReaderImpl.Throw(Exception e)
   在 System.Xml.XmlTextReaderImpl.ParseDocumentContent()
   在 System.Xml.XmlLoader.Load(XmlDocument doc, XmlReader reader, Boolean preserveWhitespace)
   在 System.Xml.XmlDocument.Load(XmlReader reader)
   在 System.Xml.XmlDocument.Load(String filename)
   在 VM.GlobalScript.Support.UserGlobalScriptManger.setScriptToSolutionRefrence(List`1 shellRefrences)

2025-12-22 14:13:06.806 INFO  [3] [VM.GlobalScript.Support.UserGlobalScriptManger::compileGlobalScript@0] Compile begin

2025-12-22 14:13:16.616 INFO  [3] [VM.GlobalScript.Support.UserGlobalScriptSupport::CompileCode@0] 2025-12-22 14:13:16:616 : Compile complete -- 0 Errors, 0 Warnings 


2025-12-22 14:13:16.744 INFO  [3] [VM.GlobalScript.Support.UserGlobalScriptManger::updateBackFile@0] Update BackFile end

2025-12-22 14:13:16.745 INFO  [3] [VM.GlobalScript.Support.UserGlobalScriptManger::compileGlobalScript@0] Compile end

2025-12-22 14:13:16.747 INFO  [3] [VM.GlobalScript.Support.GlobalManager::objLoadDefaultScriptTime_Elapsed@0] Load default globalScript end

2025-12-22 14:40:40.675 INFO  [1] [VMGlobalScript.GlobalScript::Init@0]  ====================================================V4.3.0 GlobalScript Start Print Log====================================================

2025-12-22 14:40:45.846 INFO  [14] [VM.GlobalScript.Support.GlobalManager::objLoadDefaultScriptTime_Elapsed@0] Load default globalScript begin

2025-12-22 14:40:46.848 ERROR [14] [VM.GlobalScript.Support.UserGlobalScriptManger::setScriptToSolutionRefrence@0] setScriptToSolutionRefrence exception:System.Xml.XmlException: 缺少根元素。
   在 System.Xml.XmlTextReaderImpl.Throw(Exception e)
   在 System.Xml.XmlTextReaderImpl.ParseDocumentContent()
   在 System.Xml.XmlLoader.Load(XmlDocument doc, XmlReader reader, Boolean preserveWhitespace)
   在 System.Xml.XmlDocument.Load(XmlReader reader)
   在 System.Xml.XmlDocument.Load(String filename)
   在 VM.GlobalScript.Support.UserGlobalScriptManger.setScriptToSolutionRefrence(List`1 shellRefrences)

2025-12-22 14:40:46.850 INFO  [14] [VM.GlobalScript.Support.UserGlobalScriptManger::compileGlobalScript@0] Compile begin

2025-12-22 14:40:53.939 INFO  [14] [VM.GlobalScript.Support.UserGlobalScriptSupport::CompileCode@0] 2025-12-22 14:40:53:939 : Compile complete -- 0 Errors, 0 Warnings 


2025-12-22 14:40:54.111 INFO  [14] [VM.GlobalScript.Support.UserGlobalScriptManger::updateBackFile@0] Update BackFile end

2025-12-22 14:40:54.113 INFO  [14] [VM.GlobalScript.Support.UserGlobalScriptManger::compileGlobalScript@0] Compile end

2025-12-22 14:40:54.115 INFO  [14] [VM.GlobalScript.Support.GlobalManager::objLoadDefaultScriptTime_Elapsed@0] Load default globalScript end

2025-12-23 10:16:13.037 INFO  [1] [VMGlobalScript.GlobalScript::Init@0]  ====================================================V4.3.0 GlobalScript Start Print Log====================================================

2025-12-23 10:16:18.508 INFO  [13] [VM.GlobalScript.Support.GlobalManager::objLoadDefaultScriptTime_Elapsed@0] Load default globalScript begin

2025-12-23 10:16:22.399 ERROR [13] [VM.GlobalScript.Support.UserGlobalScriptManger::setScriptToSolutionRefrence@0] setScriptToSolutionRefrence exception:System.Xml.XmlException: 缺少根元素。
   在 System.Xml.XmlTextReaderImpl.Throw(Exception e)
   在 System.Xml.XmlTextReaderImpl.ParseDocumentContent()
   在 System.Xml.XmlLoader.Load(XmlDocument doc, XmlReader reader, Boolean preserveWhitespace)
   在 System.Xml.XmlDocument.Load(XmlReader reader)
   在 System.Xml.XmlDocument.Load(String filename)
   在 VM.GlobalScript.Support.UserGlobalScriptManger.setScriptToSolutionRefrence(List`1 shellRefrences)

2025-12-23 10:16:22.402 INFO  [13] [VM.GlobalScript.Support.UserGlobalScriptManger::compileGlobalScript@0] Compile begin

2025-12-23 10:16:23.431 INFO  [13] [VM.GlobalScript.Support.UserGlobalScriptSupport::CompileCode@0] 2025-12-23 10:16:23:430 : Compile complete -- 0 Errors, 0 Warnings 


2025-12-23 10:16:23.567 INFO  [13] [VM.GlobalScript.Support.UserGlobalScriptManger::updateBackFile@0] Update BackFile end

2025-12-23 10:16:23.569 INFO  [13] [VM.GlobalScript.Support.UserGlobalScriptManger::compileGlobalScript@0] Compile end

2025-12-23 10:16:23.572 INFO  [13] [VM.GlobalScript.Support.GlobalManager::objLoadDefaultScriptTime_Elapsed@0] Load default globalScript end

