2025-09-20 15:28:00.038 INFO  [18636] [CAuthorization::Init@57] Init begin.

2025-09-20 15:28:00.038 INFO  [18636] [GetDllFilePath@262] path[D:\Program Files\VMV4.4.0_240813\VM4.3.0_240813_setup\VisionMaster4.3.0\Applications\Server]

2025-09-20 15:28:00.038 ERROR [18636] [CDongleV4::LoadCfgParam@363] Load auth name file fail, [D:\Program Files\VMV4.4.0_240813\VM4.3.0_240813_setup\VisionMaster4.3.0\Applications\Server\ServerAuthName.ini].

2025-09-20 15:28:00.041 ERROR [18636] [CDongleV4::GetLicenseWithState@412] MVIE_GetLicense return[-2]

2025-09-20 15:28:00.041 ERROR [18636] [CDongleV4::GetLicenseInfo@473] GetLicenseWithState fail.

2025-09-20 15:28:00.092 ERROR [18636] [CDongleV5::Login@70] MV_LoginLicense fail, dongle type[0](0:dongle, 2:soft lock, 3:remote dongle) ret[5], msg[There are no available local locks.]

2025-09-20 15:28:00.092 ERROR [18636] [CDongleV5::GetLicenseInfo@242] Login fail. nRet[e0000700]

2025-09-20 15:28:00.093 ERROR [18636] [CAuthorization::Init@110] Init MVIE_GetBurnParam failure.

2025-09-20 15:28:00.093 ERROR [18636] [CAuthorization::Init@115] Not found usable dongle

2025-09-20 15:28:00.093 INFO  [18636] [CAuthorization::StartCheckThread@208] StartCheckThread begin.

2025-09-20 15:28:00.093 INFO  [18636] [CAuthorization::StartCheckThread@234] StartCheckThread end.

2025-09-20 15:28:00.093 INFO  [18636] [CAuthorization::Init@119] Init end.

2025-09-20 15:28:00.107 INFO  [32588] [CAuthorization::DoAuthCheck@260] DoAuthCheck begin.

2025-09-20 15:28:00.108 ERROR [32588] [CDongleV4::GetLicenseWithState@412] MVIE_GetLicense return[-2]

2025-09-20 15:28:00.108 ERROR [32588] [CDongleV4::GetLicenseInfo@473] GetLicenseWithState fail.

2025-09-20 15:28:00.108 ERROR [32588] [CAuthorization::DoAuthCheck@273] Can not find v4 dongle

2025-09-20 15:28:00.112 ERROR [32588] [CDongleV5::Login@70] MV_LoginLicense fail, dongle type[0](0:dongle, 2:soft lock, 3:remote dongle) ret[5], msg[There are no available local locks.]

2025-09-20 15:28:00.112 ERROR [32588] [CDongleV5::GetLicenseInfo@242] Login fail. nRet[e0000700]

2025-09-20 15:28:00.113 ERROR [32588] [CAuthorization::DoAuthCheck@296] Can not find v5 dongle and smart camera

2025-09-20 15:28:03.050 INFO  [18636] [CAuthorization::StopCheckThead@245] StopCheckThead begin.

2025-09-20 15:28:03.050 INFO  [32588] [CAuthorization::DoAuthCheck@358] DoAuthCheck end.

2025-09-20 15:28:03.050 INFO  [18636] [CAuthorization::StopCheckThead@250] StopCheckThead end.

2025-09-20 15:28:03.050 INFO  [18636] [CAuthorization::Uninit@134] Uninit end

2025-09-20 15:28:00.108 INFO  [18636] [InitPluginInstance@33] InitPluginInstance - Begin

2025-09-20 15:28:00.108 INFO  [18636] [CMonitorResourceUsage::Init@47] Init begin.

2025-09-20 15:28:00.108 INFO  [18636] [GetDllFilePath@262] path[D:\Program Files\VMV4.4.0_240813\VM4.3.0_240813_setup\VisionMaster4.3.0\Applications\Server]

2025-09-20 15:28:00.108 INFO  [18636] [CMonitorResourceUsage::LoadCfgParam@449] Now resource monitor interval[5]

2025-09-20 15:28:00.108 INFO  [18636] [CMonitorResourceUsage::StartMonitorThread@90] StartMonitorThread begin.

2025-09-20 15:28:00.109 INFO  [18636] [CMonitorResourceUsage::StartMonitorThread@121] StartCheckThread end.

2025-09-20 15:28:00.109 INFO  [18636] [InitPluginInstance@39] InitPluginInstance - End

2025-09-20 15:28:00.109 INFO  [31892] [CMonitorResourceUsage::DoMonitorRes@176] DoMonitorResource begin.

2025-09-20 15:28:00.109 INFO  [31892] [CMonitorResourceUsage::SystemVersionMoreThanWin10@155] MajorVersion[6] MinorVersion[2], 6.2 is win10

2025-09-20 15:28:00.109 INFO  [31892] [CMonitorResourceUsage::DoMonitorRes@200] Do not check process resource

2025-09-20 15:28:03.051 INFO  [18636] [UnitPluginInstance@51] UnitPluginInstance - Begin

2025-09-20 15:28:03.051 INFO  [18636] [CMonitorResourceUsage::StopMonitorThead@132] StopMonitorThead begin.

2025-09-20 15:28:03.082 INFO  [31892] [CMonitorResourceUsage::DoMonitorRes@229] DoMonitorResource end, m_bExitMonitorThread is true

2025-09-20 15:28:03.082 INFO  [18636] [CMonitorResourceUsage::StopMonitorThead@145] StopMonitorThead end.

2025-09-20 15:28:03.082 INFO  [18636] [UnitPluginInstance@55] UnitPluginInstance - End

2025-09-22 13:51:11.651 INFO  [11624] [CAuthorization::Init@57] Init begin.

2025-09-22 13:51:11.651 INFO  [11624] [GetDllFilePath@262] path[D:\Program Files\VMV4.4.0_240813\VM4.3.0_240813_setup\VisionMaster4.3.0\Applications\Server]

2025-09-22 13:51:11.651 ERROR [11624] [CDongleV4::LoadCfgParam@363] Load auth name file fail, [D:\Program Files\VMV4.4.0_240813\VM4.3.0_240813_setup\VisionMaster4.3.0\Applications\Server\ServerAuthName.ini].

2025-09-22 13:51:11.655 ERROR [11624] [CDongleV4::GetLicenseWithState@412] MVIE_GetLicense return[-2]

2025-09-22 13:51:11.655 ERROR [11624] [CDongleV4::GetLicenseInfo@473] GetLicenseWithState fail.

2025-09-22 13:51:11.718 ERROR [11624] [CDongleV5::Login@70] MV_LoginLicense fail, dongle type[0](0:dongle, 2:soft lock, 3:remote dongle) ret[5], msg[There are no available local locks.]

2025-09-22 13:51:11.718 ERROR [11624] [CDongleV5::GetLicenseInfo@242] Login fail. nRet[e0000700]

2025-09-22 13:51:11.720 ERROR [11624] [CAuthorization::Init@110] Init MVIE_GetBurnParam failure.

2025-09-22 13:51:11.720 ERROR [11624] [CAuthorization::Init@115] Not found usable dongle

2025-09-22 13:51:11.720 INFO  [11624] [CAuthorization::StartCheckThread@208] StartCheckThread begin.

2025-09-22 13:51:11.720 INFO  [11624] [CAuthorization::StartCheckThread@234] StartCheckThread end.

2025-09-22 13:51:11.720 INFO  [11624] [CAuthorization::Init@119] Init end.

2025-09-22 13:51:11.725 INFO  [28748] [CAuthorization::DoAuthCheck@260] DoAuthCheck begin.

2025-09-22 13:51:11.726 ERROR [28748] [CDongleV4::GetLicenseWithState@412] MVIE_GetLicense return[-2]

2025-09-22 13:51:11.726 ERROR [28748] [CDongleV4::GetLicenseInfo@473] GetLicenseWithState fail.

2025-09-22 13:51:11.726 ERROR [28748] [CAuthorization::DoAuthCheck@273] Can not find v4 dongle

2025-09-22 13:51:11.730 ERROR [28748] [CDongleV5::Login@70] MV_LoginLicense fail, dongle type[0](0:dongle, 2:soft lock, 3:remote dongle) ret[5], msg[There are no available local locks.]

2025-09-22 13:51:11.730 ERROR [28748] [CDongleV5::GetLicenseInfo@242] Login fail. nRet[e0000700]

2025-09-22 13:51:11.732 ERROR [28748] [CAuthorization::DoAuthCheck@296] Can not find v5 dongle and smart camera

2025-09-22 13:51:14.768 ERROR [28748] [CDongleV4::GetLicenseWithState@412] MVIE_GetLicense return[-2]

2025-09-22 13:51:14.768 ERROR [28748] [CDongleV4::GetLicenseInfo@473] GetLicenseWithState fail.

2025-09-22 13:51:14.768 ERROR [28748] [CAuthorization::DoAuthCheck@273] Can not find v4 dongle

2025-09-22 13:51:14.771 ERROR [28748] [CDongleV5::Login@70] MV_LoginLicense fail, dongle type[0](0:dongle, 2:soft lock, 3:remote dongle) ret[5], msg[There are no available local locks.]

2025-09-22 13:51:14.771 ERROR [28748] [CDongleV5::GetLicenseInfo@242] Login fail. nRet[e0000700]

2025-09-22 13:51:14.772 ERROR [28748] [CAuthorization::DoAuthCheck@296] Can not find v5 dongle and smart camera

2025-09-22 13:51:17.795 ERROR [28748] [CDongleV4::GetLicenseWithState@412] MVIE_GetLicense return[-2]

2025-09-22 13:51:17.795 ERROR [28748] [CDongleV4::GetLicenseInfo@473] GetLicenseWithState fail.

2025-09-22 13:51:17.795 ERROR [28748] [CAuthorization::DoAuthCheck@273] Can not find v4 dongle

2025-09-22 13:51:17.799 ERROR [28748] [CDongleV5::Login@70] MV_LoginLicense fail, dongle type[0](0:dongle, 2:soft lock, 3:remote dongle) ret[5], msg[There are no available local locks.]

2025-09-22 13:51:17.799 ERROR [28748] [CDongleV5::GetLicenseInfo@242] Login fail. nRet[e0000700]

2025-09-22 13:51:17.800 ERROR [28748] [CAuthorization::DoAuthCheck@296] Can not find v5 dongle and smart camera

2025-09-22 13:51:19.473 INFO  [11624] [CAuthorization::StopCheckThead@245] StopCheckThead begin.

2025-09-22 13:51:19.473 INFO  [28748] [CAuthorization::DoAuthCheck@358] DoAuthCheck end.

2025-09-22 13:51:19.474 INFO  [11624] [CAuthorization::StopCheckThead@250] StopCheckThead end.

2025-09-22 13:51:19.474 INFO  [11624] [CAuthorization::Uninit@134] Uninit end

2025-09-22 13:51:11.726 INFO  [11624] [InitPluginInstance@33] InitPluginInstance - Begin

2025-09-22 13:51:11.726 INFO  [11624] [CMonitorResourceUsage::Init@47] Init begin.

2025-09-22 13:51:11.726 INFO  [11624] [GetDllFilePath@262] path[D:\Program Files\VMV4.4.0_240813\VM4.3.0_240813_setup\VisionMaster4.3.0\Applications\Server]

2025-09-22 13:51:11.727 INFO  [11624] [CMonitorResourceUsage::LoadCfgParam@449] Now resource monitor interval[5]

2025-09-22 13:51:11.727 INFO  [11624] [CMonitorResourceUsage::StartMonitorThread@90] StartMonitorThread begin.

2025-09-22 13:51:11.727 INFO  [11624] [CMonitorResourceUsage::StartMonitorThread@121] StartCheckThread end.

2025-09-22 13:51:11.727 INFO  [11624] [InitPluginInstance@39] InitPluginInstance - End

2025-09-22 13:51:11.730 INFO  [30472] [CMonitorResourceUsage::DoMonitorRes@176] DoMonitorResource begin.

2025-09-22 13:51:11.730 INFO  [30472] [CMonitorResourceUsage::SystemVersionMoreThanWin10@155] MajorVersion[6] MinorVersion[2], 6.2 is win10

2025-09-22 13:51:11.730 INFO  [30472] [CMonitorResourceUsage::DoMonitorRes@200] Do not check process resource

2025-09-22 13:51:19.475 INFO  [11624] [UnitPluginInstance@51] UnitPluginInstance - Begin

2025-09-22 13:51:19.475 INFO  [11624] [CMonitorResourceUsage::StopMonitorThead@132] StopMonitorThead begin.

2025-09-22 13:51:19.493 INFO  [30472] [CMonitorResourceUsage::DoMonitorRes@229] DoMonitorResource end, m_bExitMonitorThread is true

2025-09-22 13:51:19.494 INFO  [11624] [CMonitorResourceUsage::StopMonitorThead@145] StopMonitorThead end.

2025-09-22 13:51:19.494 INFO  [11624] [UnitPluginInstance@55] UnitPluginInstance - End

2025-09-22 15:46:41.026 INFO  [25852] [CAuthorization::Init@57] Init begin.

2025-09-22 15:46:41.026 INFO  [25852] [GetDllFilePath@262] path[D:\Program Files\VMV4.4.0_240813\VM4.3.0_240813_setup\VisionMaster4.3.0\Applications\Server]

2025-09-22 15:46:41.026 ERROR [25852] [CDongleV4::LoadCfgParam@363] Load auth name file fail, [D:\Program Files\VMV4.4.0_240813\VM4.3.0_240813_setup\VisionMaster4.3.0\Applications\Server\ServerAuthName.ini].

2025-09-22 15:46:41.031 ERROR [25852] [CDongleV4::GetLicenseWithState@412] MVIE_GetLicense return[-2]

2025-09-22 15:46:41.031 ERROR [25852] [CDongleV4::GetLicenseInfo@473] GetLicenseWithState fail.

2025-09-22 15:46:41.073 ERROR [25852] [CDongleV5::Login@70] MV_LoginLicense fail, dongle type[0](0:dongle, 2:soft lock, 3:remote dongle) ret[5], msg[There are no available local locks.]

2025-09-22 15:46:41.073 ERROR [25852] [CDongleV5::GetLicenseInfo@242] Login fail. nRet[e0000700]

2025-09-22 15:46:41.074 ERROR [25852] [CAuthorization::Init@110] Init MVIE_GetBurnParam failure.

2025-09-22 15:46:41.074 ERROR [25852] [CAuthorization::Init@115] Not found usable dongle

2025-09-22 15:46:41.074 INFO  [25852] [CAuthorization::StartCheckThread@208] StartCheckThread begin.

2025-09-22 15:46:41.074 INFO  [25852] [CAuthorization::StartCheckThread@234] StartCheckThread end.

2025-09-22 15:46:41.074 INFO  [25852] [CAuthorization::Init@119] Init end.

2025-09-22 15:46:41.074 INFO  [13520] [CAuthorization::DoAuthCheck@260] DoAuthCheck begin.

2025-09-22 15:46:41.075 ERROR [13520] [CDongleV4::GetLicenseWithState@412] MVIE_GetLicense return[-2]

2025-09-22 15:46:41.075 ERROR [13520] [CDongleV4::GetLicenseInfo@473] GetLicenseWithState fail.

2025-09-22 15:46:41.075 ERROR [13520] [CAuthorization::DoAuthCheck@273] Can not find v4 dongle

2025-09-22 15:46:41.080 ERROR [13520] [CDongleV5::Login@70] MV_LoginLicense fail, dongle type[0](0:dongle, 2:soft lock, 3:remote dongle) ret[5], msg[There are no available local locks.]

2025-09-22 15:46:41.080 ERROR [13520] [CDongleV5::GetLicenseInfo@242] Login fail. nRet[e0000700]

2025-09-22 15:46:41.081 ERROR [13520] [CAuthorization::DoAuthCheck@296] Can not find v5 dongle and smart camera

2025-09-22 15:46:44.133 ERROR [13520] [CDongleV4::GetLicenseWithState@412] MVIE_GetLicense return[-2]

2025-09-22 15:46:44.133 ERROR [13520] [CDongleV4::GetLicenseInfo@473] GetLicenseWithState fail.

2025-09-22 15:46:44.133 ERROR [13520] [CAuthorization::DoAuthCheck@273] Can not find v4 dongle

2025-09-22 15:46:44.137 ERROR [13520] [CDongleV5::Login@70] MV_LoginLicense fail, dongle type[0](0:dongle, 2:soft lock, 3:remote dongle) ret[5], msg[There are no available local locks.]

2025-09-22 15:46:44.137 ERROR [13520] [CDongleV5::GetLicenseInfo@242] Login fail. nRet[e0000700]

2025-09-22 15:46:44.137 ERROR [13520] [CAuthorization::DoAuthCheck@296] Can not find v5 dongle and smart camera

2025-09-22 15:46:47.156 ERROR [13520] [CDongleV4::GetLicenseWithState@412] MVIE_GetLicense return[-2]

2025-09-22 15:46:47.156 ERROR [13520] [CDongleV4::GetLicenseInfo@473] GetLicenseWithState fail.

2025-09-22 15:46:47.156 ERROR [13520] [CAuthorization::DoAuthCheck@273] Can not find v4 dongle

2025-09-22 15:46:47.165 ERROR [13520] [CDongleV5::Login@70] MV_LoginLicense fail, dongle type[0](0:dongle, 2:soft lock, 3:remote dongle) ret[5], msg[There are no available local locks.]

2025-09-22 15:46:47.165 ERROR [13520] [CDongleV5::GetLicenseInfo@242] Login fail. nRet[e0000700]

2025-09-22 15:46:47.168 ERROR [13520] [CAuthorization::DoAuthCheck@296] Can not find v5 dongle and smart camera

2025-09-22 15:46:49.637 INFO  [25852] [CAuthorization::StopCheckThead@245] StopCheckThead begin.

2025-09-22 15:46:49.637 INFO  [13520] [CAuthorization::DoAuthCheck@358] DoAuthCheck end.

2025-09-22 15:46:49.638 INFO  [25852] [CAuthorization::StopCheckThead@250] StopCheckThead end.

2025-09-22 15:46:49.638 INFO  [25852] [CAuthorization::Uninit@134] Uninit end

2025-09-22 15:46:41.077 INFO  [25852] [InitPluginInstance@33] InitPluginInstance - Begin

2025-09-22 15:46:41.077 INFO  [25852] [CMonitorResourceUsage::Init@47] Init begin.

2025-09-22 15:46:41.077 INFO  [25852] [GetDllFilePath@262] path[D:\Program Files\VMV4.4.0_240813\VM4.3.0_240813_setup\VisionMaster4.3.0\Applications\Server]

2025-09-22 15:46:41.077 INFO  [25852] [CMonitorResourceUsage::LoadCfgParam@449] Now resource monitor interval[5]

2025-09-22 15:46:41.077 INFO  [25852] [CMonitorResourceUsage::StartMonitorThread@90] StartMonitorThread begin.

2025-09-22 15:46:41.078 INFO  [25852] [CMonitorResourceUsage::StartMonitorThread@121] StartCheckThread end.

2025-09-22 15:46:41.078 INFO  [25852] [InitPluginInstance@39] InitPluginInstance - End

2025-09-22 15:46:41.078 INFO  [1816] [CMonitorResourceUsage::DoMonitorRes@176] DoMonitorResource begin.

2025-09-22 15:46:41.078 INFO  [1816] [CMonitorResourceUsage::SystemVersionMoreThanWin10@155] MajorVersion[6] MinorVersion[2], 6.2 is win10

2025-09-22 15:46:41.078 INFO  [1816] [CMonitorResourceUsage::DoMonitorRes@200] Do not check process resource

2025-09-22 15:46:49.639 INFO  [25852] [UnitPluginInstance@51] UnitPluginInstance - Begin

2025-09-22 15:46:49.639 INFO  [25852] [CMonitorResourceUsage::StopMonitorThead@132] StopMonitorThead begin.

2025-09-22 15:46:49.693 INFO  [1816] [CMonitorResourceUsage::DoMonitorRes@229] DoMonitorResource end, m_bExitMonitorThread is true

2025-09-22 15:46:49.694 INFO  [25852] [CMonitorResourceUsage::StopMonitorThead@145] StopMonitorThead end.

2025-09-22 15:46:49.694 INFO  [25852] [UnitPluginInstance@55] UnitPluginInstance - End

2025-09-22 17:48:56.935 INFO  [6684] [CAuthorization::Init@59] [Init] Begin.

2025-09-22 17:48:56.965 ERROR [6684] [CDongleV5::Login@72] MV_LoginLicense fail, dongle type[0](0:dongle, 2:soft lock, 3:remote dongle) ret[5], msg[There are no available local locks.]

2025-09-22 17:48:56.967 ERROR [6684] [CDongleV5::GetLicenseInfo@318] Login fail. nRet[e0000700]

2025-09-22 17:48:56.967 ERROR [6684] [CAuthorization::GetV5LicenseInfo@388] GetLicenseInfo fail, ret[e0000700]

2025-09-22 17:48:56.967 ERROR [6684] [CAuthorization::Init@88] [Init] Not found usable dongle

2025-09-22 17:48:56.968 INFO  [6684] [CAuthorization::StartCheckThread@224] StartCheckThread begin.

2025-09-22 17:48:56.968 INFO  [6684] [CAuthorization::StartCheckThread@250] StartCheckThread end.

2025-09-22 17:48:56.968 INFO  [6684] [CAuthorization::Init@92] [Init] End.

2025-09-22 17:48:56.968 INFO  [6684] [InitPluginInstance@27] [Init] [End]

2025-09-22 17:48:57.027 INFO  [4832] [CAuthorization::DoAuthCheck@276] DoAuthCheck begin.

2025-09-22 17:48:57.034 ERROR [4832] [CDongleV5::Login@72] MV_LoginLicense fail, dongle type[0](0:dongle, 2:soft lock, 3:remote dongle) ret[5], msg[There are no available local locks.]

2025-09-22 17:48:57.037 ERROR [4832] [CDongleV5::GetLicenseInfo@318] Login fail. nRet[e0000700]

2025-09-22 17:48:57.037 ERROR [4832] [CAuthorization::GetV5LicenseInfo@388] GetLicenseInfo fail, ret[e0000700]

2025-09-22 17:48:57.037 ERROR [4832] [CAuthorization::DoAuthCheck@292] Can not find v5 dongle

2025-09-22 17:48:57.766 INFO  [6684] [CAuthorization::StopCheckThead@261] StopCheckThead begin.

2025-09-22 17:48:57.766 INFO  [4832] [CAuthorization::DoAuthCheck@330] [Deinit] DoAuthCheck end.

2025-09-22 17:48:57.766 INFO  [6684] [CAuthorization::StopCheckThead@266] StopCheckThead end.

2025-09-22 17:48:57.766 INFO  [6684] [CAuthorization::Uninit@107] [Deinit] End

2025-09-22 17:48:57.029 INFO  [6684] [InitPluginInstance@33] InitPluginInstance - Begin

2025-09-22 17:48:57.029 INFO  [6684] [CMonitorResourceUsage::Init@47] Init begin.

2025-09-22 17:48:57.029 INFO  [6684] [GetDllFilePath@262] path[D:\HIK\VisionMaster4.4.0\Applications\Server]

2025-09-22 17:48:57.029 INFO  [6684] [CMonitorResourceUsage::LoadCfgParam@449] Now resource monitor interval[5]

2025-09-22 17:48:57.029 INFO  [6684] [CMonitorResourceUsage::StartMonitorThread@90] StartMonitorThread begin.

2025-09-22 17:48:57.029 INFO  [6684] [CMonitorResourceUsage::StartMonitorThread@121] StartCheckThread end.

2025-09-22 17:48:57.029 INFO  [6684] [InitPluginInstance@39] InitPluginInstance - End

2025-09-22 17:48:57.042 INFO  [18128] [CMonitorResourceUsage::DoMonitorRes@176] DoMonitorResource begin.

2025-09-22 17:48:57.042 INFO  [18128] [CMonitorResourceUsage::SystemVersionMoreThanWin10@155] MajorVersion[6] MinorVersion[2], 6.2 is win10

2025-09-22 17:48:57.042 INFO  [18128] [CMonitorResourceUsage::DoMonitorRes@200] Do not check process resource

2025-09-22 17:48:57.768 INFO  [6684] [UnitPluginInstance@51] UnitPluginInstance - Begin

2025-09-22 17:48:57.768 INFO  [6684] [CMonitorResourceUsage::StopMonitorThead@132] StopMonitorThead begin.

2025-09-22 17:48:57.794 INFO  [18128] [CMonitorResourceUsage::DoMonitorRes@229] DoMonitorResource end, m_bExitMonitorThread is true

2025-09-22 17:48:57.794 INFO  [6684] [CMonitorResourceUsage::StopMonitorThead@145] StopMonitorThead end.

2025-09-22 17:48:57.794 INFO  [6684] [UnitPluginInstance@55] UnitPluginInstance - End

2025-09-23 09:25:28.486 INFO  [19296] [CAuthorization::Init@59] [Init] Begin.

2025-09-23 09:25:28.517 ERROR [19296] [CDongleV5::Login@72] MV_LoginLicense fail, dongle type[0](0:dongle, 2:soft lock, 3:remote dongle) ret[5], msg[There are no available local locks.]

2025-09-23 09:25:28.517 ERROR [19296] [CDongleV5::GetLicenseInfo@318] Login fail. nRet[e0000700]

2025-09-23 09:25:28.517 ERROR [19296] [CAuthorization::GetV5LicenseInfo@388] GetLicenseInfo fail, ret[e0000700]

2025-09-23 09:25:28.517 ERROR [19296] [CAuthorization::Init@88] [Init] Not found usable dongle

2025-09-23 09:25:28.517 INFO  [19296] [CAuthorization::StartCheckThread@224] StartCheckThread begin.

2025-09-23 09:25:28.517 INFO  [19296] [CAuthorization::StartCheckThread@250] StartCheckThread end.

2025-09-23 09:25:28.517 INFO  [19296] [CAuthorization::Init@92] [Init] End.

2025-09-23 09:25:28.533 INFO  [19296] [InitPluginInstance@27] [Init] [End]

2025-09-23 09:25:28.533 INFO  [20468] [CAuthorization::DoAuthCheck@276] DoAuthCheck begin.

2025-09-23 09:25:28.533 ERROR [20468] [CDongleV5::Login@72] MV_LoginLicense fail, dongle type[0](0:dongle, 2:soft lock, 3:remote dongle) ret[5], msg[There are no available local locks.]

2025-09-23 09:25:28.533 ERROR [20468] [CDongleV5::GetLicenseInfo@318] Login fail. nRet[e0000700]

2025-09-23 09:25:28.533 ERROR [20468] [CAuthorization::GetV5LicenseInfo@388] GetLicenseInfo fail, ret[e0000700]

2025-09-23 09:25:28.533 ERROR [20468] [CAuthorization::DoAuthCheck@292] Can not find v5 dongle

2025-09-23 09:25:28.877 INFO  [19296] [CAuthorization::StopCheckThead@261] StopCheckThead begin.

2025-09-23 09:25:28.877 INFO  [20468] [CAuthorization::DoAuthCheck@330] [Deinit] DoAuthCheck end.

2025-09-23 09:25:28.877 INFO  [19296] [CAuthorization::StopCheckThead@266] StopCheckThead end.

2025-09-23 09:25:28.877 INFO  [19296] [CAuthorization::Uninit@107] [Deinit] End

2025-09-23 09:25:28.533 INFO  [19296] [InitPluginInstance@33] InitPluginInstance - Begin

2025-09-23 09:25:28.533 INFO  [19296] [CMonitorResourceUsage::Init@47] Init begin.

2025-09-23 09:25:28.533 INFO  [19296] [GetDllFilePath@262] path[D:\HIK\VisionMaster4.4.0\Applications\Server]

2025-09-23 09:25:28.533 INFO  [19296] [CMonitorResourceUsage::LoadCfgParam@449] Now resource monitor interval[5]

2025-09-23 09:25:28.533 INFO  [19296] [CMonitorResourceUsage::StartMonitorThread@90] StartMonitorThread begin.

2025-09-23 09:25:28.533 INFO  [19296] [CMonitorResourceUsage::StartMonitorThread@121] StartCheckThread end.

2025-09-23 09:25:28.533 INFO  [19296] [InitPluginInstance@39] InitPluginInstance - End

2025-09-23 09:25:28.549 INFO  [8480] [CMonitorResourceUsage::DoMonitorRes@176] DoMonitorResource begin.

2025-09-23 09:25:28.549 INFO  [8480] [CMonitorResourceUsage::SystemVersionMoreThanWin10@155] MajorVersion[6] MinorVersion[2], 6.2 is win10

2025-09-23 09:25:28.549 INFO  [8480] [CMonitorResourceUsage::DoMonitorRes@200] Do not check process resource

2025-09-23 09:25:28.877 INFO  [19296] [UnitPluginInstance@51] UnitPluginInstance - Begin

2025-09-23 09:25:28.877 INFO  [19296] [CMonitorResourceUsage::StopMonitorThead@132] StopMonitorThead begin.

2025-09-23 09:25:28.892 INFO  [8480] [CMonitorResourceUsage::DoMonitorRes@229] DoMonitorResource end, m_bExitMonitorThread is true

2025-09-23 09:25:28.892 INFO  [19296] [CMonitorResourceUsage::StopMonitorThead@145] StopMonitorThead end.

2025-09-23 09:25:28.892 INFO  [19296] [UnitPluginInstance@55] UnitPluginInstance - End

2025-09-23 09:26:21.260 INFO  [16312] [CAuthorization::Init@59] [Init] Begin.

2025-09-23 09:26:21.291 ERROR [16312] [CDongleV5::Login@72] MV_LoginLicense fail, dongle type[0](0:dongle, 2:soft lock, 3:remote dongle) ret[5], msg[There are no available local locks.]

2025-09-23 09:26:21.291 ERROR [16312] [CDongleV5::GetLicenseInfo@318] Login fail. nRet[e0000700]

2025-09-23 09:26:21.291 ERROR [16312] [CAuthorization::GetV5LicenseInfo@388] GetLicenseInfo fail, ret[e0000700]

2025-09-23 09:26:21.291 ERROR [16312] [CAuthorization::Init@88] [Init] Not found usable dongle

2025-09-23 09:26:21.291 INFO  [16312] [CAuthorization::StartCheckThread@224] StartCheckThread begin.

2025-09-23 09:26:21.291 INFO  [16312] [CAuthorization::StartCheckThread@250] StartCheckThread end.

2025-09-23 09:26:21.291 INFO  [16312] [CAuthorization::Init@92] [Init] End.

2025-09-23 09:26:21.291 INFO  [16312] [InitPluginInstance@27] [Init] [End]

2025-09-23 09:26:21.291 INFO  [20360] [CAuthorization::DoAuthCheck@276] DoAuthCheck begin.

2025-09-23 09:26:21.307 ERROR [20360] [CDongleV5::Login@72] MV_LoginLicense fail, dongle type[0](0:dongle, 2:soft lock, 3:remote dongle) ret[5], msg[There are no available local locks.]

2025-09-23 09:26:21.307 ERROR [20360] [CDongleV5::GetLicenseInfo@318] Login fail. nRet[e0000700]

2025-09-23 09:26:21.307 ERROR [20360] [CAuthorization::GetV5LicenseInfo@388] GetLicenseInfo fail, ret[e0000700]

2025-09-23 09:26:21.307 ERROR [20360] [CAuthorization::DoAuthCheck@292] Can not find v5 dongle

2025-09-23 09:26:21.619 INFO  [16312] [CAuthorization::StopCheckThead@261] StopCheckThead begin.

2025-09-23 09:26:21.635 INFO  [20360] [CAuthorization::DoAuthCheck@330] [Deinit] DoAuthCheck end.

2025-09-23 09:26:21.635 INFO  [16312] [CAuthorization::StopCheckThead@266] StopCheckThead end.

2025-09-23 09:26:21.635 INFO  [16312] [CAuthorization::Uninit@107] [Deinit] End

2025-09-23 09:26:21.307 INFO  [16312] [InitPluginInstance@33] InitPluginInstance - Begin

2025-09-23 09:26:21.307 INFO  [16312] [CMonitorResourceUsage::Init@47] Init begin.

2025-09-23 09:26:21.307 INFO  [16312] [GetDllFilePath@262] path[D:\HIK\VisionMaster4.4.0\Applications\Server]

2025-09-23 09:26:21.307 INFO  [16312] [CMonitorResourceUsage::LoadCfgParam@449] Now resource monitor interval[5]

2025-09-23 09:26:21.307 INFO  [16312] [CMonitorResourceUsage::StartMonitorThread@90] StartMonitorThread begin.

2025-09-23 09:26:21.307 INFO  [16312] [CMonitorResourceUsage::StartMonitorThread@121] StartCheckThread end.

2025-09-23 09:26:21.307 INFO  [16312] [InitPluginInstance@39] InitPluginInstance - End

2025-09-23 09:26:21.307 INFO  [23360] [CMonitorResourceUsage::DoMonitorRes@176] DoMonitorResource begin.

2025-09-23 09:26:21.307 INFO  [23360] [CMonitorResourceUsage::SystemVersionMoreThanWin10@155] MajorVersion[6] MinorVersion[2], 6.2 is win10

2025-09-23 09:26:21.307 INFO  [23360] [CMonitorResourceUsage::DoMonitorRes@200] Do not check process resource

2025-09-23 09:26:21.635 INFO  [16312] [UnitPluginInstance@51] UnitPluginInstance - Begin

2025-09-23 09:26:21.635 INFO  [16312] [CMonitorResourceUsage::StopMonitorThead@132] StopMonitorThead begin.

2025-09-23 09:26:21.698 INFO  [23360] [CMonitorResourceUsage::DoMonitorRes@229] DoMonitorResource end, m_bExitMonitorThread is true

2025-09-23 09:26:21.698 INFO  [16312] [CMonitorResourceUsage::StopMonitorThead@145] StopMonitorThead end.

2025-09-23 09:26:21.698 INFO  [16312] [UnitPluginInstance@55] UnitPluginInstance - End

2025-09-23 09:26:57.173 INFO  [20252] [CAuthorization::Init@59] [Init] Begin.

2025-09-23 09:26:57.205 ERROR [20252] [CDongleV5::Login@72] MV_LoginLicense fail, dongle type[0](0:dongle, 2:soft lock, 3:remote dongle) ret[5], msg[There are no available local locks.]

2025-09-23 09:26:57.205 ERROR [20252] [CDongleV5::GetLicenseInfo@318] Login fail. nRet[e0000700]

2025-09-23 09:26:57.205 ERROR [20252] [CAuthorization::GetV5LicenseInfo@388] GetLicenseInfo fail, ret[e0000700]

2025-09-23 09:26:57.205 ERROR [20252] [CAuthorization::Init@88] [Init] Not found usable dongle

2025-09-23 09:26:57.205 INFO  [20252] [CAuthorization::StartCheckThread@224] StartCheckThread begin.

2025-09-23 09:26:57.205 INFO  [20252] [CAuthorization::StartCheckThread@250] StartCheckThread end.

2025-09-23 09:26:57.205 INFO  [20252] [CAuthorization::Init@92] [Init] End.

2025-09-23 09:26:57.205 INFO  [20252] [InitPluginInstance@27] [Init] [End]

2025-09-23 09:26:57.220 INFO  [22508] [CAuthorization::DoAuthCheck@276] DoAuthCheck begin.

2025-09-23 09:26:57.220 ERROR [22508] [CDongleV5::Login@72] MV_LoginLicense fail, dongle type[0](0:dongle, 2:soft lock, 3:remote dongle) ret[5], msg[There are no available local locks.]

2025-09-23 09:26:57.220 ERROR [22508] [CDongleV5::GetLicenseInfo@318] Login fail. nRet[e0000700]

2025-09-23 09:26:57.220 ERROR [22508] [CAuthorization::GetV5LicenseInfo@388] GetLicenseInfo fail, ret[e0000700]

2025-09-23 09:26:57.220 ERROR [22508] [CAuthorization::DoAuthCheck@292] Can not find v5 dongle

2025-09-23 09:26:57.548 INFO  [20252] [CAuthorization::StopCheckThead@261] StopCheckThead begin.

2025-09-23 09:26:57.548 INFO  [22508] [CAuthorization::DoAuthCheck@330] [Deinit] DoAuthCheck end.

2025-09-23 09:26:57.548 INFO  [20252] [CAuthorization::StopCheckThead@266] StopCheckThead end.

2025-09-23 09:26:57.548 INFO  [20252] [CAuthorization::Uninit@107] [Deinit] End

2025-09-23 09:26:57.220 INFO  [20252] [InitPluginInstance@33] InitPluginInstance - Begin

2025-09-23 09:26:57.220 INFO  [20252] [CMonitorResourceUsage::Init@47] Init begin.

2025-09-23 09:26:57.220 INFO  [20252] [GetDllFilePath@262] path[D:\HIK\VisionMaster4.4.0\Applications\Server]

2025-09-23 09:26:57.220 INFO  [20252] [CMonitorResourceUsage::LoadCfgParam@449] Now resource monitor interval[5]

2025-09-23 09:26:57.220 INFO  [20252] [CMonitorResourceUsage::StartMonitorThread@90] StartMonitorThread begin.

2025-09-23 09:26:57.220 INFO  [20252] [CMonitorResourceUsage::StartMonitorThread@121] StartCheckThread end.

2025-09-23 09:26:57.220 INFO  [20252] [InitPluginInstance@39] InitPluginInstance - End

2025-09-23 09:26:57.220 INFO  [22080] [CMonitorResourceUsage::DoMonitorRes@176] DoMonitorResource begin.

2025-09-23 09:26:57.236 INFO  [22080] [CMonitorResourceUsage::SystemVersionMoreThanWin10@155] MajorVersion[6] MinorVersion[2], 6.2 is win10

2025-09-23 09:26:57.236 INFO  [22080] [CMonitorResourceUsage::DoMonitorRes@200] Do not check process resource

2025-09-23 09:26:57.548 INFO  [20252] [UnitPluginInstance@51] UnitPluginInstance - Begin

2025-09-23 09:26:57.548 INFO  [20252] [CMonitorResourceUsage::StopMonitorThead@132] StopMonitorThead begin.

2025-09-23 09:26:57.564 INFO  [22080] [CMonitorResourceUsage::DoMonitorRes@229] DoMonitorResource end, m_bExitMonitorThread is true

2025-09-23 09:26:57.564 INFO  [20252] [CMonitorResourceUsage::StopMonitorThead@145] StopMonitorThead end.

2025-09-23 09:26:57.564 INFO  [20252] [UnitPluginInstance@55] UnitPluginInstance - End

2025-09-23 09:30:55.328 INFO  [17088] [CAuthorization::Init@59] [Init] Begin.

2025-09-23 09:30:55.359 ERROR [17088] [CDongleV5::Login@72] MV_LoginLicense fail, dongle type[0](0:dongle, 2:soft lock, 3:remote dongle) ret[5], msg[There are no available local locks.]

2025-09-23 09:30:55.359 ERROR [17088] [CDongleV5::GetLicenseInfo@318] Login fail. nRet[e0000700]

2025-09-23 09:30:55.359 ERROR [17088] [CAuthorization::GetV5LicenseInfo@388] GetLicenseInfo fail, ret[e0000700]

2025-09-23 09:30:55.359 ERROR [17088] [CAuthorization::Init@88] [Init] Not found usable dongle

2025-09-23 09:30:55.359 INFO  [17088] [CAuthorization::StartCheckThread@224] StartCheckThread begin.

2025-09-23 09:30:55.359 INFO  [17088] [CAuthorization::StartCheckThread@250] StartCheckThread end.

2025-09-23 09:30:55.359 INFO  [17088] [CAuthorization::Init@92] [Init] End.

2025-09-23 09:30:55.359 INFO  [17088] [InitPluginInstance@27] [Init] [End]

2025-09-23 09:30:55.359 INFO  [23668] [CAuthorization::DoAuthCheck@276] DoAuthCheck begin.

2025-09-23 09:30:55.359 ERROR [23668] [CDongleV5::Login@72] MV_LoginLicense fail, dongle type[0](0:dongle, 2:soft lock, 3:remote dongle) ret[5], msg[There are no available local locks.]

2025-09-23 09:30:55.359 ERROR [23668] [CDongleV5::GetLicenseInfo@318] Login fail. nRet[e0000700]

2025-09-23 09:30:55.359 ERROR [23668] [CAuthorization::GetV5LicenseInfo@388] GetLicenseInfo fail, ret[e0000700]

2025-09-23 09:30:55.359 ERROR [23668] [CAuthorization::DoAuthCheck@292] Can not find v5 dongle

2025-09-23 09:30:55.672 INFO  [17088] [CAuthorization::StopCheckThead@261] StopCheckThead begin.

2025-09-23 09:30:55.672 INFO  [23668] [CAuthorization::DoAuthCheck@330] [Deinit] DoAuthCheck end.

2025-09-23 09:30:55.672 INFO  [17088] [CAuthorization::StopCheckThead@266] StopCheckThead end.

2025-09-23 09:30:55.672 INFO  [17088] [CAuthorization::Uninit@107] [Deinit] End

2025-09-23 09:30:55.359 INFO  [17088] [InitPluginInstance@33] InitPluginInstance - Begin

2025-09-23 09:30:55.359 INFO  [17088] [CMonitorResourceUsage::Init@47] Init begin.

2025-09-23 09:30:55.359 INFO  [17088] [GetDllFilePath@262] path[D:\HIK\VisionMaster4.4.0\Applications\Server]

2025-09-23 09:30:55.359 INFO  [17088] [CMonitorResourceUsage::LoadCfgParam@449] Now resource monitor interval[5]

2025-09-23 09:30:55.359 INFO  [17088] [CMonitorResourceUsage::StartMonitorThread@90] StartMonitorThread begin.

2025-09-23 09:30:55.359 INFO  [17088] [CMonitorResourceUsage::StartMonitorThread@121] StartCheckThread end.

2025-09-23 09:30:55.359 INFO  [17088] [InitPluginInstance@39] InitPluginInstance - End

2025-09-23 09:30:55.375 INFO  [23676] [CMonitorResourceUsage::DoMonitorRes@176] DoMonitorResource begin.

2025-09-23 09:30:55.375 INFO  [23676] [CMonitorResourceUsage::SystemVersionMoreThanWin10@155] MajorVersion[6] MinorVersion[2], 6.2 is win10

2025-09-23 09:30:55.375 INFO  [23676] [CMonitorResourceUsage::DoMonitorRes@200] Do not check process resource

2025-09-23 09:30:55.672 INFO  [17088] [UnitPluginInstance@51] UnitPluginInstance - Begin

2025-09-23 09:30:55.672 INFO  [17088] [CMonitorResourceUsage::StopMonitorThead@132] StopMonitorThead begin.

2025-09-23 09:30:55.703 INFO  [23676] [CMonitorResourceUsage::DoMonitorRes@229] DoMonitorResource end, m_bExitMonitorThread is true

2025-09-23 09:30:55.703 INFO  [17088] [CMonitorResourceUsage::StopMonitorThead@145] StopMonitorThead end.

2025-09-23 09:30:55.703 INFO  [17088] [UnitPluginInstance@55] UnitPluginInstance - End

2025-09-23 09:39:58.042 INFO  [18968] [CAuthorization::Init@59] [Init] Begin.

2025-09-23 09:39:58.073 ERROR [18968] [CDongleV5::Login@72] MV_LoginLicense fail, dongle type[0](0:dongle, 2:soft lock, 3:remote dongle) ret[5], msg[There are no available local locks.]

2025-09-23 09:39:58.073 ERROR [18968] [CDongleV5::GetLicenseInfo@318] Login fail. nRet[e0000700]

2025-09-23 09:39:58.073 ERROR [18968] [CAuthorization::GetV5LicenseInfo@388] GetLicenseInfo fail, ret[e0000700]

2025-09-23 09:39:58.073 ERROR [18968] [CAuthorization::Init@88] [Init] Not found usable dongle

2025-09-23 09:39:58.073 INFO  [18968] [CAuthorization::StartCheckThread@224] StartCheckThread begin.

2025-09-23 09:39:58.073 INFO  [18968] [CAuthorization::StartCheckThread@250] StartCheckThread end.

2025-09-23 09:39:58.073 INFO  [18968] [CAuthorization::Init@92] [Init] End.

2025-09-23 09:39:58.073 INFO  [18968] [InitPluginInstance@27] [Init] [End]

2025-09-23 09:39:58.073 INFO  [24404] [CAuthorization::DoAuthCheck@276] DoAuthCheck begin.

2025-09-23 09:39:58.089 ERROR [24404] [CDongleV5::Login@72] MV_LoginLicense fail, dongle type[0](0:dongle, 2:soft lock, 3:remote dongle) ret[5], msg[There are no available local locks.]

2025-09-23 09:39:58.089 ERROR [24404] [CDongleV5::GetLicenseInfo@318] Login fail. nRet[e0000700]

2025-09-23 09:39:58.089 ERROR [24404] [CAuthorization::GetV5LicenseInfo@388] GetLicenseInfo fail, ret[e0000700]

2025-09-23 09:39:58.089 ERROR [24404] [CAuthorization::DoAuthCheck@292] Can not find v5 dongle

2025-09-23 09:39:58.417 INFO  [18968] [CAuthorization::StopCheckThead@261] StopCheckThead begin.

2025-09-23 09:39:58.417 INFO  [24404] [CAuthorization::DoAuthCheck@330] [Deinit] DoAuthCheck end.

2025-09-23 09:39:58.417 INFO  [18968] [CAuthorization::StopCheckThead@266] StopCheckThead end.

2025-09-23 09:39:58.417 INFO  [18968] [CAuthorization::Uninit@107] [Deinit] End

2025-09-23 09:39:58.089 INFO  [18968] [InitPluginInstance@33] InitPluginInstance - Begin

2025-09-23 09:39:58.089 INFO  [18968] [CMonitorResourceUsage::Init@47] Init begin.

2025-09-23 09:39:58.089 INFO  [18968] [GetDllFilePath@262] path[D:\HIK\VisionMaster4.4.0\Applications\Server]

2025-09-23 09:39:58.089 INFO  [18968] [CMonitorResourceUsage::LoadCfgParam@449] Now resource monitor interval[5]

2025-09-23 09:39:58.089 INFO  [18968] [CMonitorResourceUsage::StartMonitorThread@90] StartMonitorThread begin.

2025-09-23 09:39:58.089 INFO  [18968] [CMonitorResourceUsage::StartMonitorThread@121] StartCheckThread end.

2025-09-23 09:39:58.089 INFO  [18968] [InitPluginInstance@39] InitPluginInstance - End

2025-09-23 09:39:58.089 INFO  [15952] [CMonitorResourceUsage::DoMonitorRes@176] DoMonitorResource begin.

2025-09-23 09:39:58.089 INFO  [15952] [CMonitorResourceUsage::SystemVersionMoreThanWin10@155] MajorVersion[6] MinorVersion[2], 6.2 is win10

2025-09-23 09:39:58.089 INFO  [15952] [CMonitorResourceUsage::DoMonitorRes@200] Do not check process resource

2025-09-23 09:39:58.417 INFO  [18968] [UnitPluginInstance@51] UnitPluginInstance - Begin

2025-09-23 09:39:58.417 INFO  [18968] [CMonitorResourceUsage::StopMonitorThead@132] StopMonitorThead begin.

2025-09-23 09:39:58.480 INFO  [15952] [CMonitorResourceUsage::DoMonitorRes@229] DoMonitorResource end, m_bExitMonitorThread is true

2025-09-23 09:39:58.480 INFO  [18968] [CMonitorResourceUsage::StopMonitorThead@145] StopMonitorThead end.

2025-09-23 09:39:58.480 INFO  [18968] [UnitPluginInstance@55] UnitPluginInstance - End

2025-09-23 09:43:38.254 INFO  [23364] [CAuthorization::Init@59] [Init] Begin.

2025-09-23 09:43:38.285 ERROR [23364] [CDongleV5::Login@72] MV_LoginLicense fail, dongle type[0](0:dongle, 2:soft lock, 3:remote dongle) ret[5], msg[There are no available local locks.]

2025-09-23 09:43:38.285 ERROR [23364] [CDongleV5::GetLicenseInfo@318] Login fail. nRet[e0000700]

2025-09-23 09:43:38.285 ERROR [23364] [CAuthorization::GetV5LicenseInfo@388] GetLicenseInfo fail, ret[e0000700]

2025-09-23 09:43:38.285 ERROR [23364] [CAuthorization::Init@88] [Init] Not found usable dongle

2025-09-23 09:43:38.285 INFO  [23364] [CAuthorization::StartCheckThread@224] StartCheckThread begin.

2025-09-23 09:43:38.285 INFO  [23364] [CAuthorization::StartCheckThread@250] StartCheckThread end.

2025-09-23 09:43:38.285 INFO  [23364] [CAuthorization::Init@92] [Init] End.

2025-09-23 09:43:38.285 INFO  [23364] [InitPluginInstance@27] [Init] [End]

2025-09-23 09:43:38.285 INFO  [20340] [CAuthorization::DoAuthCheck@276] DoAuthCheck begin.

2025-09-23 09:43:38.285 ERROR [20340] [CDongleV5::Login@72] MV_LoginLicense fail, dongle type[0](0:dongle, 2:soft lock, 3:remote dongle) ret[5], msg[There are no available local locks.]

2025-09-23 09:43:38.301 ERROR [20340] [CDongleV5::GetLicenseInfo@318] Login fail. nRet[e0000700]

2025-09-23 09:43:38.301 ERROR [20340] [CAuthorization::GetV5LicenseInfo@388] GetLicenseInfo fail, ret[e0000700]

2025-09-23 09:43:38.301 ERROR [20340] [CAuthorization::DoAuthCheck@292] Can not find v5 dongle

2025-09-23 09:43:38.629 INFO  [23364] [CAuthorization::StopCheckThead@261] StopCheckThead begin.

2025-09-23 09:43:38.629 INFO  [20340] [CAuthorization::DoAuthCheck@330] [Deinit] DoAuthCheck end.

2025-09-23 09:43:38.629 INFO  [23364] [CAuthorization::StopCheckThead@266] StopCheckThead end.

2025-09-23 09:43:38.629 INFO  [23364] [CAuthorization::Uninit@107] [Deinit] End

2025-09-23 09:43:38.285 INFO  [23364] [InitPluginInstance@33] InitPluginInstance - Begin

2025-09-23 09:43:38.285 INFO  [23364] [CMonitorResourceUsage::Init@47] Init begin.

2025-09-23 09:43:38.285 INFO  [23364] [GetDllFilePath@262] path[D:\HIK\VisionMaster4.4.0\Applications\Server]

2025-09-23 09:43:38.285 INFO  [23364] [CMonitorResourceUsage::LoadCfgParam@449] Now resource monitor interval[5]

2025-09-23 09:43:38.285 INFO  [23364] [CMonitorResourceUsage::StartMonitorThread@90] StartMonitorThread begin.

2025-09-23 09:43:38.285 INFO  [23364] [CMonitorResourceUsage::StartMonitorThread@121] StartCheckThread end.

2025-09-23 09:43:38.285 INFO  [23364] [InitPluginInstance@39] InitPluginInstance - End

2025-09-23 09:43:38.301 INFO  [23136] [CMonitorResourceUsage::DoMonitorRes@176] DoMonitorResource begin.

2025-09-23 09:43:38.301 INFO  [23136] [CMonitorResourceUsage::SystemVersionMoreThanWin10@155] MajorVersion[6] MinorVersion[2], 6.2 is win10

2025-09-23 09:43:38.301 INFO  [23136] [CMonitorResourceUsage::DoMonitorRes@200] Do not check process resource

2025-09-23 09:43:38.644 INFO  [23364] [UnitPluginInstance@51] UnitPluginInstance - Begin

2025-09-23 09:43:38.644 INFO  [23364] [CMonitorResourceUsage::StopMonitorThead@132] StopMonitorThead begin.

2025-09-23 09:43:38.676 INFO  [23136] [CMonitorResourceUsage::DoMonitorRes@229] DoMonitorResource end, m_bExitMonitorThread is true

2025-09-23 09:43:38.676 INFO  [23364] [CMonitorResourceUsage::StopMonitorThead@145] StopMonitorThead end.

2025-09-23 09:43:38.676 INFO  [23364] [UnitPluginInstance@55] UnitPluginInstance - End

2025-09-23 09:46:48.659 INFO  [19012] [CAuthorization::Init@59] [Init] Begin.

2025-09-23 09:46:48.675 ERROR [19012] [CDongleV5::Login@72] MV_LoginLicense fail, dongle type[0](0:dongle, 2:soft lock, 3:remote dongle) ret[5], msg[There are no available local locks.]

2025-09-23 09:46:48.675 ERROR [19012] [CDongleV5::GetLicenseInfo@318] Login fail. nRet[e0000700]

2025-09-23 09:46:48.675 ERROR [19012] [CAuthorization::GetV5LicenseInfo@388] GetLicenseInfo fail, ret[e0000700]

2025-09-23 09:46:48.691 ERROR [19012] [CAuthorization::Init@88] [Init] Not found usable dongle

2025-09-23 09:46:48.691 INFO  [19012] [CAuthorization::StartCheckThread@224] StartCheckThread begin.

2025-09-23 09:46:48.691 INFO  [19012] [CAuthorization::StartCheckThread@250] StartCheckThread end.

2025-09-23 09:46:48.691 INFO  [19012] [CAuthorization::Init@92] [Init] End.

2025-09-23 09:46:48.691 INFO  [19012] [InitPluginInstance@27] [Init] [End]

2025-09-23 09:46:48.691 INFO  [20720] [CAuthorization::DoAuthCheck@276] DoAuthCheck begin.

2025-09-23 09:46:48.691 ERROR [20720] [CDongleV5::Login@72] MV_LoginLicense fail, dongle type[0](0:dongle, 2:soft lock, 3:remote dongle) ret[5], msg[There are no available local locks.]

2025-09-23 09:46:48.691 ERROR [20720] [CDongleV5::GetLicenseInfo@318] Login fail. nRet[e0000700]

2025-09-23 09:46:48.691 ERROR [20720] [CAuthorization::GetV5LicenseInfo@388] GetLicenseInfo fail, ret[e0000700]

2025-09-23 09:46:48.691 ERROR [20720] [CAuthorization::DoAuthCheck@292] Can not find v5 dongle

2025-09-23 09:46:49.019 INFO  [19012] [CAuthorization::StopCheckThead@261] StopCheckThead begin.

2025-09-23 09:46:49.019 INFO  [20720] [CAuthorization::DoAuthCheck@330] [Deinit] DoAuthCheck end.

2025-09-23 09:46:49.019 INFO  [19012] [CAuthorization::StopCheckThead@266] StopCheckThead end.

2025-09-23 09:46:49.019 INFO  [19012] [CAuthorization::Uninit@107] [Deinit] End

2025-09-23 09:46:48.691 INFO  [19012] [InitPluginInstance@33] InitPluginInstance - Begin

2025-09-23 09:46:48.691 INFO  [19012] [CMonitorResourceUsage::Init@47] Init begin.

2025-09-23 09:46:48.691 INFO  [19012] [GetDllFilePath@262] path[D:\HIK\VisionMaster4.4.0\Applications\Server]

2025-09-23 09:46:48.691 INFO  [19012] [CMonitorResourceUsage::LoadCfgParam@449] Now resource monitor interval[5]

2025-09-23 09:46:48.691 INFO  [19012] [CMonitorResourceUsage::StartMonitorThread@90] StartMonitorThread begin.

2025-09-23 09:46:48.691 INFO  [19012] [CMonitorResourceUsage::StartMonitorThread@121] StartCheckThread end.

2025-09-23 09:46:48.691 INFO  [19012] [InitPluginInstance@39] InitPluginInstance - End

2025-09-23 09:46:48.691 INFO  [16372] [CMonitorResourceUsage::DoMonitorRes@176] DoMonitorResource begin.

2025-09-23 09:46:48.691 INFO  [16372] [CMonitorResourceUsage::SystemVersionMoreThanWin10@155] MajorVersion[6] MinorVersion[2], 6.2 is win10

2025-09-23 09:46:48.691 INFO  [16372] [CMonitorResourceUsage::DoMonitorRes@200] Do not check process resource

2025-09-23 09:46:49.019 INFO  [19012] [UnitPluginInstance@51] UnitPluginInstance - Begin

2025-09-23 09:46:49.019 INFO  [19012] [CMonitorResourceUsage::StopMonitorThead@132] StopMonitorThead begin.

2025-09-23 09:46:49.034 INFO  [16372] [CMonitorResourceUsage::DoMonitorRes@229] DoMonitorResource end, m_bExitMonitorThread is true

2025-09-23 09:46:49.034 INFO  [19012] [CMonitorResourceUsage::StopMonitorThead@145] StopMonitorThead end.

2025-09-23 09:46:49.034 INFO  [19012] [UnitPluginInstance@55] UnitPluginInstance - End

2025-09-23 09:48:12.149 INFO  [24384] [CAuthorization::Init@59] [Init] Begin.

2025-09-23 09:48:12.180 ERROR [24384] [CDongleV5::Login@72] MV_LoginLicense fail, dongle type[0](0:dongle, 2:soft lock, 3:remote dongle) ret[5], msg[There are no available local locks.]

2025-09-23 09:48:12.180 ERROR [24384] [CDongleV5::GetLicenseInfo@318] Login fail. nRet[e0000700]

2025-09-23 09:48:12.180 ERROR [24384] [CAuthorization::GetV5LicenseInfo@388] GetLicenseInfo fail, ret[e0000700]

2025-09-23 09:48:12.180 ERROR [24384] [CAuthorization::Init@88] [Init] Not found usable dongle

2025-09-23 09:48:12.180 INFO  [24384] [CAuthorization::StartCheckThread@224] StartCheckThread begin.

2025-09-23 09:48:12.180 INFO  [24384] [CAuthorization::StartCheckThread@250] StartCheckThread end.

2025-09-23 09:48:12.180 INFO  [24384] [CAuthorization::Init@92] [Init] End.

2025-09-23 09:48:12.180 INFO  [24384] [InitPluginInstance@27] [Init] [End]

2025-09-23 09:48:12.196 INFO  [7884] [CAuthorization::DoAuthCheck@276] DoAuthCheck begin.

2025-09-23 09:48:12.196 ERROR [7884] [CDongleV5::Login@72] MV_LoginLicense fail, dongle type[0](0:dongle, 2:soft lock, 3:remote dongle) ret[5], msg[There are no available local locks.]

2025-09-23 09:48:12.196 ERROR [7884] [CDongleV5::GetLicenseInfo@318] Login fail. nRet[e0000700]

2025-09-23 09:48:12.196 ERROR [7884] [CAuthorization::GetV5LicenseInfo@388] GetLicenseInfo fail, ret[e0000700]

2025-09-23 09:48:12.196 ERROR [7884] [CAuthorization::DoAuthCheck@292] Can not find v5 dongle

2025-09-23 09:48:12.586 INFO  [24384] [CAuthorization::StopCheckThead@261] StopCheckThead begin.

2025-09-23 09:48:12.586 INFO  [7884] [CAuthorization::DoAuthCheck@330] [Deinit] DoAuthCheck end.

2025-09-23 09:48:12.586 INFO  [24384] [CAuthorization::StopCheckThead@266] StopCheckThead end.

2025-09-23 09:48:12.586 INFO  [24384] [CAuthorization::Uninit@107] [Deinit] End

2025-09-23 09:48:12.196 INFO  [24384] [InitPluginInstance@33] InitPluginInstance - Begin

2025-09-23 09:48:12.196 INFO  [24384] [CMonitorResourceUsage::Init@47] Init begin.

2025-09-23 09:48:12.196 INFO  [24384] [GetDllFilePath@262] path[D:\HIK\VisionMaster4.4.0\Applications\Server]

2025-09-23 09:48:12.196 INFO  [24384] [CMonitorResourceUsage::LoadCfgParam@449] Now resource monitor interval[5]

2025-09-23 09:48:12.196 INFO  [24384] [CMonitorResourceUsage::StartMonitorThread@90] StartMonitorThread begin.

2025-09-23 09:48:12.196 INFO  [24384] [CMonitorResourceUsage::StartMonitorThread@121] StartCheckThread end.

2025-09-23 09:48:12.196 INFO  [24384] [InitPluginInstance@39] InitPluginInstance - End

2025-09-23 09:48:12.196 INFO  [12092] [CMonitorResourceUsage::DoMonitorRes@176] DoMonitorResource begin.

2025-09-23 09:48:12.196 INFO  [12092] [CMonitorResourceUsage::SystemVersionMoreThanWin10@155] MajorVersion[6] MinorVersion[2], 6.2 is win10

2025-09-23 09:48:12.196 INFO  [12092] [CMonitorResourceUsage::DoMonitorRes@200] Do not check process resource

2025-09-23 09:48:12.586 INFO  [24384] [UnitPluginInstance@51] UnitPluginInstance - Begin

2025-09-23 09:48:12.586 INFO  [24384] [CMonitorResourceUsage::StopMonitorThead@132] StopMonitorThead begin.

2025-09-23 09:48:12.602 INFO  [12092] [CMonitorResourceUsage::DoMonitorRes@229] DoMonitorResource end, m_bExitMonitorThread is true

2025-09-23 09:48:12.602 INFO  [24384] [CMonitorResourceUsage::StopMonitorThead@145] StopMonitorThead end.

2025-09-23 09:48:12.602 INFO  [24384] [UnitPluginInstance@55] UnitPluginInstance - End

2025-09-23 09:59:22.543 INFO  [23944] [CAuthorization::Init@59] [Init] Begin.

2025-09-23 09:59:22.559 ERROR [23944] [CDongleV5::Login@72] MV_LoginLicense fail, dongle type[0](0:dongle, 2:soft lock, 3:remote dongle) ret[5], msg[There are no available local locks.]

2025-09-23 09:59:22.559 ERROR [23944] [CDongleV5::GetLicenseInfo@318] Login fail. nRet[e0000700]

2025-09-23 09:59:22.559 ERROR [23944] [CAuthorization::GetV5LicenseInfo@388] GetLicenseInfo fail, ret[e0000700]

2025-09-23 09:59:22.559 ERROR [23944] [CAuthorization::Init@88] [Init] Not found usable dongle

2025-09-23 09:59:22.574 INFO  [23944] [CAuthorization::StartCheckThread@224] StartCheckThread begin.

2025-09-23 09:59:22.574 INFO  [23944] [CAuthorization::StartCheckThread@250] StartCheckThread end.

2025-09-23 09:59:22.574 INFO  [23944] [CAuthorization::Init@92] [Init] End.

2025-09-23 09:59:22.574 INFO  [23944] [InitPluginInstance@27] [Init] [End]

2025-09-23 09:59:22.605 INFO  [20416] [CAuthorization::DoAuthCheck@276] DoAuthCheck begin.

2025-09-23 09:59:22.621 ERROR [20416] [CDongleV5::Login@72] MV_LoginLicense fail, dongle type[0](0:dongle, 2:soft lock, 3:remote dongle) ret[5], msg[There are no available local locks.]

2025-09-23 09:59:22.621 ERROR [20416] [CDongleV5::GetLicenseInfo@318] Login fail. nRet[e0000700]

2025-09-23 09:59:22.621 ERROR [20416] [CAuthorization::GetV5LicenseInfo@388] GetLicenseInfo fail, ret[e0000700]

2025-09-23 09:59:22.621 ERROR [20416] [CAuthorization::DoAuthCheck@292] Can not find v5 dongle

2025-09-23 09:59:30.589 INFO  [23944] [CAuthorization::StopCheckThead@261] StopCheckThead begin.

2025-09-23 09:59:30.589 INFO  [20416] [CAuthorization::DoAuthCheck@330] [Deinit] DoAuthCheck end.

2025-09-23 09:59:30.589 INFO  [23944] [CAuthorization::StopCheckThead@266] StopCheckThead end.

2025-09-23 09:59:30.589 INFO  [23944] [CAuthorization::Uninit@107] [Deinit] End

2025-09-23 09:59:22.605 INFO  [23944] [InitPluginInstance@33] InitPluginInstance - Begin

2025-09-23 09:59:22.605 INFO  [23944] [CMonitorResourceUsage::Init@47] Init begin.

2025-09-23 09:59:22.605 INFO  [23944] [GetDllFilePath@262] path[D:\HIK\VisionMaster4.4.0\Applications\Server]

2025-09-23 09:59:22.605 INFO  [23944] [CMonitorResourceUsage::LoadCfgParam@449] Now resource monitor interval[5]

2025-09-23 09:59:22.605 INFO  [23944] [CMonitorResourceUsage::StartMonitorThread@90] StartMonitorThread begin.

2025-09-23 09:59:22.605 INFO  [23944] [CMonitorResourceUsage::StartMonitorThread@121] StartCheckThread end.

2025-09-23 09:59:22.605 INFO  [23944] [InitPluginInstance@39] InitPluginInstance - End

2025-09-23 09:59:22.605 INFO  [9876] [CMonitorResourceUsage::DoMonitorRes@176] DoMonitorResource begin.

2025-09-23 09:59:22.605 INFO  [9876] [CMonitorResourceUsage::SystemVersionMoreThanWin10@155] MajorVersion[6] MinorVersion[2], 6.2 is win10

2025-09-23 09:59:22.605 INFO  [9876] [CMonitorResourceUsage::DoMonitorRes@200] Do not check process resource

2025-09-23 09:59:30.605 INFO  [23944] [UnitPluginInstance@51] UnitPluginInstance - Begin

2025-09-23 09:59:30.605 INFO  [23944] [CMonitorResourceUsage::StopMonitorThead@132] StopMonitorThead begin.

2025-09-23 09:59:30.652 INFO  [9876] [CMonitorResourceUsage::DoMonitorRes@229] DoMonitorResource end, m_bExitMonitorThread is true

2025-09-23 09:59:30.652 INFO  [23944] [CMonitorResourceUsage::StopMonitorThead@145] StopMonitorThead end.

2025-09-23 09:59:30.652 INFO  [23944] [UnitPluginInstance@55] UnitPluginInstance - End

2025-09-23 10:04:38.361 INFO  [8588] [CAuthorization::Init@59] [Init] Begin.

2025-09-23 10:04:38.389 ERROR [8588] [CDongleV5::Login@72] MV_LoginLicense fail, dongle type[0](0:dongle, 2:soft lock, 3:remote dongle) ret[5], msg[There are no available local locks.]

2025-09-23 10:04:38.391 ERROR [8588] [CDongleV5::GetLicenseInfo@318] Login fail. nRet[e0000700]

2025-09-23 10:04:38.392 ERROR [8588] [CAuthorization::GetV5LicenseInfo@388] GetLicenseInfo fail, ret[e0000700]

2025-09-23 10:04:38.392 ERROR [8588] [CAuthorization::Init@88] [Init] Not found usable dongle

2025-09-23 10:04:38.392 INFO  [8588] [CAuthorization::StartCheckThread@224] StartCheckThread begin.

2025-09-23 10:04:38.392 INFO  [8588] [CAuthorization::StartCheckThread@250] StartCheckThread end.

2025-09-23 10:04:38.392 INFO  [8588] [CAuthorization::Init@92] [Init] End.

2025-09-23 10:04:38.392 INFO  [8588] [InitPluginInstance@27] [Init] [End]

2025-09-23 10:04:38.395 INFO  [20708] [CAuthorization::DoAuthCheck@276] DoAuthCheck begin.

2025-09-23 10:04:38.399 ERROR [20708] [CDongleV5::Login@72] MV_LoginLicense fail, dongle type[0](0:dongle, 2:soft lock, 3:remote dongle) ret[5], msg[There are no available local locks.]

2025-09-23 10:04:38.401 ERROR [20708] [CDongleV5::GetLicenseInfo@318] Login fail. nRet[e0000700]

2025-09-23 10:04:38.401 ERROR [20708] [CAuthorization::GetV5LicenseInfo@388] GetLicenseInfo fail, ret[e0000700]

2025-09-23 10:04:38.402 ERROR [20708] [CAuthorization::DoAuthCheck@292] Can not find v5 dongle

2025-09-23 10:04:38.721 INFO  [8588] [CAuthorization::StopCheckThead@261] StopCheckThead begin.

2025-09-23 10:04:38.721 INFO  [20708] [CAuthorization::DoAuthCheck@330] [Deinit] DoAuthCheck end.

2025-09-23 10:04:38.722 INFO  [8588] [CAuthorization::StopCheckThead@266] StopCheckThead end.

2025-09-23 10:04:38.722 INFO  [8588] [CAuthorization::Uninit@107] [Deinit] End

2025-09-23 10:04:38.400 INFO  [8588] [InitPluginInstance@33] InitPluginInstance - Begin

2025-09-23 10:04:38.400 INFO  [8588] [CMonitorResourceUsage::Init@47] Init begin.

2025-09-23 10:04:38.400 INFO  [8588] [GetDllFilePath@262] path[D:\HIK\VisionMaster4.4.0\Applications\Server]

2025-09-23 10:04:38.400 INFO  [8588] [CMonitorResourceUsage::LoadCfgParam@449] Now resource monitor interval[5]

2025-09-23 10:04:38.400 INFO  [8588] [CMonitorResourceUsage::StartMonitorThread@90] StartMonitorThread begin.

2025-09-23 10:04:38.400 INFO  [8588] [CMonitorResourceUsage::StartMonitorThread@121] StartCheckThread end.

2025-09-23 10:04:38.400 INFO  [8588] [InitPluginInstance@39] InitPluginInstance - End

2025-09-23 10:04:38.406 INFO  [18532] [CMonitorResourceUsage::DoMonitorRes@176] DoMonitorResource begin.

2025-09-23 10:04:38.406 INFO  [18532] [CMonitorResourceUsage::SystemVersionMoreThanWin10@155] MajorVersion[6] MinorVersion[2], 6.2 is win10

2025-09-23 10:04:38.406 INFO  [18532] [CMonitorResourceUsage::DoMonitorRes@200] Do not check process resource

2025-09-23 10:04:38.724 INFO  [8588] [UnitPluginInstance@51] UnitPluginInstance - Begin

2025-09-23 10:04:38.724 INFO  [8588] [CMonitorResourceUsage::StopMonitorThead@132] StopMonitorThead begin.

2025-09-23 10:04:38.732 INFO  [18532] [CMonitorResourceUsage::DoMonitorRes@229] DoMonitorResource end, m_bExitMonitorThread is true

2025-09-23 10:04:38.733 INFO  [8588] [CMonitorResourceUsage::StopMonitorThead@145] StopMonitorThead end.

2025-09-23 10:04:38.733 INFO  [8588] [UnitPluginInstance@55] UnitPluginInstance - End

2025-09-23 10:52:42.264 INFO  [16108] [CAuthorization::Init@59] [Init] Begin.

2025-09-23 10:52:42.295 ERROR [16108] [CDongleV5::Login@72] MV_LoginLicense fail, dongle type[0](0:dongle, 2:soft lock, 3:remote dongle) ret[5], msg[There are no available local locks.]

2025-09-23 10:52:42.295 ERROR [16108] [CDongleV5::GetLicenseInfo@318] Login fail. nRet[e0000700]

2025-09-23 10:52:42.295 ERROR [16108] [CAuthorization::GetV5LicenseInfo@388] GetLicenseInfo fail, ret[e0000700]

2025-09-23 10:52:42.295 ERROR [16108] [CAuthorization::Init@88] [Init] Not found usable dongle

2025-09-23 10:52:42.295 INFO  [16108] [CAuthorization::StartCheckThread@224] StartCheckThread begin.

2025-09-23 10:52:42.295 INFO  [16108] [CAuthorization::StartCheckThread@250] StartCheckThread end.

2025-09-23 10:52:42.295 INFO  [16108] [CAuthorization::Init@92] [Init] End.

2025-09-23 10:52:42.295 INFO  [16108] [InitPluginInstance@27] [Init] [End]

2025-09-23 10:52:42.295 INFO  [16904] [CAuthorization::DoAuthCheck@276] DoAuthCheck begin.

2025-09-23 10:52:42.295 ERROR [16904] [CDongleV5::Login@72] MV_LoginLicense fail, dongle type[0](0:dongle, 2:soft lock, 3:remote dongle) ret[5], msg[There are no available local locks.]

2025-09-23 10:52:42.311 ERROR [16904] [CDongleV5::GetLicenseInfo@318] Login fail. nRet[e0000700]

2025-09-23 10:52:42.311 ERROR [16904] [CAuthorization::GetV5LicenseInfo@388] GetLicenseInfo fail, ret[e0000700]

2025-09-23 10:52:42.311 ERROR [16904] [CAuthorization::DoAuthCheck@292] Can not find v5 dongle

2025-09-23 10:52:42.711 INFO  [16108] [CAuthorization::StopCheckThead@261] StopCheckThead begin.

2025-09-23 10:52:42.711 INFO  [16904] [CAuthorization::DoAuthCheck@330] [Deinit] DoAuthCheck end.

2025-09-23 10:52:42.711 INFO  [16108] [CAuthorization::StopCheckThead@266] StopCheckThead end.

2025-09-23 10:52:42.711 INFO  [16108] [CAuthorization::Uninit@107] [Deinit] End

2025-09-23 10:52:42.295 INFO  [16108] [InitPluginInstance@33] InitPluginInstance - Begin

2025-09-23 10:52:42.295 INFO  [16108] [CMonitorResourceUsage::Init@47] Init begin.

2025-09-23 10:52:42.295 INFO  [16108] [GetDllFilePath@262] path[D:\HIK\VisionMaster4.4.0\Applications\Server]

2025-09-23 10:52:42.295 INFO  [16108] [CMonitorResourceUsage::LoadCfgParam@449] Now resource monitor interval[5]

2025-09-23 10:52:42.295 INFO  [16108] [CMonitorResourceUsage::StartMonitorThread@90] StartMonitorThread begin.

2025-09-23 10:52:42.295 INFO  [16108] [CMonitorResourceUsage::StartMonitorThread@121] StartCheckThread end.

2025-09-23 10:52:42.295 INFO  [16108] [InitPluginInstance@39] InitPluginInstance - End

2025-09-23 10:52:42.295 INFO  [17544] [CMonitorResourceUsage::DoMonitorRes@176] DoMonitorResource begin.

2025-09-23 10:52:42.295 INFO  [17544] [CMonitorResourceUsage::SystemVersionMoreThanWin10@155] MajorVersion[6] MinorVersion[2], 6.2 is win10

2025-09-23 10:52:42.295 INFO  [17544] [CMonitorResourceUsage::DoMonitorRes@200] Do not check process resource

2025-09-23 10:52:42.711 INFO  [16108] [UnitPluginInstance@51] UnitPluginInstance - Begin

2025-09-23 10:52:42.711 INFO  [16108] [CMonitorResourceUsage::StopMonitorThead@132] StopMonitorThead begin.

2025-09-23 10:52:42.758 INFO  [17544] [CMonitorResourceUsage::DoMonitorRes@229] DoMonitorResource end, m_bExitMonitorThread is true

2025-09-23 10:52:42.758 INFO  [16108] [CMonitorResourceUsage::StopMonitorThead@145] StopMonitorThead end.

2025-09-23 10:52:42.758 INFO  [16108] [UnitPluginInstance@55] UnitPluginInstance - End

2025-09-23 10:59:31.778 INFO  [8748] [CAuthorization::Init@59] [Init] Begin.

2025-09-23 10:59:31.809 ERROR [8748] [CDongleV5::Login@72] MV_LoginLicense fail, dongle type[0](0:dongle, 2:soft lock, 3:remote dongle) ret[5], msg[There are no available local locks.]

2025-09-23 10:59:31.809 ERROR [8748] [CDongleV5::GetLicenseInfo@318] Login fail. nRet[e0000700]

2025-09-23 10:59:31.809 ERROR [8748] [CAuthorization::GetV5LicenseInfo@388] GetLicenseInfo fail, ret[e0000700]

2025-09-23 10:59:31.809 ERROR [8748] [CAuthorization::Init@88] [Init] Not found usable dongle

2025-09-23 10:59:31.809 INFO  [8748] [CAuthorization::StartCheckThread@224] StartCheckThread begin.

2025-09-23 10:59:31.809 INFO  [8748] [CAuthorization::StartCheckThread@250] StartCheckThread end.

2025-09-23 10:59:31.809 INFO  [8748] [CAuthorization::Init@92] [Init] End.

2025-09-23 10:59:31.809 INFO  [8748] [InitPluginInstance@27] [Init] [End]

2025-09-23 10:59:31.809 INFO  [16216] [CAuthorization::DoAuthCheck@276] DoAuthCheck begin.

2025-09-23 10:59:31.825 ERROR [16216] [CDongleV5::Login@72] MV_LoginLicense fail, dongle type[0](0:dongle, 2:soft lock, 3:remote dongle) ret[5], msg[There are no available local locks.]

2025-09-23 10:59:31.825 ERROR [16216] [CDongleV5::GetLicenseInfo@318] Login fail. nRet[e0000700]

2025-09-23 10:59:31.825 ERROR [16216] [CAuthorization::GetV5LicenseInfo@388] GetLicenseInfo fail, ret[e0000700]

2025-09-23 10:59:31.825 ERROR [16216] [CAuthorization::DoAuthCheck@292] Can not find v5 dongle

2025-09-23 10:59:32.153 INFO  [8748] [CAuthorization::StopCheckThead@261] StopCheckThead begin.

2025-09-23 10:59:32.153 INFO  [16216] [CAuthorization::DoAuthCheck@330] [Deinit] DoAuthCheck end.

2025-09-23 10:59:32.168 INFO  [8748] [CAuthorization::StopCheckThead@266] StopCheckThead end.

2025-09-23 10:59:32.168 INFO  [8748] [CAuthorization::Uninit@107] [Deinit] End

2025-09-23 10:59:31.825 INFO  [8748] [InitPluginInstance@33] InitPluginInstance - Begin

2025-09-23 10:59:31.825 INFO  [8748] [CMonitorResourceUsage::Init@47] Init begin.

2025-09-23 10:59:31.825 INFO  [8748] [GetDllFilePath@262] path[D:\HIK\VisionMaster4.4.0\Applications\Server]

2025-09-23 10:59:31.825 INFO  [8748] [CMonitorResourceUsage::LoadCfgParam@449] Now resource monitor interval[5]

2025-09-23 10:59:31.825 INFO  [8748] [CMonitorResourceUsage::StartMonitorThread@90] StartMonitorThread begin.

2025-09-23 10:59:31.825 INFO  [8748] [CMonitorResourceUsage::StartMonitorThread@121] StartCheckThread end.

2025-09-23 10:59:31.825 INFO  [8748] [InitPluginInstance@39] InitPluginInstance - End

2025-09-23 10:59:31.825 INFO  [24536] [CMonitorResourceUsage::DoMonitorRes@176] DoMonitorResource begin.

2025-09-23 10:59:31.825 INFO  [24536] [CMonitorResourceUsage::SystemVersionMoreThanWin10@155] MajorVersion[6] MinorVersion[2], 6.2 is win10

2025-09-23 10:59:31.825 INFO  [24536] [CMonitorResourceUsage::DoMonitorRes@200] Do not check process resource

2025-09-23 10:59:32.168 INFO  [8748] [UnitPluginInstance@51] UnitPluginInstance - Begin

2025-09-23 10:59:32.168 INFO  [8748] [CMonitorResourceUsage::StopMonitorThead@132] StopMonitorThead begin.

2025-09-23 10:59:32.231 INFO  [24536] [CMonitorResourceUsage::DoMonitorRes@229] DoMonitorResource end, m_bExitMonitorThread is true

2025-09-23 10:59:32.231 INFO  [8748] [CMonitorResourceUsage::StopMonitorThead@145] StopMonitorThead end.

2025-09-23 10:59:32.231 INFO  [8748] [UnitPluginInstance@55] UnitPluginInstance - End

2025-09-23 11:02:14.504 INFO  [12856] [CAuthorization::Init@59] [Init] Begin.

2025-09-23 11:02:14.535 ERROR [12856] [CDongleV5::Login@72] MV_LoginLicense fail, dongle type[0](0:dongle, 2:soft lock, 3:remote dongle) ret[5], msg[There are no available local locks.]

2025-09-23 11:02:14.535 ERROR [12856] [CDongleV5::GetLicenseInfo@318] Login fail. nRet[e0000700]

2025-09-23 11:02:14.535 ERROR [12856] [CAuthorization::GetV5LicenseInfo@388] GetLicenseInfo fail, ret[e0000700]

2025-09-23 11:02:14.535 ERROR [12856] [CAuthorization::Init@88] [Init] Not found usable dongle

2025-09-23 11:02:14.535 INFO  [12856] [CAuthorization::StartCheckThread@224] StartCheckThread begin.

2025-09-23 11:02:14.535 INFO  [12856] [CAuthorization::StartCheckThread@250] StartCheckThread end.

2025-09-23 11:02:14.535 INFO  [12856] [CAuthorization::Init@92] [Init] End.

2025-09-23 11:02:14.535 INFO  [12856] [InitPluginInstance@27] [Init] [End]

2025-09-23 11:02:14.535 INFO  [23392] [CAuthorization::DoAuthCheck@276] DoAuthCheck begin.

2025-09-23 11:02:14.551 ERROR [23392] [CDongleV5::Login@72] MV_LoginLicense fail, dongle type[0](0:dongle, 2:soft lock, 3:remote dongle) ret[5], msg[There are no available local locks.]

2025-09-23 11:02:14.551 ERROR [23392] [CDongleV5::GetLicenseInfo@318] Login fail. nRet[e0000700]

2025-09-23 11:02:14.551 ERROR [23392] [CAuthorization::GetV5LicenseInfo@388] GetLicenseInfo fail, ret[e0000700]

2025-09-23 11:02:14.551 ERROR [23392] [CAuthorization::DoAuthCheck@292] Can not find v5 dongle

2025-09-23 11:02:14.863 INFO  [12856] [CAuthorization::StopCheckThead@261] StopCheckThead begin.

2025-09-23 11:02:14.863 INFO  [23392] [CAuthorization::DoAuthCheck@330] [Deinit] DoAuthCheck end.

2025-09-23 11:02:14.863 INFO  [12856] [CAuthorization::StopCheckThead@266] StopCheckThead end.

2025-09-23 11:02:14.863 INFO  [12856] [CAuthorization::Uninit@107] [Deinit] End

2025-09-23 11:02:14.551 INFO  [12856] [InitPluginInstance@33] InitPluginInstance - Begin

2025-09-23 11:02:14.551 INFO  [12856] [CMonitorResourceUsage::Init@47] Init begin.

2025-09-23 11:02:14.551 INFO  [12856] [GetDllFilePath@262] path[D:\HIK\VisionMaster4.4.0\Applications\Server]

2025-09-23 11:02:14.551 INFO  [12856] [CMonitorResourceUsage::LoadCfgParam@449] Now resource monitor interval[5]

2025-09-23 11:02:14.551 INFO  [12856] [CMonitorResourceUsage::StartMonitorThread@90] StartMonitorThread begin.

2025-09-23 11:02:14.551 INFO  [12856] [CMonitorResourceUsage::StartMonitorThread@121] StartCheckThread end.

2025-09-23 11:02:14.551 INFO  [12856] [InitPluginInstance@39] InitPluginInstance - End

2025-09-23 11:02:14.551 INFO  [10172] [CMonitorResourceUsage::DoMonitorRes@176] DoMonitorResource begin.

2025-09-23 11:02:14.551 INFO  [10172] [CMonitorResourceUsage::SystemVersionMoreThanWin10@155] MajorVersion[6] MinorVersion[2], 6.2 is win10

2025-09-23 11:02:14.551 INFO  [10172] [CMonitorResourceUsage::DoMonitorRes@200] Do not check process resource

2025-09-23 11:02:14.863 INFO  [12856] [UnitPluginInstance@51] UnitPluginInstance - Begin

2025-09-23 11:02:14.863 INFO  [12856] [CMonitorResourceUsage::StopMonitorThead@132] StopMonitorThead begin.

2025-09-23 11:02:14.879 INFO  [10172] [CMonitorResourceUsage::DoMonitorRes@229] DoMonitorResource end, m_bExitMonitorThread is true

2025-09-23 11:02:14.879 INFO  [12856] [CMonitorResourceUsage::StopMonitorThead@145] StopMonitorThead end.

2025-09-23 11:02:14.879 INFO  [12856] [UnitPluginInstance@55] UnitPluginInstance - End

2025-09-23 11:30:09.063 INFO  [21968] [CAuthorization::Init@59] [Init] Begin.

2025-09-23 11:30:09.094 ERROR [21968] [CDongleV5::Login@72] MV_LoginLicense fail, dongle type[0](0:dongle, 2:soft lock, 3:remote dongle) ret[5], msg[There are no available local locks.]

2025-09-23 11:30:09.094 ERROR [21968] [CDongleV5::GetLicenseInfo@318] Login fail. nRet[e0000700]

2025-09-23 11:30:09.094 ERROR [21968] [CAuthorization::GetV5LicenseInfo@388] GetLicenseInfo fail, ret[e0000700]

2025-09-23 11:30:09.094 ERROR [21968] [CAuthorization::Init@88] [Init] Not found usable dongle

2025-09-23 11:30:09.094 INFO  [21968] [CAuthorization::StartCheckThread@224] StartCheckThread begin.

2025-09-23 11:30:09.094 INFO  [21968] [CAuthorization::StartCheckThread@250] StartCheckThread end.

2025-09-23 11:30:09.094 INFO  [21968] [CAuthorization::Init@92] [Init] End.

2025-09-23 11:30:09.094 INFO  [21968] [InitPluginInstance@27] [Init] [End]

2025-09-23 11:30:09.094 INFO  [2408] [CAuthorization::DoAuthCheck@276] DoAuthCheck begin.

2025-09-23 11:30:09.094 ERROR [2408] [CDongleV5::Login@72] MV_LoginLicense fail, dongle type[0](0:dongle, 2:soft lock, 3:remote dongle) ret[5], msg[There are no available local locks.]

2025-09-23 11:30:09.094 ERROR [2408] [CDongleV5::GetLicenseInfo@318] Login fail. nRet[e0000700]

2025-09-23 11:30:09.094 ERROR [2408] [CAuthorization::GetV5LicenseInfo@388] GetLicenseInfo fail, ret[e0000700]

2025-09-23 11:30:09.094 ERROR [2408] [CAuthorization::DoAuthCheck@292] Can not find v5 dongle

2025-09-23 11:30:09.407 INFO  [21968] [CAuthorization::StopCheckThead@261] StopCheckThead begin.

2025-09-23 11:30:09.407 INFO  [2408] [CAuthorization::DoAuthCheck@330] [Deinit] DoAuthCheck end.

2025-09-23 11:30:09.407 INFO  [21968] [CAuthorization::StopCheckThead@266] StopCheckThead end.

2025-09-23 11:30:09.407 INFO  [21968] [CAuthorization::Uninit@107] [Deinit] End

2025-09-23 11:30:09.094 INFO  [21968] [InitPluginInstance@33] InitPluginInstance - Begin

2025-09-23 11:30:09.094 INFO  [21968] [CMonitorResourceUsage::Init@47] Init begin.

2025-09-23 11:30:09.094 INFO  [21968] [GetDllFilePath@262] path[D:\HIK\VisionMaster4.4.0\Applications\Server]

2025-09-23 11:30:09.094 INFO  [21968] [CMonitorResourceUsage::LoadCfgParam@449] Now resource monitor interval[5]

2025-09-23 11:30:09.094 INFO  [21968] [CMonitorResourceUsage::StartMonitorThread@90] StartMonitorThread begin.

2025-09-23 11:30:09.094 INFO  [21968] [CMonitorResourceUsage::StartMonitorThread@121] StartCheckThread end.

2025-09-23 11:30:09.094 INFO  [21968] [InitPluginInstance@39] InitPluginInstance - End

2025-09-23 11:30:09.110 INFO  [18776] [CMonitorResourceUsage::DoMonitorRes@176] DoMonitorResource begin.

2025-09-23 11:30:09.110 INFO  [18776] [CMonitorResourceUsage::SystemVersionMoreThanWin10@155] MajorVersion[6] MinorVersion[2], 6.2 is win10

2025-09-23 11:30:09.110 INFO  [18776] [CMonitorResourceUsage::DoMonitorRes@200] Do not check process resource

2025-09-23 11:30:09.407 INFO  [21968] [UnitPluginInstance@51] UnitPluginInstance - Begin

2025-09-23 11:30:09.407 INFO  [21968] [CMonitorResourceUsage::StopMonitorThead@132] StopMonitorThead begin.

2025-09-23 11:30:09.422 INFO  [18776] [CMonitorResourceUsage::DoMonitorRes@229] DoMonitorResource end, m_bExitMonitorThread is true

2025-09-23 11:30:09.422 INFO  [21968] [CMonitorResourceUsage::StopMonitorThead@145] StopMonitorThead end.

2025-09-23 11:30:09.422 INFO  [21968] [UnitPluginInstance@55] UnitPluginInstance - End

2025-09-23 14:00:24.848 INFO  [24260] [CAuthorization::Init@59] [Init] Begin.

2025-09-23 14:00:24.879 ERROR [24260] [CDongleV5::Login@72] MV_LoginLicense fail, dongle type[0](0:dongle, 2:soft lock, 3:remote dongle) ret[5], msg[There are no available local locks.]

2025-09-23 14:00:24.879 ERROR [24260] [CDongleV5::GetLicenseInfo@318] Login fail. nRet[e0000700]

2025-09-23 14:00:24.879 ERROR [24260] [CAuthorization::GetV5LicenseInfo@388] GetLicenseInfo fail, ret[e0000700]

2025-09-23 14:00:24.879 ERROR [24260] [CAuthorization::Init@88] [Init] Not found usable dongle

2025-09-23 14:00:24.879 INFO  [24260] [CAuthorization::StartCheckThread@224] StartCheckThread begin.

2025-09-23 14:00:24.879 INFO  [24260] [CAuthorization::StartCheckThread@250] StartCheckThread end.

2025-09-23 14:00:24.879 INFO  [24260] [CAuthorization::Init@92] [Init] End.

2025-09-23 14:00:24.879 INFO  [24260] [InitPluginInstance@27] [Init] [End]

2025-09-23 14:00:24.879 INFO  [6684] [CAuthorization::DoAuthCheck@276] DoAuthCheck begin.

2025-09-23 14:00:24.879 ERROR [6684] [CDongleV5::Login@72] MV_LoginLicense fail, dongle type[0](0:dongle, 2:soft lock, 3:remote dongle) ret[5], msg[There are no available local locks.]

2025-09-23 14:00:24.879 ERROR [6684] [CDongleV5::GetLicenseInfo@318] Login fail. nRet[e0000700]

2025-09-23 14:00:24.879 ERROR [6684] [CAuthorization::GetV5LicenseInfo@388] GetLicenseInfo fail, ret[e0000700]

2025-09-23 14:00:24.879 ERROR [6684] [CAuthorization::DoAuthCheck@292] Can not find v5 dongle

2025-09-23 14:00:25.207 INFO  [24260] [CAuthorization::StopCheckThead@261] StopCheckThead begin.

2025-09-23 14:00:25.207 INFO  [6684] [CAuthorization::DoAuthCheck@330] [Deinit] DoAuthCheck end.

2025-09-23 14:00:25.207 INFO  [24260] [CAuthorization::StopCheckThead@266] StopCheckThead end.

2025-09-23 14:00:25.207 INFO  [24260] [CAuthorization::Uninit@107] [Deinit] End

2025-09-23 14:00:24.879 INFO  [24260] [InitPluginInstance@33] InitPluginInstance - Begin

2025-09-23 14:00:24.879 INFO  [24260] [CMonitorResourceUsage::Init@47] Init begin.

2025-09-23 14:00:24.879 INFO  [24260] [GetDllFilePath@262] path[D:\HIK\VisionMaster4.4.0\Applications\Server]

2025-09-23 14:00:24.879 INFO  [24260] [CMonitorResourceUsage::LoadCfgParam@449] Now resource monitor interval[5]

2025-09-23 14:00:24.879 INFO  [24260] [CMonitorResourceUsage::StartMonitorThread@90] StartMonitorThread begin.

2025-09-23 14:00:24.879 INFO  [24260] [CMonitorResourceUsage::StartMonitorThread@121] StartCheckThread end.

2025-09-23 14:00:24.879 INFO  [24260] [InitPluginInstance@39] InitPluginInstance - End

2025-09-23 14:00:24.895 INFO  [17824] [CMonitorResourceUsage::DoMonitorRes@176] DoMonitorResource begin.

2025-09-23 14:00:24.895 INFO  [17824] [CMonitorResourceUsage::SystemVersionMoreThanWin10@155] MajorVersion[6] MinorVersion[2], 6.2 is win10

2025-09-23 14:00:24.895 INFO  [17824] [CMonitorResourceUsage::DoMonitorRes@200] Do not check process resource

2025-09-23 14:00:25.207 INFO  [24260] [UnitPluginInstance@51] UnitPluginInstance - Begin

2025-09-23 14:00:25.207 INFO  [24260] [CMonitorResourceUsage::StopMonitorThead@132] StopMonitorThead begin.

2025-09-23 14:00:25.264 INFO  [17824] [CMonitorResourceUsage::DoMonitorRes@229] DoMonitorResource end, m_bExitMonitorThread is true

2025-09-23 14:00:25.265 INFO  [24260] [CMonitorResourceUsage::StopMonitorThead@145] StopMonitorThead end.

2025-09-23 14:00:25.265 INFO  [24260] [UnitPluginInstance@55] UnitPluginInstance - End

2025-09-24 13:54:42.788 INFO  [18368] [CAuthorization::Init@59] [Init] Begin.

2025-09-24 13:54:42.815 ERROR [18368] [CDongleV5::Login@72] MV_LoginLicense fail, dongle type[0](0:dongle, 2:soft lock, 3:remote dongle) ret[5], msg[There are no available local locks.]

2025-09-24 13:54:42.815 ERROR [18368] [CDongleV5::GetLicenseInfo@318] Login fail. nRet[e0000700]

2025-09-24 13:54:42.816 ERROR [18368] [CAuthorization::GetV5LicenseInfo@388] GetLicenseInfo fail, ret[e0000700]

2025-09-24 13:54:42.816 ERROR [18368] [CAuthorization::Init@88] [Init] Not found usable dongle

2025-09-24 13:54:42.816 INFO  [18368] [CAuthorization::StartCheckThread@224] StartCheckThread begin.

2025-09-24 13:54:42.816 INFO  [18368] [CAuthorization::StartCheckThread@250] StartCheckThread end.

2025-09-24 13:54:42.816 INFO  [18368] [CAuthorization::Init@92] [Init] End.

2025-09-24 13:54:42.816 INFO  [18368] [InitPluginInstance@27] [Init] [End]

2025-09-24 13:54:42.861 INFO  [20796] [CAuthorization::DoAuthCheck@276] DoAuthCheck begin.

2025-09-24 13:54:42.866 ERROR [20796] [CDongleV5::Login@72] MV_LoginLicense fail, dongle type[0](0:dongle, 2:soft lock, 3:remote dongle) ret[5], msg[There are no available local locks.]

2025-09-24 13:54:42.867 ERROR [20796] [CDongleV5::GetLicenseInfo@318] Login fail. nRet[e0000700]

2025-09-24 13:54:42.867 ERROR [20796] [CAuthorization::GetV5LicenseInfo@388] GetLicenseInfo fail, ret[e0000700]

2025-09-24 13:54:42.867 ERROR [20796] [CAuthorization::DoAuthCheck@292] Can not find v5 dongle

2025-09-24 13:54:50.854 INFO  [18368] [CAuthorization::StopCheckThead@261] StopCheckThead begin.

2025-09-24 13:54:50.854 INFO  [20796] [CAuthorization::DoAuthCheck@330] [Deinit] DoAuthCheck end.

2025-09-24 13:54:50.856 INFO  [18368] [CAuthorization::StopCheckThead@266] StopCheckThead end.

2025-09-24 13:54:50.856 INFO  [18368] [CAuthorization::Uninit@107] [Deinit] End

2025-09-24 13:54:42.863 INFO  [18368] [InitPluginInstance@33] InitPluginInstance - Begin

2025-09-24 13:54:42.863 INFO  [18368] [CMonitorResourceUsage::Init@47] Init begin.

2025-09-24 13:54:42.863 INFO  [18368] [GetDllFilePath@262] path[D:\HIK\VisionMaster4.4.0\Applications\Server]

2025-09-24 13:54:42.864 INFO  [18368] [CMonitorResourceUsage::LoadCfgParam@449] Now resource monitor interval[5]

2025-09-24 13:54:42.864 INFO  [18368] [CMonitorResourceUsage::StartMonitorThread@90] StartMonitorThread begin.

2025-09-24 13:54:42.864 INFO  [18368] [CMonitorResourceUsage::StartMonitorThread@121] StartCheckThread end.

2025-09-24 13:54:42.864 INFO  [18368] [InitPluginInstance@39] InitPluginInstance - End

2025-09-24 13:54:42.864 INFO  [16852] [CMonitorResourceUsage::DoMonitorRes@176] DoMonitorResource begin.

2025-09-24 13:54:42.865 INFO  [16852] [CMonitorResourceUsage::SystemVersionMoreThanWin10@155] MajorVersion[6] MinorVersion[2], 6.2 is win10

2025-09-24 13:54:42.865 INFO  [16852] [CMonitorResourceUsage::DoMonitorRes@200] Do not check process resource

2025-09-24 13:54:50.857 INFO  [18368] [UnitPluginInstance@51] UnitPluginInstance - Begin

2025-09-24 13:54:50.857 INFO  [18368] [CMonitorResourceUsage::StopMonitorThead@132] StopMonitorThead begin.

2025-09-24 13:54:50.879 INFO  [16852] [CMonitorResourceUsage::DoMonitorRes@229] DoMonitorResource end, m_bExitMonitorThread is true

2025-09-24 13:54:50.879 INFO  [18368] [CMonitorResourceUsage::StopMonitorThead@145] StopMonitorThead end.

2025-09-24 13:54:50.879 INFO  [18368] [UnitPluginInstance@55] UnitPluginInstance - End

2025-09-25 16:44:14.469 INFO  [8956] [CAuthorization::Init@59] [Init] Begin.

2025-09-25 16:44:14.497 ERROR [8956] [CDongleV5::Login@72] MV_LoginLicense fail, dongle type[0](0:dongle, 2:soft lock, 3:remote dongle) ret[5], msg[There are no available local locks.]

2025-09-25 16:44:14.498 ERROR [8956] [CDongleV5::GetLicenseInfo@318] Login fail. nRet[e0000700]

2025-09-25 16:44:14.499 ERROR [8956] [CAuthorization::GetV5LicenseInfo@388] GetLicenseInfo fail, ret[e0000700]

2025-09-25 16:44:14.499 ERROR [8956] [CAuthorization::Init@88] [Init] Not found usable dongle

2025-09-25 16:44:14.499 INFO  [8956] [CAuthorization::StartCheckThread@224] StartCheckThread begin.

2025-09-25 16:44:14.499 INFO  [8956] [CAuthorization::StartCheckThread@250] StartCheckThread end.

2025-09-25 16:44:14.499 INFO  [8956] [CAuthorization::Init@92] [Init] End.

2025-09-25 16:44:14.500 INFO  [8956] [InitPluginInstance@27] [Init] [End]

2025-09-25 16:44:14.500 INFO  [12452] [CAuthorization::DoAuthCheck@276] DoAuthCheck begin.

2025-09-25 16:44:14.503 ERROR [12452] [CDongleV5::Login@72] MV_LoginLicense fail, dongle type[0](0:dongle, 2:soft lock, 3:remote dongle) ret[5], msg[There are no available local locks.]

2025-09-25 16:44:14.503 ERROR [12452] [CDongleV5::GetLicenseInfo@318] Login fail. nRet[e0000700]

2025-09-25 16:44:14.503 ERROR [12452] [CAuthorization::GetV5LicenseInfo@388] GetLicenseInfo fail, ret[e0000700]

2025-09-25 16:44:14.503 ERROR [12452] [CAuthorization::DoAuthCheck@292] Can not find v5 dongle

2025-09-25 16:44:14.503 INFO  [8956] [InitPluginInstance@33] InitPluginInstance - Begin

2025-09-25 16:44:14.503 INFO  [8956] [CMonitorResourceUsage::Init@47] Init begin.

2025-09-25 16:44:14.503 INFO  [8956] [GetDllFilePath@262] path[D:\HIK\VisionMaster4.4.0\Applications\Server]

2025-09-25 16:44:14.503 INFO  [8956] [CMonitorResourceUsage::LoadCfgParam@449] Now resource monitor interval[5]

2025-09-25 16:44:14.503 INFO  [8956] [CMonitorResourceUsage::StartMonitorThread@90] StartMonitorThread begin.

2025-09-25 16:44:14.503 INFO  [8956] [CMonitorResourceUsage::StartMonitorThread@121] StartCheckThread end.

2025-09-25 16:44:14.503 INFO  [8956] [InitPluginInstance@39] InitPluginInstance - End

2025-09-25 16:44:14.506 INFO  [7956] [CMonitorResourceUsage::DoMonitorRes@176] DoMonitorResource begin.

2025-09-25 16:44:14.506 INFO  [7956] [CMonitorResourceUsage::SystemVersionMoreThanWin10@155] MajorVersion[6] MinorVersion[2], 6.2 is win10

2025-09-25 16:44:14.506 INFO  [7956] [CMonitorResourceUsage::DoMonitorRes@200] Do not check process resource

2025-09-25 16:44:25.001 INFO  [8956] [CAuthorization::StopCheckThead@261] StopCheckThead begin.

2025-09-25 16:44:25.001 INFO  [12452] [CAuthorization::DoAuthCheck@330] [Deinit] DoAuthCheck end.

2025-09-25 16:44:25.002 INFO  [8956] [CAuthorization::StopCheckThead@266] StopCheckThead end.

2025-09-25 16:44:25.003 INFO  [8956] [CAuthorization::Uninit@107] [Deinit] End

2025-09-25 16:44:25.004 INFO  [8956] [UnitPluginInstance@51] UnitPluginInstance - Begin

2025-09-25 16:44:25.004 INFO  [8956] [CMonitorResourceUsage::StopMonitorThead@132] StopMonitorThead begin.

2025-09-25 16:44:25.069 INFO  [7956] [CMonitorResourceUsage::DoMonitorRes@229] DoMonitorResource end, m_bExitMonitorThread is true

2025-09-25 16:44:25.071 INFO  [8956] [CMonitorResourceUsage::StopMonitorThead@145] StopMonitorThead end.

2025-09-25 16:44:25.071 INFO  [8956] [UnitPluginInstance@55] UnitPluginInstance - End

2025-09-25 18:28:10.642 INFO  [12952] [CAuthorization::Init@59] [Init] Begin.

2025-09-25 18:28:10.670 ERROR [12952] [CDongleV5::Login@72] MV_LoginLicense fail, dongle type[0](0:dongle, 2:soft lock, 3:remote dongle) ret[5], msg[There are no available local locks.]

2025-09-25 18:28:10.671 ERROR [12952] [CDongleV5::GetLicenseInfo@318] Login fail. nRet[e0000700]

2025-09-25 18:28:10.671 ERROR [12952] [CAuthorization::GetV5LicenseInfo@388] GetLicenseInfo fail, ret[e0000700]

2025-09-25 18:28:10.672 ERROR [12952] [CAuthorization::Init@88] [Init] Not found usable dongle

2025-09-25 18:28:10.672 INFO  [12952] [CAuthorization::StartCheckThread@224] StartCheckThread begin.

2025-09-25 18:28:10.673 INFO  [12952] [CAuthorization::StartCheckThread@250] StartCheckThread end.

2025-09-25 18:28:10.674 INFO  [12952] [CAuthorization::Init@92] [Init] End.

2025-09-25 18:28:10.675 INFO  [12952] [InitPluginInstance@27] [Init] [End]

2025-09-25 18:28:10.676 INFO  [14296] [CAuthorization::DoAuthCheck@276] DoAuthCheck begin.

2025-09-25 18:28:10.679 ERROR [14296] [CDongleV5::Login@72] MV_LoginLicense fail, dongle type[0](0:dongle, 2:soft lock, 3:remote dongle) ret[5], msg[There are no available local locks.]

2025-09-25 18:28:10.679 ERROR [14296] [CDongleV5::GetLicenseInfo@318] Login fail. nRet[e0000700]

2025-09-25 18:28:10.680 ERROR [14296] [CAuthorization::GetV5LicenseInfo@388] GetLicenseInfo fail, ret[e0000700]

2025-09-25 18:28:10.680 ERROR [14296] [CAuthorization::DoAuthCheck@292] Can not find v5 dongle

2025-09-25 18:28:10.677 INFO  [12952] [InitPluginInstance@33] InitPluginInstance - Begin

2025-09-25 18:28:10.677 INFO  [12952] [CMonitorResourceUsage::Init@47] Init begin.

2025-09-25 18:28:10.677 INFO  [12952] [GetDllFilePath@262] path[D:\HIK\VisionMaster4.4.0\Applications\Server]

2025-09-25 18:28:10.678 INFO  [12952] [CMonitorResourceUsage::LoadCfgParam@449] Now resource monitor interval[5]

2025-09-25 18:28:10.678 INFO  [12952] [CMonitorResourceUsage::StartMonitorThread@90] StartMonitorThread begin.

2025-09-25 18:28:10.678 INFO  [12952] [CMonitorResourceUsage::StartMonitorThread@121] StartCheckThread end.

2025-09-25 18:28:10.678 INFO  [12952] [InitPluginInstance@39] InitPluginInstance - End

2025-09-25 18:28:10.678 INFO  [7128] [CMonitorResourceUsage::DoMonitorRes@176] DoMonitorResource begin.

2025-09-25 18:28:10.678 INFO  [7128] [CMonitorResourceUsage::SystemVersionMoreThanWin10@155] MajorVersion[6] MinorVersion[2], 6.2 is win10

2025-09-25 18:28:10.678 INFO  [7128] [CMonitorResourceUsage::DoMonitorRes@200] Do not check process resource

2025-09-25 18:28:21.873 INFO  [12952] [CAuthorization::StopCheckThead@261] StopCheckThead begin.

2025-09-25 18:28:21.874 INFO  [14296] [CAuthorization::DoAuthCheck@330] [Deinit] DoAuthCheck end.

2025-09-25 18:28:21.876 INFO  [12952] [CAuthorization::StopCheckThead@266] StopCheckThead end.

2025-09-25 18:28:21.876 INFO  [12952] [CAuthorization::Uninit@107] [Deinit] End

2025-09-25 18:28:21.878 INFO  [12952] [UnitPluginInstance@51] UnitPluginInstance - Begin

2025-09-25 18:28:21.878 INFO  [12952] [CMonitorResourceUsage::StopMonitorThead@132] StopMonitorThead begin.

2025-09-25 18:28:21.901 INFO  [7128] [CMonitorResourceUsage::DoMonitorRes@229] DoMonitorResource end, m_bExitMonitorThread is true

2025-09-25 18:28:21.901 INFO  [12952] [CMonitorResourceUsage::StopMonitorThead@145] StopMonitorThead end.

2025-09-25 18:28:21.901 INFO  [12952] [UnitPluginInstance@55] UnitPluginInstance - End

2025-09-26 09:54:22.155 INFO  [16240] [CAuthorization::Init@59] [Init] Begin.

2025-09-26 09:54:22.186 ERROR [16240] [CDongleV5::Login@72] MV_LoginLicense fail, dongle type[0](0:dongle, 2:soft lock, 3:remote dongle) ret[5], msg[There are no available local locks.]

2025-09-26 09:54:22.186 ERROR [16240] [CDongleV5::GetLicenseInfo@318] Login fail. nRet[e0000700]

2025-09-26 09:54:22.186 ERROR [16240] [CAuthorization::GetV5LicenseInfo@388] GetLicenseInfo fail, ret[e0000700]

2025-09-26 09:54:22.186 ERROR [16240] [CAuthorization::Init@88] [Init] Not found usable dongle

2025-09-26 09:54:22.186 INFO  [16240] [CAuthorization::StartCheckThread@224] StartCheckThread begin.

2025-09-26 09:54:22.186 INFO  [16240] [CAuthorization::StartCheckThread@250] StartCheckThread end.

2025-09-26 09:54:22.186 INFO  [16240] [CAuthorization::Init@92] [Init] End.

2025-09-26 09:54:22.186 INFO  [13256] [CAuthorization::DoAuthCheck@276] DoAuthCheck begin.

2025-09-26 09:54:22.186 INFO  [16240] [InitPluginInstance@27] [Init] [End]

2025-09-26 09:54:22.186 ERROR [13256] [CDongleV5::Login@72] MV_LoginLicense fail, dongle type[0](0:dongle, 2:soft lock, 3:remote dongle) ret[5], msg[There are no available local locks.]

2025-09-26 09:54:22.186 ERROR [13256] [CDongleV5::GetLicenseInfo@318] Login fail. nRet[e0000700]

2025-09-26 09:54:22.186 ERROR [13256] [CAuthorization::GetV5LicenseInfo@388] GetLicenseInfo fail, ret[e0000700]

2025-09-26 09:54:22.186 ERROR [13256] [CAuthorization::DoAuthCheck@292] Can not find v5 dongle

2025-09-26 09:54:22.186 INFO  [16240] [InitPluginInstance@33] InitPluginInstance - Begin

2025-09-26 09:54:22.186 INFO  [16240] [CMonitorResourceUsage::Init@47] Init begin.

2025-09-26 09:54:22.186 INFO  [16240] [GetDllFilePath@262] path[D:\HIK\VisionMaster4.4.0\Applications\Server]

2025-09-26 09:54:22.186 INFO  [16240] [CMonitorResourceUsage::LoadCfgParam@449] Now resource monitor interval[5]

2025-09-26 09:54:22.186 INFO  [16240] [CMonitorResourceUsage::StartMonitorThread@90] StartMonitorThread begin.

2025-09-26 09:54:22.186 INFO  [16240] [CMonitorResourceUsage::StartMonitorThread@121] StartCheckThread end.

2025-09-26 09:54:22.186 INFO  [16240] [InitPluginInstance@39] InitPluginInstance - End

2025-09-26 09:54:22.186 INFO  [16192] [CMonitorResourceUsage::DoMonitorRes@176] DoMonitorResource begin.

2025-09-26 09:54:22.186 INFO  [16192] [CMonitorResourceUsage::SystemVersionMoreThanWin10@155] MajorVersion[6] MinorVersion[2], 6.2 is win10

2025-09-26 09:54:22.186 INFO  [16192] [CMonitorResourceUsage::DoMonitorRes@200] Do not check process resource

2025-09-26 09:54:33.214 INFO  [16240] [CAuthorization::StopCheckThead@261] StopCheckThead begin.

2025-09-26 09:54:33.214 INFO  [13256] [CAuthorization::DoAuthCheck@330] [Deinit] DoAuthCheck end.

2025-09-26 09:54:33.214 INFO  [16240] [CAuthorization::StopCheckThead@266] StopCheckThead end.

2025-09-26 09:54:33.214 INFO  [16240] [CAuthorization::Uninit@107] [Deinit] End

2025-09-26 09:54:33.230 INFO  [16240] [UnitPluginInstance@51] UnitPluginInstance - Begin

2025-09-26 09:54:33.230 INFO  [16240] [CMonitorResourceUsage::StopMonitorThead@132] StopMonitorThead begin.

2025-09-26 09:54:33.276 INFO  [16192] [CMonitorResourceUsage::DoMonitorRes@229] DoMonitorResource end, m_bExitMonitorThread is true

2025-09-26 09:54:33.276 INFO  [16240] [CMonitorResourceUsage::StopMonitorThead@145] StopMonitorThead end.

2025-09-26 09:54:33.276 INFO  [16240] [UnitPluginInstance@55] UnitPluginInstance - End

2025-09-26 11:40:02.363 INFO  [9384] [CAuthorization::Init@59] [Init] Begin.

2025-09-26 11:40:02.394 ERROR [9384] [CDongleV5::Login@72] MV_LoginLicense fail, dongle type[0](0:dongle, 2:soft lock, 3:remote dongle) ret[5], msg[There are no available local locks.]

2025-09-26 11:40:02.394 ERROR [9384] [CDongleV5::GetLicenseInfo@318] Login fail. nRet[e0000700]

2025-09-26 11:40:02.394 ERROR [9384] [CAuthorization::GetV5LicenseInfo@388] GetLicenseInfo fail, ret[e0000700]

2025-09-26 11:40:02.394 ERROR [9384] [CAuthorization::Init@88] [Init] Not found usable dongle

2025-09-26 11:40:02.394 INFO  [9384] [CAuthorization::StartCheckThread@224] StartCheckThread begin.

2025-09-26 11:40:02.394 INFO  [9384] [CAuthorization::StartCheckThread@250] StartCheckThread end.

2025-09-26 11:40:02.394 INFO  [9384] [CAuthorization::Init@92] [Init] End.

2025-09-26 11:40:02.394 INFO  [9384] [InitPluginInstance@27] [Init] [End]

2025-09-26 11:40:02.510 INFO  [21144] [CAuthorization::DoAuthCheck@276] DoAuthCheck begin.

2025-09-26 11:40:02.510 ERROR [21144] [CDongleV5::Login@72] MV_LoginLicense fail, dongle type[0](0:dongle, 2:soft lock, 3:remote dongle) ret[5], msg[There are no available local locks.]

2025-09-26 11:40:02.510 ERROR [21144] [CDongleV5::GetLicenseInfo@318] Login fail. nRet[e0000700]

2025-09-26 11:40:02.510 ERROR [21144] [CAuthorization::GetV5LicenseInfo@388] GetLicenseInfo fail, ret[e0000700]

2025-09-26 11:40:02.510 ERROR [21144] [CAuthorization::DoAuthCheck@292] Can not find v5 dongle

2025-09-26 11:40:05.132 INFO  [9384] [CAuthorization::StopCheckThead@261] StopCheckThead begin.

2025-09-26 11:40:05.132 INFO  [21144] [CAuthorization::DoAuthCheck@330] [Deinit] DoAuthCheck end.

2025-09-26 11:40:05.132 INFO  [9384] [CAuthorization::StopCheckThead@266] StopCheckThead end.

2025-09-26 11:40:05.132 INFO  [9384] [CAuthorization::Uninit@107] [Deinit] End

2025-09-26 11:40:02.510 INFO  [9384] [InitPluginInstance@33] InitPluginInstance - Begin

2025-09-26 11:40:02.510 INFO  [9384] [CMonitorResourceUsage::Init@47] Init begin.

2025-09-26 11:40:02.510 INFO  [9384] [GetDllFilePath@262] path[D:\HIK\VisionMaster4.4.0\Applications\Server]

2025-09-26 11:40:02.510 INFO  [9384] [CMonitorResourceUsage::LoadCfgParam@449] Now resource monitor interval[5]

2025-09-26 11:40:02.510 INFO  [9384] [CMonitorResourceUsage::StartMonitorThread@90] StartMonitorThread begin.

2025-09-26 11:40:02.510 INFO  [9384] [CMonitorResourceUsage::StartMonitorThread@121] StartCheckThread end.

2025-09-26 11:40:02.510 INFO  [9384] [InitPluginInstance@39] InitPluginInstance - End

2025-09-26 11:40:02.541 INFO  [17412] [CMonitorResourceUsage::DoMonitorRes@176] DoMonitorResource begin.

2025-09-26 11:40:02.541 INFO  [17412] [CMonitorResourceUsage::SystemVersionMoreThanWin10@155] MajorVersion[6] MinorVersion[2], 6.2 is win10

2025-09-26 11:40:02.541 INFO  [17412] [CMonitorResourceUsage::DoMonitorRes@200] Do not check process resource

2025-09-26 11:40:05.132 INFO  [9384] [UnitPluginInstance@51] UnitPluginInstance - Begin

2025-09-26 11:40:05.132 INFO  [9384] [CMonitorResourceUsage::StopMonitorThead@132] StopMonitorThead begin.

2025-09-26 11:40:05.185 INFO  [17412] [CMonitorResourceUsage::DoMonitorRes@229] DoMonitorResource end, m_bExitMonitorThread is true

2025-09-26 11:40:05.185 INFO  [9384] [CMonitorResourceUsage::StopMonitorThead@145] StopMonitorThead end.

2025-09-26 11:40:05.185 INFO  [9384] [UnitPluginInstance@55] UnitPluginInstance - End

2025-09-26 16:14:24.772 INFO  [2520] [CAuthorization::Init@59] [Init] Begin.

2025-09-26 16:14:24.798 ERROR [2520] [CDongleV5::Login@72] MV_LoginLicense fail, dongle type[0](0:dongle, 2:soft lock, 3:remote dongle) ret[5], msg[There are no available local locks.]

2025-09-26 16:14:24.798 ERROR [2520] [CDongleV5::GetLicenseInfo@318] Login fail. nRet[e0000700]

2025-09-26 16:14:24.798 ERROR [2520] [CAuthorization::GetV5LicenseInfo@388] GetLicenseInfo fail, ret[e0000700]

2025-09-26 16:14:24.799 ERROR [2520] [CAuthorization::Init@88] [Init] Not found usable dongle

2025-09-26 16:14:24.800 INFO  [2520] [CAuthorization::StartCheckThread@224] StartCheckThread begin.

2025-09-26 16:14:24.801 INFO  [2520] [CAuthorization::StartCheckThread@250] StartCheckThread end.

2025-09-26 16:14:24.802 INFO  [2520] [CAuthorization::Init@92] [Init] End.

2025-09-26 16:14:24.802 INFO  [2520] [InitPluginInstance@27] [Init] [End]

2025-09-26 16:14:24.804 INFO  [20188] [CAuthorization::DoAuthCheck@276] DoAuthCheck begin.

2025-09-26 16:14:24.808 ERROR [20188] [CDongleV5::Login@72] MV_LoginLicense fail, dongle type[0](0:dongle, 2:soft lock, 3:remote dongle) ret[5], msg[There are no available local locks.]

2025-09-26 16:14:24.810 ERROR [20188] [CDongleV5::GetLicenseInfo@318] Login fail. nRet[e0000700]

2025-09-26 16:14:24.811 ERROR [20188] [CAuthorization::GetV5LicenseInfo@388] GetLicenseInfo fail, ret[e0000700]

2025-09-26 16:14:24.811 ERROR [20188] [CAuthorization::DoAuthCheck@292] Can not find v5 dongle

2025-09-26 16:14:24.805 INFO  [2520] [InitPluginInstance@33] InitPluginInstance - Begin

2025-09-26 16:14:24.805 INFO  [2520] [CMonitorResourceUsage::Init@47] Init begin.

2025-09-26 16:14:24.805 INFO  [2520] [GetDllFilePath@262] path[D:\HIK\VisionMaster4.4.0\Applications\Server]

2025-09-26 16:14:24.805 INFO  [2520] [CMonitorResourceUsage::LoadCfgParam@449] Now resource monitor interval[5]

2025-09-26 16:14:24.805 INFO  [2520] [CMonitorResourceUsage::StartMonitorThread@90] StartMonitorThread begin.

2025-09-26 16:14:24.805 INFO  [2520] [CMonitorResourceUsage::StartMonitorThread@121] StartCheckThread end.

2025-09-26 16:14:24.805 INFO  [2520] [InitPluginInstance@39] InitPluginInstance - End

2025-09-26 16:14:24.807 INFO  [19380] [CMonitorResourceUsage::DoMonitorRes@176] DoMonitorResource begin.

2025-09-26 16:14:24.807 INFO  [19380] [CMonitorResourceUsage::SystemVersionMoreThanWin10@155] MajorVersion[6] MinorVersion[2], 6.2 is win10

2025-09-26 16:14:24.807 INFO  [19380] [CMonitorResourceUsage::DoMonitorRes@200] Do not check process resource

2025-09-26 16:14:35.393 INFO  [2520] [CAuthorization::StopCheckThead@261] StopCheckThead begin.

2025-09-26 16:14:35.394 INFO  [20188] [CAuthorization::DoAuthCheck@330] [Deinit] DoAuthCheck end.

2025-09-26 16:14:35.396 INFO  [2520] [CAuthorization::StopCheckThead@266] StopCheckThead end.

2025-09-26 16:14:35.396 INFO  [2520] [CAuthorization::Uninit@107] [Deinit] End

2025-09-26 16:14:35.397 INFO  [2520] [UnitPluginInstance@51] UnitPluginInstance - Begin

2025-09-26 16:14:35.397 INFO  [2520] [CMonitorResourceUsage::StopMonitorThead@132] StopMonitorThead begin.

2025-09-26 16:14:35.415 INFO  [19380] [CMonitorResourceUsage::DoMonitorRes@229] DoMonitorResource end, m_bExitMonitorThread is true

2025-09-26 16:14:35.417 INFO  [2520] [CMonitorResourceUsage::StopMonitorThead@145] StopMonitorThead end.

2025-09-26 16:14:35.417 INFO  [2520] [UnitPluginInstance@55] UnitPluginInstance - End

2025-09-27 10:01:18.707 INFO  [18160] [CAuthorization::Init@59] [Init] Begin.

2025-09-27 10:01:18.733 ERROR [18160] [CDongleV5::Login@72] MV_LoginLicense fail, dongle type[0](0:dongle, 2:soft lock, 3:remote dongle) ret[5], msg[There are no available local locks.]

2025-09-27 10:01:18.734 ERROR [18160] [CDongleV5::GetLicenseInfo@318] Login fail. nRet[e0000700]

2025-09-27 10:01:18.734 ERROR [18160] [CAuthorization::GetV5LicenseInfo@388] GetLicenseInfo fail, ret[e0000700]

2025-09-27 10:01:18.734 ERROR [18160] [CAuthorization::Init@88] [Init] Not found usable dongle

2025-09-27 10:01:18.734 INFO  [18160] [CAuthorization::StartCheckThread@224] StartCheckThread begin.

2025-09-27 10:01:18.735 INFO  [18160] [CAuthorization::StartCheckThread@250] StartCheckThread end.

2025-09-27 10:01:18.735 INFO  [18160] [CAuthorization::Init@92] [Init] End.

2025-09-27 10:01:18.735 INFO  [18160] [InitPluginInstance@27] [Init] [End]

2025-09-27 10:01:18.735 INFO  [17832] [CAuthorization::DoAuthCheck@276] DoAuthCheck begin.

2025-09-27 10:01:18.740 ERROR [17832] [CDongleV5::Login@72] MV_LoginLicense fail, dongle type[0](0:dongle, 2:soft lock, 3:remote dongle) ret[5], msg[There are no available local locks.]

2025-09-27 10:01:18.742 ERROR [17832] [CDongleV5::GetLicenseInfo@318] Login fail. nRet[e0000700]

2025-09-27 10:01:18.742 ERROR [17832] [CAuthorization::GetV5LicenseInfo@388] GetLicenseInfo fail, ret[e0000700]

2025-09-27 10:01:18.742 ERROR [17832] [CAuthorization::DoAuthCheck@292] Can not find v5 dongle

2025-09-27 10:01:18.738 INFO  [18160] [InitPluginInstance@33] InitPluginInstance - Begin

2025-09-27 10:01:18.738 INFO  [18160] [CMonitorResourceUsage::Init@47] Init begin.

2025-09-27 10:01:18.738 INFO  [18160] [GetDllFilePath@262] path[D:\HIK\VisionMaster4.4.0\Applications\Server]

2025-09-27 10:01:18.739 INFO  [18160] [CMonitorResourceUsage::LoadCfgParam@449] Now resource monitor interval[5]

2025-09-27 10:01:18.739 INFO  [18160] [CMonitorResourceUsage::StartMonitorThread@90] StartMonitorThread begin.

2025-09-27 10:01:18.739 INFO  [18160] [CMonitorResourceUsage::StartMonitorThread@121] StartCheckThread end.

2025-09-27 10:01:18.739 INFO  [18160] [InitPluginInstance@39] InitPluginInstance - End

2025-09-27 10:01:18.742 INFO  [17836] [CMonitorResourceUsage::DoMonitorRes@176] DoMonitorResource begin.

2025-09-27 10:01:18.742 INFO  [17836] [CMonitorResourceUsage::SystemVersionMoreThanWin10@155] MajorVersion[6] MinorVersion[2], 6.2 is win10

2025-09-27 10:01:18.742 INFO  [17836] [CMonitorResourceUsage::DoMonitorRes@200] Do not check process resource

2025-09-27 10:01:29.981 INFO  [18160] [CAuthorization::StopCheckThead@261] StopCheckThead begin.

2025-09-27 10:01:29.981 INFO  [17832] [CAuthorization::DoAuthCheck@330] [Deinit] DoAuthCheck end.

2025-09-27 10:01:29.982 INFO  [18160] [CAuthorization::StopCheckThead@266] StopCheckThead end.

2025-09-27 10:01:29.982 INFO  [18160] [CAuthorization::Uninit@107] [Deinit] End

2025-09-27 10:01:29.983 INFO  [18160] [UnitPluginInstance@51] UnitPluginInstance - Begin

2025-09-27 10:01:29.983 INFO  [18160] [CMonitorResourceUsage::StopMonitorThead@132] StopMonitorThead begin.

2025-09-27 10:01:30.000 INFO  [17836] [CMonitorResourceUsage::DoMonitorRes@229] DoMonitorResource end, m_bExitMonitorThread is true

2025-09-27 10:01:30.001 INFO  [18160] [CMonitorResourceUsage::StopMonitorThead@145] StopMonitorThead end.

2025-09-27 10:01:30.001 INFO  [18160] [UnitPluginInstance@55] UnitPluginInstance - End

2025-10-08 16:27:47.290 INFO  [19428] [CAuthorization::Init@59] [Init] Begin.

2025-10-08 16:27:47.316 ERROR [19428] [CDongleV5::Login@72] MV_LoginLicense fail, dongle type[0](0:dongle, 2:soft lock, 3:remote dongle) ret[5], msg[There are no available local locks.]

2025-10-08 16:27:47.316 ERROR [19428] [CDongleV5::GetLicenseInfo@318] Login fail. nRet[e0000700]

2025-10-08 16:27:47.316 ERROR [19428] [CAuthorization::GetV5LicenseInfo@388] GetLicenseInfo fail, ret[e0000700]

2025-10-08 16:27:47.317 ERROR [19428] [CAuthorization::Init@88] [Init] Not found usable dongle

2025-10-08 16:27:47.318 INFO  [19428] [CAuthorization::StartCheckThread@224] StartCheckThread begin.

2025-10-08 16:27:47.319 INFO  [19428] [CAuthorization::StartCheckThread@250] StartCheckThread end.

2025-10-08 16:27:47.320 INFO  [19428] [CAuthorization::Init@92] [Init] End.

2025-10-08 16:27:47.320 INFO  [19428] [InitPluginInstance@27] [Init] [End]

2025-10-08 16:27:47.328 INFO  [2344] [CAuthorization::DoAuthCheck@276] DoAuthCheck begin.

2025-10-08 16:27:47.339 ERROR [2344] [CDongleV5::Login@72] MV_LoginLicense fail, dongle type[0](0:dongle, 2:soft lock, 3:remote dongle) ret[5], msg[There are no available local locks.]

2025-10-08 16:27:47.340 ERROR [2344] [CDongleV5::GetLicenseInfo@318] Login fail. nRet[e0000700]

2025-10-08 16:27:47.341 ERROR [2344] [CAuthorization::GetV5LicenseInfo@388] GetLicenseInfo fail, ret[e0000700]

2025-10-08 16:27:47.342 ERROR [2344] [CAuthorization::DoAuthCheck@292] Can not find v5 dongle

2025-10-08 16:27:47.677 INFO  [19428] [CAuthorization::StopCheckThead@261] StopCheckThead begin.

2025-10-08 16:27:47.678 INFO  [2344] [CAuthorization::DoAuthCheck@330] [Deinit] DoAuthCheck end.

2025-10-08 16:27:47.680 INFO  [19428] [CAuthorization::StopCheckThead@266] StopCheckThead end.

2025-10-08 16:27:47.680 INFO  [19428] [CAuthorization::Uninit@107] [Deinit] End

2025-10-08 16:27:47.329 INFO  [19428] [InitPluginInstance@33] InitPluginInstance - Begin

2025-10-08 16:27:47.329 INFO  [19428] [CMonitorResourceUsage::Init@47] Init begin.

2025-10-08 16:27:47.329 INFO  [19428] [GetDllFilePath@262] path[D:\HIK\VisionMaster4.4.0\Applications\Server]

2025-10-08 16:27:47.329 INFO  [19428] [CMonitorResourceUsage::LoadCfgParam@449] Now resource monitor interval[5]

2025-10-08 16:27:47.329 INFO  [19428] [CMonitorResourceUsage::StartMonitorThread@90] StartMonitorThread begin.

2025-10-08 16:27:47.329 INFO  [19428] [CMonitorResourceUsage::StartMonitorThread@121] StartCheckThread end.

2025-10-08 16:27:47.329 INFO  [19428] [InitPluginInstance@39] InitPluginInstance - End

2025-10-08 16:27:47.333 INFO  [14908] [CMonitorResourceUsage::DoMonitorRes@176] DoMonitorResource begin.

2025-10-08 16:27:47.333 INFO  [14908] [CMonitorResourceUsage::SystemVersionMoreThanWin10@155] MajorVersion[6] MinorVersion[2], 6.2 is win10

2025-10-08 16:27:47.333 INFO  [14908] [CMonitorResourceUsage::DoMonitorRes@200] Do not check process resource

2025-10-08 16:27:47.682 INFO  [19428] [UnitPluginInstance@51] UnitPluginInstance - Begin

2025-10-08 16:27:47.682 INFO  [19428] [CMonitorResourceUsage::StopMonitorThead@132] StopMonitorThead begin.

2025-10-08 16:27:47.700 INFO  [14908] [CMonitorResourceUsage::DoMonitorRes@229] DoMonitorResource end, m_bExitMonitorThread is true

2025-10-08 16:27:47.701 INFO  [19428] [CMonitorResourceUsage::StopMonitorThead@145] StopMonitorThead end.

2025-10-08 16:27:47.701 INFO  [19428] [UnitPluginInstance@55] UnitPluginInstance - End

2025-10-13 15:00:33.588 INFO  [17436] [CAuthorization::Init@59] [Init] Begin.

2025-10-13 15:00:33.616 ERROR [17436] [CDongleV5::Login@72] MV_LoginLicense fail, dongle type[0](0:dongle, 2:soft lock, 3:remote dongle) ret[5], msg[There are no available local locks.]

2025-10-13 15:00:33.617 ERROR [17436] [CDongleV5::GetLicenseInfo@318] Login fail. nRet[e0000700]

2025-10-13 15:00:33.617 ERROR [17436] [CAuthorization::GetV5LicenseInfo@388] GetLicenseInfo fail, ret[e0000700]

2025-10-13 15:00:33.617 ERROR [17436] [CAuthorization::Init@88] [Init] Not found usable dongle

2025-10-13 15:00:33.617 INFO  [17436] [CAuthorization::StartCheckThread@224] StartCheckThread begin.

2025-10-13 15:00:33.618 INFO  [17436] [CAuthorization::StartCheckThread@250] StartCheckThread end.

2025-10-13 15:00:33.618 INFO  [17436] [CAuthorization::Init@92] [Init] End.

2025-10-13 15:00:33.618 INFO  [17436] [InitPluginInstance@27] [Init] [End]

2025-10-13 15:00:33.661 INFO  [14684] [CAuthorization::DoAuthCheck@276] DoAuthCheck begin.

2025-10-13 15:00:33.667 ERROR [14684] [CDongleV5::Login@72] MV_LoginLicense fail, dongle type[0](0:dongle, 2:soft lock, 3:remote dongle) ret[5], msg[There are no available local locks.]

2025-10-13 15:00:33.669 ERROR [14684] [CDongleV5::GetLicenseInfo@318] Login fail. nRet[e0000700]

2025-10-13 15:00:33.669 ERROR [14684] [CAuthorization::GetV5LicenseInfo@388] GetLicenseInfo fail, ret[e0000700]

2025-10-13 15:00:33.670 ERROR [14684] [CAuthorization::DoAuthCheck@292] Can not find v5 dongle

2025-10-13 15:00:41.068 INFO  [17436] [CAuthorization::StopCheckThead@261] StopCheckThead begin.

2025-10-13 15:00:41.068 INFO  [14684] [CAuthorization::DoAuthCheck@330] [Deinit] DoAuthCheck end.

2025-10-13 15:00:41.071 INFO  [17436] [CAuthorization::StopCheckThead@266] StopCheckThead end.

2025-10-13 15:00:41.071 INFO  [17436] [CAuthorization::Uninit@107] [Deinit] End

2025-10-13 15:00:33.663 INFO  [17436] [InitPluginInstance@33] InitPluginInstance - Begin

2025-10-13 15:00:33.663 INFO  [17436] [CMonitorResourceUsage::Init@47] Init begin.

2025-10-13 15:00:33.663 INFO  [17436] [GetDllFilePath@262] path[D:\HIK\VisionMaster4.4.0\Applications\Server]

2025-10-13 15:00:33.664 INFO  [17436] [CMonitorResourceUsage::LoadCfgParam@449] Now resource monitor interval[5]

2025-10-13 15:00:33.664 INFO  [17436] [CMonitorResourceUsage::StartMonitorThread@90] StartMonitorThread begin.

2025-10-13 15:00:33.664 INFO  [17436] [CMonitorResourceUsage::StartMonitorThread@121] StartCheckThread end.

2025-10-13 15:00:33.664 INFO  [17436] [InitPluginInstance@39] InitPluginInstance - End

2025-10-13 15:00:33.665 INFO  [10052] [CMonitorResourceUsage::DoMonitorRes@176] DoMonitorResource begin.

2025-10-13 15:00:33.665 INFO  [10052] [CMonitorResourceUsage::SystemVersionMoreThanWin10@155] MajorVersion[6] MinorVersion[2], 6.2 is win10

2025-10-13 15:00:33.665 INFO  [10052] [CMonitorResourceUsage::DoMonitorRes@200] Do not check process resource

2025-10-13 15:00:41.073 INFO  [17436] [UnitPluginInstance@51] UnitPluginInstance - Begin

2025-10-13 15:00:41.073 INFO  [17436] [CMonitorResourceUsage::StopMonitorThead@132] StopMonitorThead begin.

2025-10-13 15:00:41.107 INFO  [10052] [CMonitorResourceUsage::DoMonitorRes@229] DoMonitorResource end, m_bExitMonitorThread is true

2025-10-13 15:00:41.107 INFO  [17436] [CMonitorResourceUsage::StopMonitorThead@145] StopMonitorThead end.

2025-10-13 15:00:41.107 INFO  [17436] [UnitPluginInstance@55] UnitPluginInstance - End

2025-10-13 15:24:20.511 INFO  [22336] [CAuthorization::Init@59] [Init] Begin.

2025-10-13 15:24:20.538 ERROR [22336] [CDongleV5::Login@72] MV_LoginLicense fail, dongle type[0](0:dongle, 2:soft lock, 3:remote dongle) ret[5], msg[There are no available local locks.]

2025-10-13 15:24:20.539 ERROR [22336] [CDongleV5::GetLicenseInfo@318] Login fail. nRet[e0000700]

2025-10-13 15:24:20.540 ERROR [22336] [CAuthorization::GetV5LicenseInfo@388] GetLicenseInfo fail, ret[e0000700]

2025-10-13 15:24:20.540 ERROR [22336] [CAuthorization::Init@88] [Init] Not found usable dongle

2025-10-13 15:24:20.540 INFO  [22336] [CAuthorization::StartCheckThread@224] StartCheckThread begin.

2025-10-13 15:24:20.540 INFO  [22336] [CAuthorization::StartCheckThread@250] StartCheckThread end.

2025-10-13 15:24:20.540 INFO  [22336] [CAuthorization::Init@92] [Init] End.

2025-10-13 15:24:20.540 INFO  [22336] [InitPluginInstance@27] [Init] [End]

2025-10-13 15:24:20.546 INFO  [19768] [CAuthorization::DoAuthCheck@276] DoAuthCheck begin.

2025-10-13 15:24:20.549 ERROR [19768] [CDongleV5::Login@72] MV_LoginLicense fail, dongle type[0](0:dongle, 2:soft lock, 3:remote dongle) ret[5], msg[There are no available local locks.]

2025-10-13 15:24:20.550 ERROR [19768] [CDongleV5::GetLicenseInfo@318] Login fail. nRet[e0000700]

2025-10-13 15:24:20.551 ERROR [19768] [CAuthorization::GetV5LicenseInfo@388] GetLicenseInfo fail, ret[e0000700]

2025-10-13 15:24:20.552 ERROR [19768] [CAuthorization::DoAuthCheck@292] Can not find v5 dongle

2025-10-13 15:24:20.863 INFO  [22336] [CAuthorization::StopCheckThead@261] StopCheckThead begin.

2025-10-13 15:24:20.864 INFO  [19768] [CAuthorization::DoAuthCheck@330] [Deinit] DoAuthCheck end.

2025-10-13 15:24:20.866 INFO  [22336] [CAuthorization::StopCheckThead@266] StopCheckThead end.

2025-10-13 15:24:20.866 INFO  [22336] [CAuthorization::Uninit@107] [Deinit] End

2025-10-13 15:24:20.553 INFO  [22336] [InitPluginInstance@33] InitPluginInstance - Begin

2025-10-13 15:24:20.553 INFO  [22336] [CMonitorResourceUsage::Init@47] Init begin.

2025-10-13 15:24:20.553 INFO  [22336] [GetDllFilePath@262] path[D:\HIK\VisionMaster4.4.0\Applications\Server]

2025-10-13 15:24:20.553 INFO  [22336] [CMonitorResourceUsage::LoadCfgParam@449] Now resource monitor interval[5]

2025-10-13 15:24:20.553 INFO  [22336] [CMonitorResourceUsage::StartMonitorThread@90] StartMonitorThread begin.

2025-10-13 15:24:20.553 INFO  [22336] [CMonitorResourceUsage::StartMonitorThread@121] StartCheckThread end.

2025-10-13 15:24:20.553 INFO  [22336] [InitPluginInstance@39] InitPluginInstance - End

2025-10-13 15:24:20.558 INFO  [19032] [CMonitorResourceUsage::DoMonitorRes@176] DoMonitorResource begin.

2025-10-13 15:24:20.558 INFO  [19032] [CMonitorResourceUsage::SystemVersionMoreThanWin10@155] MajorVersion[6] MinorVersion[2], 6.2 is win10

2025-10-13 15:24:20.558 INFO  [19032] [CMonitorResourceUsage::DoMonitorRes@200] Do not check process resource

2025-10-13 15:24:20.867 INFO  [22336] [UnitPluginInstance@51] UnitPluginInstance - Begin

2025-10-13 15:24:20.867 INFO  [22336] [CMonitorResourceUsage::StopMonitorThead@132] StopMonitorThead begin.

2025-10-13 15:24:20.879 INFO  [19032] [CMonitorResourceUsage::DoMonitorRes@229] DoMonitorResource end, m_bExitMonitorThread is true

2025-10-13 15:24:20.881 INFO  [22336] [CMonitorResourceUsage::StopMonitorThead@145] StopMonitorThead end.

2025-10-13 15:24:20.881 INFO  [22336] [UnitPluginInstance@55] UnitPluginInstance - End

2025-10-13 15:55:42.937 INFO  [16760] [CAuthorization::Init@59] [Init] Begin.

2025-10-13 15:55:42.965 ERROR [16760] [CDongleV5::Login@72] MV_LoginLicense fail, dongle type[0](0:dongle, 2:soft lock, 3:remote dongle) ret[5], msg[There are no available local locks.]

2025-10-13 15:55:42.965 ERROR [16760] [CDongleV5::GetLicenseInfo@318] Login fail. nRet[e0000700]

2025-10-13 15:55:42.965 ERROR [16760] [CAuthorization::GetV5LicenseInfo@388] GetLicenseInfo fail, ret[e0000700]

2025-10-13 15:55:42.967 ERROR [16760] [CAuthorization::Init@88] [Init] Not found usable dongle

2025-10-13 15:55:42.968 INFO  [16760] [CAuthorization::StartCheckThread@224] StartCheckThread begin.

2025-10-13 15:55:42.970 INFO  [16760] [CAuthorization::StartCheckThread@250] StartCheckThread end.

2025-10-13 15:55:42.971 INFO  [16760] [CAuthorization::Init@92] [Init] End.

2025-10-13 15:55:42.971 INFO  [16760] [InitPluginInstance@27] [Init] [End]

2025-10-13 15:55:42.975 INFO  [3132] [CAuthorization::DoAuthCheck@276] DoAuthCheck begin.

2025-10-13 15:55:42.979 ERROR [3132] [CDongleV5::Login@72] MV_LoginLicense fail, dongle type[0](0:dongle, 2:soft lock, 3:remote dongle) ret[5], msg[There are no available local locks.]

2025-10-13 15:55:42.979 ERROR [3132] [CDongleV5::GetLicenseInfo@318] Login fail. nRet[e0000700]

2025-10-13 15:55:42.979 ERROR [3132] [CAuthorization::GetV5LicenseInfo@388] GetLicenseInfo fail, ret[e0000700]

2025-10-13 15:55:42.979 ERROR [3132] [CAuthorization::DoAuthCheck@292] Can not find v5 dongle

2025-10-13 15:55:43.311 INFO  [16760] [CAuthorization::StopCheckThead@261] StopCheckThead begin.

2025-10-13 15:55:43.311 INFO  [3132] [CAuthorization::DoAuthCheck@330] [Deinit] DoAuthCheck end.

2025-10-13 15:55:43.312 INFO  [16760] [CAuthorization::StopCheckThead@266] StopCheckThead end.

2025-10-13 15:55:43.312 INFO  [16760] [CAuthorization::Uninit@107] [Deinit] End

2025-10-13 15:55:42.976 INFO  [16760] [InitPluginInstance@33] InitPluginInstance - Begin

2025-10-13 15:55:42.976 INFO  [16760] [CMonitorResourceUsage::Init@47] Init begin.

2025-10-13 15:55:42.976 INFO  [16760] [GetDllFilePath@262] path[D:\HIK\VisionMaster4.4.0\Applications\Server]

2025-10-13 15:55:42.976 INFO  [16760] [CMonitorResourceUsage::LoadCfgParam@449] Now resource monitor interval[5]

2025-10-13 15:55:42.976 INFO  [16760] [CMonitorResourceUsage::StartMonitorThread@90] StartMonitorThread begin.

2025-10-13 15:55:42.976 INFO  [16760] [CMonitorResourceUsage::StartMonitorThread@121] StartCheckThread end.

2025-10-13 15:55:42.976 INFO  [16760] [InitPluginInstance@39] InitPluginInstance - End

2025-10-13 15:55:42.985 INFO  [11996] [CMonitorResourceUsage::DoMonitorRes@176] DoMonitorResource begin.

2025-10-13 15:55:42.985 INFO  [11996] [CMonitorResourceUsage::SystemVersionMoreThanWin10@155] MajorVersion[6] MinorVersion[2], 6.2 is win10

2025-10-13 15:55:42.985 INFO  [11996] [CMonitorResourceUsage::DoMonitorRes@200] Do not check process resource

2025-10-13 15:55:43.314 INFO  [16760] [UnitPluginInstance@51] UnitPluginInstance - Begin

2025-10-13 15:55:43.314 INFO  [16760] [CMonitorResourceUsage::StopMonitorThead@132] StopMonitorThead begin.

2025-10-13 15:55:43.320 INFO  [11996] [CMonitorResourceUsage::DoMonitorRes@229] DoMonitorResource end, m_bExitMonitorThread is true

2025-10-13 15:55:43.322 INFO  [16760] [CMonitorResourceUsage::StopMonitorThead@145] StopMonitorThead end.

2025-10-13 15:55:43.322 INFO  [16760] [UnitPluginInstance@55] UnitPluginInstance - End

2025-10-13 16:02:59.928 INFO  [21164] [CAuthorization::Init@59] [Init] Begin.

2025-10-13 16:02:59.955 ERROR [21164] [CDongleV5::Login@72] MV_LoginLicense fail, dongle type[0](0:dongle, 2:soft lock, 3:remote dongle) ret[5], msg[There are no available local locks.]

2025-10-13 16:02:59.956 ERROR [21164] [CDongleV5::GetLicenseInfo@318] Login fail. nRet[e0000700]

2025-10-13 16:02:59.957 ERROR [21164] [CAuthorization::GetV5LicenseInfo@388] GetLicenseInfo fail, ret[e0000700]

2025-10-13 16:02:59.957 ERROR [21164] [CAuthorization::Init@88] [Init] Not found usable dongle

2025-10-13 16:02:59.957 INFO  [21164] [CAuthorization::StartCheckThread@224] StartCheckThread begin.

2025-10-13 16:02:59.957 INFO  [21164] [CAuthorization::StartCheckThread@250] StartCheckThread end.

2025-10-13 16:02:59.957 INFO  [21164] [CAuthorization::Init@92] [Init] End.

2025-10-13 16:02:59.957 INFO  [21164] [InitPluginInstance@27] [Init] [End]

2025-10-13 16:02:59.961 INFO  [7644] [CAuthorization::DoAuthCheck@276] DoAuthCheck begin.

2025-10-13 16:02:59.966 ERROR [7644] [CDongleV5::Login@72] MV_LoginLicense fail, dongle type[0](0:dongle, 2:soft lock, 3:remote dongle) ret[5], msg[There are no available local locks.]

2025-10-13 16:02:59.967 ERROR [7644] [CDongleV5::GetLicenseInfo@318] Login fail. nRet[e0000700]

2025-10-13 16:02:59.968 ERROR [7644] [CAuthorization::GetV5LicenseInfo@388] GetLicenseInfo fail, ret[e0000700]

2025-10-13 16:02:59.968 ERROR [7644] [CAuthorization::DoAuthCheck@292] Can not find v5 dongle

2025-10-13 16:03:00.305 INFO  [21164] [CAuthorization::StopCheckThead@261] StopCheckThead begin.

2025-10-13 16:03:00.305 INFO  [7644] [CAuthorization::DoAuthCheck@330] [Deinit] DoAuthCheck end.

2025-10-13 16:03:00.306 INFO  [21164] [CAuthorization::StopCheckThead@266] StopCheckThead end.

2025-10-13 16:03:00.306 INFO  [21164] [CAuthorization::Uninit@107] [Deinit] End

2025-10-13 16:02:59.965 INFO  [21164] [InitPluginInstance@33] InitPluginInstance - Begin

2025-10-13 16:02:59.965 INFO  [21164] [CMonitorResourceUsage::Init@47] Init begin.

2025-10-13 16:02:59.965 INFO  [21164] [GetDllFilePath@262] path[D:\HIK\VisionMaster4.4.0\Applications\Server]

2025-10-13 16:02:59.965 INFO  [21164] [CMonitorResourceUsage::LoadCfgParam@449] Now resource monitor interval[5]

2025-10-13 16:02:59.965 INFO  [21164] [CMonitorResourceUsage::StartMonitorThread@90] StartMonitorThread begin.

2025-10-13 16:02:59.965 INFO  [21164] [CMonitorResourceUsage::StartMonitorThread@121] StartCheckThread end.

2025-10-13 16:02:59.965 INFO  [21164] [InitPluginInstance@39] InitPluginInstance - End

2025-10-13 16:02:59.973 INFO  [8156] [CMonitorResourceUsage::DoMonitorRes@176] DoMonitorResource begin.

2025-10-13 16:02:59.973 INFO  [8156] [CMonitorResourceUsage::SystemVersionMoreThanWin10@155] MajorVersion[6] MinorVersion[2], 6.2 is win10

2025-10-13 16:02:59.973 INFO  [8156] [CMonitorResourceUsage::DoMonitorRes@200] Do not check process resource

2025-10-13 16:03:00.307 INFO  [21164] [UnitPluginInstance@51] UnitPluginInstance - Begin

2025-10-13 16:03:00.307 INFO  [21164] [CMonitorResourceUsage::StopMonitorThead@132] StopMonitorThead begin.

2025-10-13 16:03:00.359 INFO  [8156] [CMonitorResourceUsage::DoMonitorRes@229] DoMonitorResource end, m_bExitMonitorThread is true

2025-10-13 16:03:00.361 INFO  [21164] [CMonitorResourceUsage::StopMonitorThead@145] StopMonitorThead end.

2025-10-13 16:03:00.361 INFO  [21164] [UnitPluginInstance@55] UnitPluginInstance - End

2025-10-13 16:04:45.046 INFO  [9672] [CAuthorization::Init@59] [Init] Begin.

2025-10-13 16:04:45.073 ERROR [9672] [CDongleV5::Login@72] MV_LoginLicense fail, dongle type[0](0:dongle, 2:soft lock, 3:remote dongle) ret[5], msg[There are no available local locks.]

2025-10-13 16:04:45.074 ERROR [9672] [CDongleV5::GetLicenseInfo@318] Login fail. nRet[e0000700]

2025-10-13 16:04:45.074 ERROR [9672] [CAuthorization::GetV5LicenseInfo@388] GetLicenseInfo fail, ret[e0000700]

2025-10-13 16:04:45.074 ERROR [9672] [CAuthorization::Init@88] [Init] Not found usable dongle

2025-10-13 16:04:45.074 INFO  [9672] [CAuthorization::StartCheckThread@224] StartCheckThread begin.

2025-10-13 16:04:45.074 INFO  [9672] [CAuthorization::StartCheckThread@250] StartCheckThread end.

2025-10-13 16:04:45.074 INFO  [9672] [CAuthorization::Init@92] [Init] End.

2025-10-13 16:04:45.074 INFO  [9672] [InitPluginInstance@27] [Init] [End]

2025-10-13 16:04:45.078 INFO  [11184] [CAuthorization::DoAuthCheck@276] DoAuthCheck begin.

2025-10-13 16:04:45.083 ERROR [11184] [CDongleV5::Login@72] MV_LoginLicense fail, dongle type[0](0:dongle, 2:soft lock, 3:remote dongle) ret[5], msg[There are no available local locks.]

2025-10-13 16:04:45.086 ERROR [11184] [CDongleV5::GetLicenseInfo@318] Login fail. nRet[e0000700]

2025-10-13 16:04:45.086 ERROR [11184] [CAuthorization::GetV5LicenseInfo@388] GetLicenseInfo fail, ret[e0000700]

2025-10-13 16:04:45.086 ERROR [11184] [CAuthorization::DoAuthCheck@292] Can not find v5 dongle

2025-10-13 16:04:45.417 INFO  [9672] [CAuthorization::StopCheckThead@261] StopCheckThead begin.

2025-10-13 16:04:45.417 INFO  [11184] [CAuthorization::DoAuthCheck@330] [Deinit] DoAuthCheck end.

2025-10-13 16:04:45.418 INFO  [9672] [CAuthorization::StopCheckThead@266] StopCheckThead end.

2025-10-13 16:04:45.418 INFO  [9672] [CAuthorization::Uninit@107] [Deinit] End

2025-10-13 16:04:45.082 INFO  [9672] [InitPluginInstance@33] InitPluginInstance - Begin

2025-10-13 16:04:45.082 INFO  [9672] [CMonitorResourceUsage::Init@47] Init begin.

2025-10-13 16:04:45.082 INFO  [9672] [GetDllFilePath@262] path[D:\HIK\VisionMaster4.4.0\Applications\Server]

2025-10-13 16:04:45.082 INFO  [9672] [CMonitorResourceUsage::LoadCfgParam@449] Now resource monitor interval[5]

2025-10-13 16:04:45.082 INFO  [9672] [CMonitorResourceUsage::StartMonitorThread@90] StartMonitorThread begin.

2025-10-13 16:04:45.082 INFO  [9672] [CMonitorResourceUsage::StartMonitorThread@121] StartCheckThread end.

2025-10-13 16:04:45.082 INFO  [9672] [InitPluginInstance@39] InitPluginInstance - End

2025-10-13 16:04:45.088 INFO  [17312] [CMonitorResourceUsage::DoMonitorRes@176] DoMonitorResource begin.

2025-10-13 16:04:45.088 INFO  [17312] [CMonitorResourceUsage::SystemVersionMoreThanWin10@155] MajorVersion[6] MinorVersion[2], 6.2 is win10

2025-10-13 16:04:45.088 INFO  [17312] [CMonitorResourceUsage::DoMonitorRes@200] Do not check process resource

2025-10-13 16:04:45.420 INFO  [9672] [UnitPluginInstance@51] UnitPluginInstance - Begin

2025-10-13 16:04:45.420 INFO  [9672] [CMonitorResourceUsage::StopMonitorThead@132] StopMonitorThead begin.

2025-10-13 16:04:45.473 INFO  [17312] [CMonitorResourceUsage::DoMonitorRes@229] DoMonitorResource end, m_bExitMonitorThread is true

2025-10-13 16:04:45.474 INFO  [9672] [CMonitorResourceUsage::StopMonitorThead@145] StopMonitorThead end.

2025-10-13 16:04:45.474 INFO  [9672] [UnitPluginInstance@55] UnitPluginInstance - End

2025-10-24 17:05:58.894 INFO  [14532] [CAuthorization::Init@59] [Init] Begin.

2025-10-24 17:05:58.976 ERROR [14532] [CDongleV5::Login@72] MV_LoginLicense fail, dongle type[0](0:dongle, 2:soft lock, 3:remote dongle) ret[5], msg[There are no available local locks.]

2025-10-24 17:05:58.984 ERROR [14532] [CDongleV5::GetLicenseInfo@318] Login fail. nRet[e0000700]

2025-10-24 17:05:58.984 ERROR [14532] [CAuthorization::GetV5LicenseInfo@388] GetLicenseInfo fail, ret[e0000700]

2025-10-24 17:05:58.986 ERROR [14532] [CAuthorization::Init@88] [Init] Not found usable dongle

2025-10-24 17:05:58.986 INFO  [14532] [CAuthorization::StartCheckThread@224] StartCheckThread begin.

2025-10-24 17:05:58.988 INFO  [14532] [CAuthorization::StartCheckThread@250] StartCheckThread end.

2025-10-24 17:05:58.988 INFO  [14532] [CAuthorization::Init@92] [Init] End.

2025-10-24 17:05:58.989 INFO  [14532] [InitPluginInstance@27] [Init] [End]

2025-10-24 17:05:58.992 INFO  [35248] [CAuthorization::DoAuthCheck@276] DoAuthCheck begin.

2025-10-24 17:05:58.998 ERROR [35248] [CDongleV5::Login@72] MV_LoginLicense fail, dongle type[0](0:dongle, 2:soft lock, 3:remote dongle) ret[5], msg[There are no available local locks.]

2025-10-24 17:05:59.000 ERROR [35248] [CDongleV5::GetLicenseInfo@318] Login fail. nRet[e0000700]

2025-10-24 17:05:59.001 ERROR [35248] [CAuthorization::GetV5LicenseInfo@388] GetLicenseInfo fail, ret[e0000700]

2025-10-24 17:05:59.001 ERROR [35248] [CAuthorization::DoAuthCheck@292] Can not find v5 dongle

2025-10-24 17:05:59.612 INFO  [14532] [CAuthorization::StopCheckThead@261] StopCheckThead begin.

2025-10-24 17:05:59.614 INFO  [35248] [CAuthorization::DoAuthCheck@330] [Deinit] DoAuthCheck end.

2025-10-24 17:05:59.624 INFO  [14532] [CAuthorization::StopCheckThead@266] StopCheckThead end.

2025-10-24 17:05:59.624 INFO  [14532] [CAuthorization::Uninit@107] [Deinit] End

2025-10-24 17:05:59.003 INFO  [14532] [InitPluginInstance@33] InitPluginInstance - Begin

2025-10-24 17:05:59.003 INFO  [14532] [CMonitorResourceUsage::Init@47] Init begin.

2025-10-24 17:05:59.004 INFO  [14532] [GetDllFilePath@262] path[D:\Program Files\VisionMaster4.4.0\Applications\Server]

2025-10-24 17:05:59.004 INFO  [14532] [CMonitorResourceUsage::LoadCfgParam@449] Now resource monitor interval[5]

2025-10-24 17:05:59.004 INFO  [14532] [CMonitorResourceUsage::StartMonitorThread@90] StartMonitorThread begin.

2025-10-24 17:05:59.004 INFO  [14532] [CMonitorResourceUsage::StartMonitorThread@121] StartCheckThread end.

2025-10-24 17:05:59.004 INFO  [14532] [InitPluginInstance@39] InitPluginInstance - End

2025-10-24 17:05:59.015 INFO  [35264] [CMonitorResourceUsage::DoMonitorRes@176] DoMonitorResource begin.

2025-10-24 17:05:59.015 INFO  [35264] [CMonitorResourceUsage::SystemVersionMoreThanWin10@155] MajorVersion[6] MinorVersion[2], 6.2 is win10

2025-10-24 17:05:59.015 INFO  [35264] [CMonitorResourceUsage::DoMonitorRes@200] Do not check process resource

2025-10-24 17:06:00.897 INFO  [14532] [UnitPluginInstance@51] UnitPluginInstance - Begin

2025-10-24 17:06:00.897 INFO  [14532] [CMonitorResourceUsage::StopMonitorThead@132] StopMonitorThead begin.

2025-10-24 17:06:01.032 INFO  [35264] [CMonitorResourceUsage::DoMonitorRes@264] DoMonitorResource memoryUsage[66] CPU[29] DiskFreeMB[1548].

2025-10-24 17:06:01.032 INFO  [35264] [CMonitorResourceUsage::DoMonitorRes@229] DoMonitorResource end, m_bExitMonitorThread is true

2025-10-24 17:06:01.033 INFO  [14532] [CMonitorResourceUsage::StopMonitorThead@145] StopMonitorThead end.

2025-10-24 17:06:01.033 INFO  [14532] [UnitPluginInstance@55] UnitPluginInstance - End

2025-10-29 08:50:12.546 INFO  [8896] [CAuthorization::Init@59] [Init] Begin.

2025-10-29 08:50:12.687 INFO  [8896] [CDongleV5::Login@87] MV_LoginLicense sucessfully, dongle type[0](0:dongle, 2:soft lock, 3:remote dongle) handle[1] licId[40001]

2025-10-29 08:50:12.687 INFO  [8896] [CDongleV5::GetDongleInfo@133] MV_GetUserDataSize begin

2025-10-29 08:50:12.702 INFO  [8896] [CDongleV5::GetDongleInfo@141] MV_GetUserDataSize end

2025-10-29 08:50:12.718 INFO  [8896] [CDongleV5::GetDongleInfo@158] MV_ReadUserData, Dongle name[6200], camera num[4], soft version[1], series[0], language[0]

2025-10-29 08:50:12.718 INFO  [8896] [CDongleV5::GetDongleInfo@164] Dongle serial number[FL0403490] len[9]

2025-10-29 08:50:12.749 INFO  [8896] [CDongleV5::GetLicenseInfo@343] GetRemainTime end.

2025-10-29 08:50:12.749 INFO  [8896] [CAuthorization::Init@79] [Init] Get license v5 sucessfully

2025-10-29 08:50:12.749 INFO  [8896] [CAuthorization::StartCheckThread@224] StartCheckThread begin.

2025-10-29 08:50:12.749 INFO  [8896] [CAuthorization::StartCheckThread@250] StartCheckThread end.

2025-10-29 08:50:12.749 INFO  [8896] [CAuthorization::Init@92] [Init] End.

2025-10-29 08:50:12.765 INFO  [8896] [InitPluginInstance@27] [Init] [End]

2025-10-29 08:50:12.827 INFO  [1500] [CAuthorization::DoAuthCheck@276] DoAuthCheck begin.

2025-10-29 08:50:12.952 INFO  [1500] [CDongleV5::Login@87] MV_LoginLicense sucessfully, dongle type[0](0:dongle, 2:soft lock, 3:remote dongle) handle[2] licId[40001]

2025-10-29 08:50:12.952 INFO  [1500] [CDongleV5::GetDongleInfo@133] MV_GetUserDataSize begin

2025-10-29 08:50:12.968 INFO  [1500] [CDongleV5::GetDongleInfo@141] MV_GetUserDataSize end

2025-10-29 08:50:12.983 INFO  [1500] [CDongleV5::GetDongleInfo@158] MV_ReadUserData, Dongle name[6200], camera num[4], soft version[1], series[0], language[0]

2025-10-29 08:50:12.983 INFO  [1500] [CDongleV5::GetDongleInfo@164] Dongle serial number[FL0403490] len[9]

2025-10-29 08:50:13.030 INFO  [1500] [CDongleV5::GetLicenseInfo@343] GetRemainTime end.

2025-10-29 08:50:12.843 INFO  [8896] [InitPluginInstance@33] InitPluginInstance - Begin

2025-10-29 08:50:12.843 INFO  [8896] [CMonitorResourceUsage::Init@47] Init begin.

2025-10-29 08:50:12.843 INFO  [8896] [GetDllFilePath@262] path[D:\VisionMaster4.4.0\Applications\Server]

2025-10-29 08:50:12.843 INFO  [8896] [CMonitorResourceUsage::LoadCfgParam@449] Now resource monitor interval[5]

2025-10-29 08:50:12.843 INFO  [8896] [CMonitorResourceUsage::StartMonitorThread@90] StartMonitorThread begin.

2025-10-29 08:50:12.843 INFO  [8896] [CMonitorResourceUsage::StartMonitorThread@121] StartCheckThread end.

2025-10-29 08:50:12.843 INFO  [8896] [InitPluginInstance@39] InitPluginInstance - End

2025-10-29 08:50:12.843 INFO  [1480] [CMonitorResourceUsage::DoMonitorRes@176] DoMonitorResource begin.

2025-10-29 08:50:12.843 INFO  [1480] [CMonitorResourceUsage::SystemVersionMoreThanWin10@155] MajorVersion[6] MinorVersion[2], 6.2 is win10

2025-10-29 08:50:12.843 INFO  [1480] [CMonitorResourceUsage::DoMonitorRes@200] Do not check process resource

2025-10-29 08:52:39.416 INFO  [11112] [CAuthorization::StopCheckThead@261] StopCheckThead begin.

2025-10-29 08:52:39.416 WARN  [1500] [CAuthorization::DoAuthCheck@322] DoAuthCheck m_bExitAuthCheckThd = true

2025-10-29 08:52:39.416 INFO  [1500] [CAuthorization::DoAuthCheck@330] [Deinit] DoAuthCheck end.

2025-10-29 08:52:39.419 INFO  [11112] [CAuthorization::StopCheckThead@266] StopCheckThead end.

2025-10-29 08:52:39.438 INFO  [11112] [CAuthorization::Uninit@107] [Deinit] End

2025-10-29 08:52:39.452 INFO  [11112] [UnitPluginInstance@51] UnitPluginInstance - Begin

2025-10-29 08:52:39.452 INFO  [11112] [CMonitorResourceUsage::StopMonitorThead@132] StopMonitorThead begin.

2025-10-29 08:52:39.499 INFO  [1480] [CMonitorResourceUsage::DoMonitorRes@229] DoMonitorResource end, m_bExitMonitorThread is true

2025-10-29 08:52:39.499 INFO  [11112] [CMonitorResourceUsage::StopMonitorThead@145] StopMonitorThead end.

2025-10-29 08:52:39.499 INFO  [11112] [UnitPluginInstance@55] UnitPluginInstance - End

2025-10-29 08:52:52.712 INFO  [7268] [CAuthorization::Init@59] [Init] Begin.

2025-10-29 08:52:52.841 INFO  [7268] [CDongleV5::Login@87] MV_LoginLicense sucessfully, dongle type[0](0:dongle, 2:soft lock, 3:remote dongle) handle[1] licId[40001]

2025-10-29 08:52:52.853 INFO  [7268] [CDongleV5::GetDongleInfo@133] MV_GetUserDataSize begin

2025-10-29 08:52:52.872 INFO  [7268] [CDongleV5::GetDongleInfo@141] MV_GetUserDataSize end

2025-10-29 08:52:52.915 INFO  [7268] [CDongleV5::GetDongleInfo@158] MV_ReadUserData, Dongle name[6200], camera num[4], soft version[1], series[0], language[0]

2025-10-29 08:52:52.918 INFO  [7268] [CDongleV5::GetDongleInfo@164] Dongle serial number[FL0403490] len[9]

2025-10-29 08:52:52.967 INFO  [7268] [CDongleV5::GetLicenseInfo@343] GetRemainTime end.

2025-10-29 08:52:52.981 INFO  [7268] [CAuthorization::Init@79] [Init] Get license v5 sucessfully

2025-10-29 08:52:52.982 INFO  [7268] [CAuthorization::StartCheckThread@224] StartCheckThread begin.

2025-10-29 08:52:52.982 INFO  [7268] [CAuthorization::StartCheckThread@250] StartCheckThread end.

2025-10-29 08:52:52.982 INFO  [7268] [CAuthorization::Init@92] [Init] End.

2025-10-29 08:52:52.982 INFO  [7268] [InitPluginInstance@27] [Init] [End]

2025-10-29 08:52:52.987 INFO  [7164] [CAuthorization::DoAuthCheck@276] DoAuthCheck begin.

2025-10-29 08:52:53.186 INFO  [7164] [CDongleV5::Login@87] MV_LoginLicense sucessfully, dongle type[0](0:dongle, 2:soft lock, 3:remote dongle) handle[2] licId[40001]

2025-10-29 08:52:53.193 INFO  [7164] [CDongleV5::GetDongleInfo@133] MV_GetUserDataSize begin

2025-10-29 08:52:53.217 INFO  [7164] [CDongleV5::GetDongleInfo@141] MV_GetUserDataSize end

2025-10-29 08:52:53.237 INFO  [7164] [CDongleV5::GetDongleInfo@158] MV_ReadUserData, Dongle name[6200], camera num[4], soft version[1], series[0], language[0]

2025-10-29 08:52:53.240 INFO  [7164] [CDongleV5::GetDongleInfo@164] Dongle serial number[FL0403490] len[9]

2025-10-29 08:52:53.279 INFO  [7164] [CDongleV5::GetLicenseInfo@343] GetRemainTime end.

2025-10-29 08:52:52.990 INFO  [7268] [InitPluginInstance@33] InitPluginInstance - Begin

2025-10-29 08:52:52.990 INFO  [7268] [CMonitorResourceUsage::Init@47] Init begin.

2025-10-29 08:52:52.990 INFO  [7268] [GetDllFilePath@262] path[D:\VisionMaster4.4.0\Applications\Server]

2025-10-29 08:52:52.990 INFO  [7268] [CMonitorResourceUsage::LoadCfgParam@449] Now resource monitor interval[5]

2025-10-29 08:52:52.990 INFO  [7268] [CMonitorResourceUsage::StartMonitorThread@90] StartMonitorThread begin.

2025-10-29 08:52:52.990 INFO  [7268] [CMonitorResourceUsage::StartMonitorThread@121] StartCheckThread end.

2025-10-29 08:52:52.990 INFO  [7268] [InitPluginInstance@39] InitPluginInstance - End

2025-10-29 08:52:52.993 INFO  [10992] [CMonitorResourceUsage::DoMonitorRes@176] DoMonitorResource begin.

2025-10-29 08:52:52.994 INFO  [10992] [CMonitorResourceUsage::SystemVersionMoreThanWin10@155] MajorVersion[6] MinorVersion[2], 6.2 is win10

2025-10-29 08:52:52.994 INFO  [10992] [CMonitorResourceUsage::DoMonitorRes@200] Do not check process resource

2025-10-29 08:53:12.532 INFO  [1624] [CAuthorization::StopCheckThead@261] StopCheckThead begin.

2025-10-29 08:53:12.532 WARN  [7164] [CAuthorization::DoAuthCheck@322] DoAuthCheck m_bExitAuthCheckThd = true

2025-10-29 08:53:12.548 INFO  [7164] [CAuthorization::DoAuthCheck@330] [Deinit] DoAuthCheck end.

2025-10-29 08:53:12.548 INFO  [1624] [CAuthorization::StopCheckThead@266] StopCheckThead end.

2025-10-29 08:53:12.563 INFO  [1624] [CAuthorization::Uninit@107] [Deinit] End

2025-10-29 08:53:12.563 INFO  [1624] [UnitPluginInstance@51] UnitPluginInstance - Begin

2025-10-29 08:53:12.563 INFO  [1624] [CMonitorResourceUsage::StopMonitorThead@132] StopMonitorThead begin.

2025-10-29 08:53:12.610 INFO  [10992] [CMonitorResourceUsage::DoMonitorRes@229] DoMonitorResource end, m_bExitMonitorThread is true

2025-10-29 08:53:12.610 INFO  [1624] [CMonitorResourceUsage::StopMonitorThead@145] StopMonitorThead end.

2025-10-29 08:53:12.610 INFO  [1624] [UnitPluginInstance@55] UnitPluginInstance - End

2025-10-29 08:59:35.649 INFO  [2868] [CAuthorization::Init@59] [Init] Begin.

2025-10-29 08:59:35.774 INFO  [2868] [CDongleV5::Login@87] MV_LoginLicense sucessfully, dongle type[0](0:dongle, 2:soft lock, 3:remote dongle) handle[1] licId[40001]

2025-10-29 08:59:35.774 INFO  [2868] [CDongleV5::GetDongleInfo@133] MV_GetUserDataSize begin

2025-10-29 08:59:35.806 INFO  [2868] [CDongleV5::GetDongleInfo@141] MV_GetUserDataSize end

2025-10-29 08:59:35.821 INFO  [2868] [CDongleV5::GetDongleInfo@158] MV_ReadUserData, Dongle name[6200], camera num[4], soft version[1], series[0], language[0]

2025-10-29 08:59:35.821 INFO  [2868] [CDongleV5::GetDongleInfo@164] Dongle serial number[FL0403490] len[9]

2025-10-29 08:59:35.852 INFO  [2868] [CDongleV5::GetLicenseInfo@343] GetRemainTime end.

2025-10-29 08:59:35.884 INFO  [2868] [CAuthorization::Init@79] [Init] Get license v5 sucessfully

2025-10-29 08:59:35.884 INFO  [2868] [CAuthorization::StartCheckThread@224] StartCheckThread begin.

2025-10-29 08:59:35.884 INFO  [2868] [CAuthorization::StartCheckThread@250] StartCheckThread end.

2025-10-29 08:59:35.884 INFO  [2868] [CAuthorization::Init@92] [Init] End.

2025-10-29 08:59:35.884 INFO  [2868] [InitPluginInstance@27] [Init] [End]

2025-10-29 08:59:35.884 INFO  [6356] [CAuthorization::DoAuthCheck@276] DoAuthCheck begin.

2025-10-29 08:59:36.055 INFO  [6356] [CDongleV5::Login@87] MV_LoginLicense sucessfully, dongle type[0](0:dongle, 2:soft lock, 3:remote dongle) handle[2] licId[40001]

2025-10-29 08:59:36.055 INFO  [6356] [CDongleV5::GetDongleInfo@133] MV_GetUserDataSize begin

2025-10-29 08:59:36.071 INFO  [6356] [CDongleV5::GetDongleInfo@141] MV_GetUserDataSize end

2025-10-29 08:59:36.087 INFO  [6356] [CDongleV5::GetDongleInfo@158] MV_ReadUserData, Dongle name[6200], camera num[4], soft version[1], series[0], language[0]

2025-10-29 08:59:36.087 INFO  [6356] [CDongleV5::GetDongleInfo@164] Dongle serial number[FL0403490] len[9]

2025-10-29 08:59:36.118 INFO  [6356] [CDongleV5::GetLicenseInfo@343] GetRemainTime end.

2025-10-29 08:59:35.884 INFO  [2868] [InitPluginInstance@33] InitPluginInstance - Begin

2025-10-29 08:59:35.884 INFO  [2868] [CMonitorResourceUsage::Init@47] Init begin.

2025-10-29 08:59:35.884 INFO  [2868] [GetDllFilePath@262] path[D:\VisionMaster4.4.0\Applications\Server]

2025-10-29 08:59:35.884 INFO  [2868] [CMonitorResourceUsage::LoadCfgParam@449] Now resource monitor interval[5]

2025-10-29 08:59:35.884 INFO  [2868] [CMonitorResourceUsage::StartMonitorThread@90] StartMonitorThread begin.

2025-10-29 08:59:35.884 INFO  [2868] [CMonitorResourceUsage::StartMonitorThread@121] StartCheckThread end.

2025-10-29 08:59:35.884 INFO  [2868] [InitPluginInstance@39] InitPluginInstance - End

2025-10-29 08:59:35.899 INFO  [7820] [CMonitorResourceUsage::DoMonitorRes@176] DoMonitorResource begin.

2025-10-29 08:59:35.899 INFO  [7820] [CMonitorResourceUsage::SystemVersionMoreThanWin10@155] MajorVersion[6] MinorVersion[2], 6.2 is win10

2025-10-29 08:59:35.899 INFO  [7820] [CMonitorResourceUsage::DoMonitorRes@200] Do not check process resource

2025-10-29 09:16:54.826 INFO  [6320] [CAuthorization::StopCheckThead@261] StopCheckThead begin.

2025-10-29 09:16:54.826 WARN  [6356] [CAuthorization::DoAuthCheck@322] DoAuthCheck m_bExitAuthCheckThd = true

2025-10-29 09:16:54.826 INFO  [6356] [CAuthorization::DoAuthCheck@330] [Deinit] DoAuthCheck end.

2025-10-29 09:16:54.827 INFO  [6320] [CAuthorization::StopCheckThead@266] StopCheckThead end.

2025-10-29 09:16:54.835 INFO  [6320] [CAuthorization::Uninit@107] [Deinit] End

2025-10-29 09:16:54.848 INFO  [6320] [UnitPluginInstance@51] UnitPluginInstance - Begin

2025-10-29 09:16:54.848 INFO  [6320] [CMonitorResourceUsage::StopMonitorThead@132] StopMonitorThead begin.

2025-10-29 09:16:54.867 INFO  [7820] [CMonitorResourceUsage::DoMonitorRes@229] DoMonitorResource end, m_bExitMonitorThread is true

2025-10-29 09:16:54.877 INFO  [6320] [CMonitorResourceUsage::StopMonitorThead@145] StopMonitorThead end.

2025-10-29 09:16:54.877 INFO  [6320] [UnitPluginInstance@55] UnitPluginInstance - End

2025-10-29 09:18:34.945 INFO  [9864] [CAuthorization::Init@59] [Init] Begin.

2025-10-29 09:18:35.085 INFO  [9864] [CDongleV5::Login@87] MV_LoginLicense sucessfully, dongle type[0](0:dongle, 2:soft lock, 3:remote dongle) handle[1] licId[40001]

2025-10-29 09:18:35.090 INFO  [9864] [CDongleV5::GetDongleInfo@133] MV_GetUserDataSize begin

2025-10-29 09:18:35.108 INFO  [9864] [CDongleV5::GetDongleInfo@141] MV_GetUserDataSize end

2025-10-29 09:18:35.135 INFO  [9864] [CDongleV5::GetDongleInfo@158] MV_ReadUserData, Dongle name[6200], camera num[4], soft version[1], series[0], language[0]

2025-10-29 09:18:35.135 INFO  [9864] [CDongleV5::GetDongleInfo@164] Dongle serial number[FL0403490] len[9]

2025-10-29 09:18:35.174 INFO  [9864] [CDongleV5::GetLicenseInfo@343] GetRemainTime end.

2025-10-29 09:18:35.205 INFO  [9864] [CAuthorization::Init@79] [Init] Get license v5 sucessfully

2025-10-29 09:18:35.205 INFO  [9864] [CAuthorization::StartCheckThread@224] StartCheckThread begin.

2025-10-29 09:18:35.205 INFO  [9864] [CAuthorization::StartCheckThread@250] StartCheckThread end.

2025-10-29 09:18:35.205 INFO  [9864] [CAuthorization::Init@92] [Init] End.

2025-10-29 09:18:35.207 INFO  [9864] [InitPluginInstance@27] [Init] [End]

2025-10-29 09:18:35.219 INFO  [6216] [CAuthorization::DoAuthCheck@276] DoAuthCheck begin.

2025-10-29 09:18:35.365 INFO  [6216] [CDongleV5::Login@87] MV_LoginLicense sucessfully, dongle type[0](0:dongle, 2:soft lock, 3:remote dongle) handle[2] licId[40001]

2025-10-29 09:18:35.376 INFO  [6216] [CDongleV5::GetDongleInfo@133] MV_GetUserDataSize begin

2025-10-29 09:18:35.393 INFO  [6216] [CDongleV5::GetDongleInfo@141] MV_GetUserDataSize end

2025-10-29 09:18:35.413 INFO  [6216] [CDongleV5::GetDongleInfo@158] MV_ReadUserData, Dongle name[6200], camera num[4], soft version[1], series[0], language[0]

2025-10-29 09:18:35.416 INFO  [6216] [CDongleV5::GetDongleInfo@164] Dongle serial number[FL0403490] len[9]

2025-10-29 09:18:35.459 INFO  [6216] [CDongleV5::GetLicenseInfo@343] GetRemainTime end.

2025-10-29 09:18:35.229 INFO  [9864] [InitPluginInstance@33] InitPluginInstance - Begin

2025-10-29 09:18:35.229 INFO  [9864] [CMonitorResourceUsage::Init@47] Init begin.

2025-10-29 09:18:35.229 INFO  [9864] [GetDllFilePath@262] path[D:\VisionMaster4.4.0\Applications\Server]

2025-10-29 09:18:35.229 INFO  [9864] [CMonitorResourceUsage::LoadCfgParam@449] Now resource monitor interval[5]

2025-10-29 09:18:35.229 INFO  [9864] [CMonitorResourceUsage::StartMonitorThread@90] StartMonitorThread begin.

2025-10-29 09:18:35.230 INFO  [9864] [CMonitorResourceUsage::StartMonitorThread@121] StartCheckThread end.

2025-10-29 09:18:35.230 INFO  [9864] [InitPluginInstance@39] InitPluginInstance - End

2025-10-29 09:18:35.242 INFO  [10376] [CMonitorResourceUsage::DoMonitorRes@176] DoMonitorResource begin.

2025-10-29 09:18:35.242 INFO  [10376] [CMonitorResourceUsage::SystemVersionMoreThanWin10@155] MajorVersion[6] MinorVersion[2], 6.2 is win10

2025-10-29 09:18:35.242 INFO  [10376] [CMonitorResourceUsage::DoMonitorRes@200] Do not check process resource

2025-10-29 09:18:53.543 INFO  [7524] [CAuthorization::StopCheckThead@261] StopCheckThead begin.

2025-10-29 09:18:53.544 WARN  [6216] [CAuthorization::DoAuthCheck@322] DoAuthCheck m_bExitAuthCheckThd = true

2025-10-29 09:18:53.546 INFO  [6216] [CAuthorization::DoAuthCheck@330] [Deinit] DoAuthCheck end.

2025-10-29 09:18:53.556 INFO  [7524] [CAuthorization::StopCheckThead@266] StopCheckThead end.

2025-10-29 09:18:53.580 INFO  [7524] [CAuthorization::Uninit@107] [Deinit] End

2025-10-29 09:18:53.589 INFO  [7524] [UnitPluginInstance@51] UnitPluginInstance - Begin

2025-10-29 09:18:53.589 INFO  [7524] [CMonitorResourceUsage::StopMonitorThead@132] StopMonitorThead begin.

2025-10-29 09:18:53.641 INFO  [10376] [CMonitorResourceUsage::DoMonitorRes@229] DoMonitorResource end, m_bExitMonitorThread is true

2025-10-29 09:18:53.643 INFO  [7524] [CMonitorResourceUsage::StopMonitorThead@145] StopMonitorThead end.

2025-10-29 09:18:53.643 INFO  [7524] [UnitPluginInstance@55] UnitPluginInstance - End

2025-10-29 10:02:48.353 INFO  [17988] [CAuthorization::Init@59] [Init] Begin.

2025-10-29 10:02:48.527 INFO  [17988] [CDongleV5::Login@87] MV_LoginLicense sucessfully, dongle type[0](0:dongle, 2:soft lock, 3:remote dongle) handle[1] licId[40001]

2025-10-29 10:02:48.532 INFO  [17988] [CDongleV5::GetDongleInfo@133] MV_GetUserDataSize begin

2025-10-29 10:02:48.551 INFO  [17988] [CDongleV5::GetDongleInfo@141] MV_GetUserDataSize end

2025-10-29 10:02:48.573 INFO  [17988] [CDongleV5::GetDongleInfo@158] MV_ReadUserData, Dongle name[6200], camera num[4], soft version[1], series[0], language[0]

2025-10-29 10:02:48.573 INFO  [17988] [CDongleV5::GetDongleInfo@164] Dongle serial number[FL0403490] len[9]

2025-10-29 10:02:48.671 INFO  [17988] [CDongleV5::GetLicenseInfo@343] GetRemainTime end.

2025-10-29 10:02:48.701 INFO  [17988] [CAuthorization::Init@79] [Init] Get license v5 sucessfully

2025-10-29 10:02:48.701 INFO  [17988] [CAuthorization::StartCheckThread@224] StartCheckThread begin.

2025-10-29 10:02:48.702 INFO  [17988] [CAuthorization::StartCheckThread@250] StartCheckThread end.

2025-10-29 10:02:48.702 INFO  [17988] [CAuthorization::Init@92] [Init] End.

2025-10-29 10:02:48.704 INFO  [17988] [InitPluginInstance@27] [Init] [End]

2025-10-29 10:02:48.709 INFO  [13504] [CAuthorization::DoAuthCheck@276] DoAuthCheck begin.

2025-10-29 10:02:48.860 INFO  [13504] [CDongleV5::Login@87] MV_LoginLicense sucessfully, dongle type[0](0:dongle, 2:soft lock, 3:remote dongle) handle[2] licId[40001]

2025-10-29 10:02:48.862 INFO  [13504] [CDongleV5::GetDongleInfo@133] MV_GetUserDataSize begin

2025-10-29 10:02:48.881 INFO  [13504] [CDongleV5::GetDongleInfo@141] MV_GetUserDataSize end

2025-10-29 10:02:48.903 INFO  [13504] [CDongleV5::GetDongleInfo@158] MV_ReadUserData, Dongle name[6200], camera num[4], soft version[1], series[0], language[0]

2025-10-29 10:02:48.903 INFO  [13504] [CDongleV5::GetDongleInfo@164] Dongle serial number[FL0403490] len[9]

2025-10-29 10:02:48.942 INFO  [13504] [CDongleV5::GetLicenseInfo@343] GetRemainTime end.

2025-10-29 10:02:51.755 INFO  [19868] [CAuthorization::StopCheckThead@261] StopCheckThead begin.

2025-10-29 10:02:51.755 WARN  [13504] [CAuthorization::DoAuthCheck@322] DoAuthCheck m_bExitAuthCheckThd = true

2025-10-29 10:02:51.755 INFO  [13504] [CAuthorization::DoAuthCheck@330] [Deinit] DoAuthCheck end.

2025-10-29 10:02:51.756 INFO  [19868] [CAuthorization::StopCheckThead@266] StopCheckThead end.

2025-10-29 10:02:51.773 INFO  [19868] [CAuthorization::Uninit@107] [Deinit] End

2025-10-29 10:02:48.708 INFO  [17988] [InitPluginInstance@33] InitPluginInstance - Begin

2025-10-29 10:02:48.708 INFO  [17988] [CMonitorResourceUsage::Init@47] Init begin.

2025-10-29 10:02:48.708 INFO  [17988] [GetDllFilePath@262] path[D:\VisionMaster4.4.0\Applications\Server]

2025-10-29 10:02:48.709 INFO  [17988] [CMonitorResourceUsage::LoadCfgParam@449] Now resource monitor interval[5]

2025-10-29 10:02:48.709 INFO  [17988] [CMonitorResourceUsage::StartMonitorThread@90] StartMonitorThread begin.

2025-10-29 10:02:48.709 INFO  [17988] [CMonitorResourceUsage::StartMonitorThread@121] StartCheckThread end.

2025-10-29 10:02:48.709 INFO  [17988] [InitPluginInstance@39] InitPluginInstance - End

2025-10-29 10:02:48.723 INFO  [18516] [CMonitorResourceUsage::DoMonitorRes@176] DoMonitorResource begin.

2025-10-29 10:02:48.723 INFO  [18516] [CMonitorResourceUsage::SystemVersionMoreThanWin10@155] MajorVersion[6] MinorVersion[2], 6.2 is win10

2025-10-29 10:02:48.723 INFO  [18516] [CMonitorResourceUsage::DoMonitorRes@200] Do not check process resource

2025-10-29 10:02:51.787 INFO  [19868] [UnitPluginInstance@51] UnitPluginInstance - Begin

2025-10-29 10:02:51.787 INFO  [19868] [CMonitorResourceUsage::StopMonitorThead@132] StopMonitorThead begin.

2025-10-29 10:02:51.800 INFO  [18516] [CMonitorResourceUsage::DoMonitorRes@229] DoMonitorResource end, m_bExitMonitorThread is true

2025-10-29 10:02:51.810 INFO  [19868] [CMonitorResourceUsage::StopMonitorThead@145] StopMonitorThead end.

2025-10-29 10:02:51.810 INFO  [19868] [UnitPluginInstance@55] UnitPluginInstance - End

2025-10-29 10:09:21.722 INFO  [19572] [CAuthorization::Init@59] [Init] Begin.

2025-10-29 10:09:21.886 INFO  [19572] [CDongleV5::Login@87] MV_LoginLicense sucessfully, dongle type[0](0:dongle, 2:soft lock, 3:remote dongle) handle[1] licId[40001]

2025-10-29 10:09:21.891 INFO  [19572] [CDongleV5::GetDongleInfo@133] MV_GetUserDataSize begin

2025-10-29 10:09:21.901 INFO  [19572] [CDongleV5::GetDongleInfo@141] MV_GetUserDataSize end

2025-10-29 10:09:21.926 INFO  [19572] [CDongleV5::GetDongleInfo@158] MV_ReadUserData, Dongle name[6200], camera num[4], soft version[1], series[0], language[0]

2025-10-29 10:09:21.926 INFO  [19572] [CDongleV5::GetDongleInfo@164] Dongle serial number[FL0403490] len[9]

2025-10-29 10:09:21.971 INFO  [19572] [CDongleV5::GetLicenseInfo@343] GetRemainTime end.

2025-10-29 10:09:21.996 INFO  [19572] [CAuthorization::Init@79] [Init] Get license v5 sucessfully

2025-10-29 10:09:21.996 INFO  [19572] [CAuthorization::StartCheckThread@224] StartCheckThread begin.

2025-10-29 10:09:21.996 INFO  [19572] [CAuthorization::StartCheckThread@250] StartCheckThread end.

2025-10-29 10:09:21.996 INFO  [19572] [CAuthorization::Init@92] [Init] End.

2025-10-29 10:09:21.999 INFO  [19572] [InitPluginInstance@27] [Init] [End]

2025-10-29 10:09:21.999 INFO  [14360] [CAuthorization::DoAuthCheck@276] DoAuthCheck begin.

2025-10-29 10:09:22.198 INFO  [14360] [CDongleV5::Login@87] MV_LoginLicense sucessfully, dongle type[0](0:dongle, 2:soft lock, 3:remote dongle) handle[2] licId[40001]

2025-10-29 10:09:22.199 INFO  [14360] [CDongleV5::GetDongleInfo@133] MV_GetUserDataSize begin

2025-10-29 10:09:22.208 INFO  [14360] [CDongleV5::GetDongleInfo@141] MV_GetUserDataSize end

2025-10-29 10:09:22.227 INFO  [14360] [CDongleV5::GetDongleInfo@158] MV_ReadUserData, Dongle name[6200], camera num[4], soft version[1], series[0], language[0]

2025-10-29 10:09:22.227 INFO  [14360] [CDongleV5::GetDongleInfo@164] Dongle serial number[FL0403490] len[9]

2025-10-29 10:09:22.272 INFO  [14360] [CDongleV5::GetLicenseInfo@343] GetRemainTime end.

2025-10-29 10:09:22.011 INFO  [19572] [InitPluginInstance@33] InitPluginInstance - Begin

2025-10-29 10:09:22.011 INFO  [19572] [CMonitorResourceUsage::Init@47] Init begin.

2025-10-29 10:09:22.011 INFO  [19572] [GetDllFilePath@262] path[D:\VisionMaster4.4.0\Applications\Server]

2025-10-29 10:09:22.011 INFO  [19572] [CMonitorResourceUsage::LoadCfgParam@449] Now resource monitor interval[5]

2025-10-29 10:09:22.011 INFO  [19572] [CMonitorResourceUsage::StartMonitorThread@90] StartMonitorThread begin.

2025-10-29 10:09:22.012 INFO  [19572] [CMonitorResourceUsage::StartMonitorThread@121] StartCheckThread end.

2025-10-29 10:09:22.012 INFO  [19572] [InitPluginInstance@39] InitPluginInstance - End

2025-10-29 10:09:22.021 INFO  [11848] [CMonitorResourceUsage::DoMonitorRes@176] DoMonitorResource begin.

2025-10-29 10:09:22.021 INFO  [11848] [CMonitorResourceUsage::SystemVersionMoreThanWin10@155] MajorVersion[6] MinorVersion[2], 6.2 is win10

2025-10-29 10:09:22.021 INFO  [11848] [CMonitorResourceUsage::DoMonitorRes@200] Do not check process resource

2025-10-29 10:39:10.279 INFO  [24036] [CAuthorization::Init@59] [Init] Begin.

2025-10-29 10:39:10.419 INFO  [24036] [CDongleV5::Login@87] MV_LoginLicense sucessfully, dongle type[0](0:dongle, 2:soft lock, 3:remote dongle) handle[1] licId[40001]

2025-10-29 10:39:10.419 INFO  [24036] [CDongleV5::GetDongleInfo@133] MV_GetUserDataSize begin

2025-10-29 10:39:10.450 INFO  [24036] [CDongleV5::GetDongleInfo@141] MV_GetUserDataSize end

2025-10-29 10:39:10.466 INFO  [24036] [CDongleV5::GetDongleInfo@158] MV_ReadUserData, Dongle name[6200], camera num[4], soft version[1], series[0], language[0]

2025-10-29 10:39:10.466 INFO  [24036] [CDongleV5::GetDongleInfo@164] Dongle serial number[FL0403490] len[9]

2025-10-29 10:39:10.497 INFO  [24036] [CDongleV5::GetLicenseInfo@343] GetRemainTime end.

2025-10-29 10:39:10.529 INFO  [24036] [CAuthorization::Init@79] [Init] Get license v5 sucessfully

2025-10-29 10:39:10.529 INFO  [24036] [CAuthorization::StartCheckThread@224] StartCheckThread begin.

2025-10-29 10:39:10.529 INFO  [24036] [CAuthorization::StartCheckThread@250] StartCheckThread end.

2025-10-29 10:39:10.529 INFO  [24036] [CAuthorization::Init@92] [Init] End.

2025-10-29 10:39:10.529 INFO  [24036] [InitPluginInstance@27] [Init] [End]

2025-10-29 10:39:10.544 INFO  [21700] [CAuthorization::DoAuthCheck@276] DoAuthCheck begin.

2025-10-29 10:39:10.732 INFO  [21700] [CDongleV5::Login@87] MV_LoginLicense sucessfully, dongle type[0](0:dongle, 2:soft lock, 3:remote dongle) handle[2] licId[40001]

2025-10-29 10:39:10.732 INFO  [21700] [CDongleV5::GetDongleInfo@133] MV_GetUserDataSize begin

2025-10-29 10:39:10.763 INFO  [21700] [CDongleV5::GetDongleInfo@141] MV_GetUserDataSize end

2025-10-29 10:39:10.778 INFO  [21700] [CDongleV5::GetDongleInfo@158] MV_ReadUserData, Dongle name[6200], camera num[4], soft version[1], series[0], language[0]

2025-10-29 10:39:10.778 INFO  [21700] [CDongleV5::GetDongleInfo@164] Dongle serial number[FL0403490] len[9]

2025-10-29 10:39:10.810 INFO  [21700] [CDongleV5::GetLicenseInfo@343] GetRemainTime end.

2025-10-29 10:39:10.544 INFO  [24036] [InitPluginInstance@33] InitPluginInstance - Begin

2025-10-29 10:39:10.544 INFO  [24036] [CMonitorResourceUsage::Init@47] Init begin.

2025-10-29 10:39:10.544 INFO  [24036] [GetDllFilePath@262] path[D:\VisionMaster4.4.0\Applications\Server]

2025-10-29 10:39:10.544 INFO  [24036] [CMonitorResourceUsage::LoadCfgParam@449] Now resource monitor interval[5]

2025-10-29 10:39:10.544 INFO  [24036] [CMonitorResourceUsage::StartMonitorThread@90] StartMonitorThread begin.

2025-10-29 10:39:10.544 INFO  [24036] [CMonitorResourceUsage::StartMonitorThread@121] StartCheckThread end.

2025-10-29 10:39:10.544 INFO  [24036] [InitPluginInstance@39] InitPluginInstance - End

2025-10-29 10:39:10.607 INFO  [19240] [CMonitorResourceUsage::DoMonitorRes@176] DoMonitorResource begin.

2025-10-29 10:39:10.607 INFO  [19240] [CMonitorResourceUsage::SystemVersionMoreThanWin10@155] MajorVersion[6] MinorVersion[2], 6.2 is win10

2025-10-29 10:39:10.607 INFO  [19240] [CMonitorResourceUsage::DoMonitorRes@200] Do not check process resource

2025-10-29 10:45:30.830 INFO  [24352] [CAuthorization::StopCheckThead@261] StopCheckThead begin.

2025-10-29 10:45:30.834 WARN  [21700] [CAuthorization::DoAuthCheck@322] DoAuthCheck m_bExitAuthCheckThd = true

2025-10-29 10:45:30.836 INFO  [21700] [CAuthorization::DoAuthCheck@330] [Deinit] DoAuthCheck end.

2025-10-29 10:45:30.849 INFO  [24352] [CAuthorization::StopCheckThead@266] StopCheckThead end.

2025-10-29 10:45:30.866 INFO  [24352] [CAuthorization::Uninit@107] [Deinit] End

2025-10-29 10:45:30.872 INFO  [24352] [UnitPluginInstance@51] UnitPluginInstance - Begin

2025-10-29 10:45:30.872 INFO  [24352] [CMonitorResourceUsage::StopMonitorThead@132] StopMonitorThead begin.

2025-10-29 10:45:30.911 INFO  [19240] [CMonitorResourceUsage::DoMonitorRes@229] DoMonitorResource end, m_bExitMonitorThread is true

2025-10-29 10:45:30.921 INFO  [24352] [CMonitorResourceUsage::StopMonitorThead@145] StopMonitorThead end.

2025-10-29 10:45:30.921 INFO  [24352] [UnitPluginInstance@55] UnitPluginInstance - End

2025-10-29 10:45:43.566 INFO  [22836] [CAuthorization::Init@59] [Init] Begin.

2025-10-29 10:45:43.737 INFO  [22836] [CDongleV5::Login@87] MV_LoginLicense sucessfully, dongle type[0](0:dongle, 2:soft lock, 3:remote dongle) handle[1] licId[40001]

2025-10-29 10:45:43.737 INFO  [22836] [CDongleV5::GetDongleInfo@133] MV_GetUserDataSize begin

2025-10-29 10:45:43.753 INFO  [22836] [CDongleV5::GetDongleInfo@141] MV_GetUserDataSize end

2025-10-29 10:45:43.769 INFO  [22836] [CDongleV5::GetDongleInfo@158] MV_ReadUserData, Dongle name[6200], camera num[4], soft version[1], series[0], language[0]

2025-10-29 10:45:43.769 INFO  [22836] [CDongleV5::GetDongleInfo@164] Dongle serial number[FL0403490] len[9]

2025-10-29 10:45:43.800 INFO  [22836] [CDongleV5::GetLicenseInfo@343] GetRemainTime end.

2025-10-29 10:45:43.800 INFO  [22836] [CAuthorization::Init@79] [Init] Get license v5 sucessfully

2025-10-29 10:45:43.800 INFO  [22836] [CAuthorization::StartCheckThread@224] StartCheckThread begin.

2025-10-29 10:45:43.800 INFO  [22836] [CAuthorization::StartCheckThread@250] StartCheckThread end.

2025-10-29 10:45:43.800 INFO  [22836] [CAuthorization::Init@92] [Init] End.

2025-10-29 10:45:43.815 INFO  [22836] [InitPluginInstance@27] [Init] [End]

2025-10-29 10:45:44.019 INFO  [16064] [CAuthorization::DoAuthCheck@276] DoAuthCheck begin.

2025-10-29 10:45:44.159 INFO  [16064] [CDongleV5::Login@87] MV_LoginLicense sucessfully, dongle type[0](0:dongle, 2:soft lock, 3:remote dongle) handle[2] licId[40001]

2025-10-29 10:45:44.159 INFO  [16064] [CDongleV5::GetDongleInfo@133] MV_GetUserDataSize begin

2025-10-29 10:45:44.175 INFO  [16064] [CDongleV5::GetDongleInfo@141] MV_GetUserDataSize end

2025-10-29 10:45:44.190 INFO  [16064] [CDongleV5::GetDongleInfo@158] MV_ReadUserData, Dongle name[6200], camera num[4], soft version[1], series[0], language[0]

2025-10-29 10:45:44.190 INFO  [16064] [CDongleV5::GetDongleInfo@164] Dongle serial number[FL0403490] len[9]

2025-10-29 10:45:44.222 INFO  [16064] [CDongleV5::GetLicenseInfo@343] GetRemainTime end.

2025-10-29 10:45:44.019 INFO  [22836] [InitPluginInstance@33] InitPluginInstance - Begin

2025-10-29 10:45:44.019 INFO  [22836] [CMonitorResourceUsage::Init@47] Init begin.

2025-10-29 10:45:44.019 INFO  [22836] [GetDllFilePath@262] path[D:\VisionMaster4.4.0\Applications\Server]

2025-10-29 10:45:44.019 INFO  [22836] [CMonitorResourceUsage::LoadCfgParam@449] Now resource monitor interval[5]

2025-10-29 10:45:44.019 INFO  [22836] [CMonitorResourceUsage::StartMonitorThread@90] StartMonitorThread begin.

2025-10-29 10:45:44.019 INFO  [22836] [CMonitorResourceUsage::StartMonitorThread@121] StartCheckThread end.

2025-10-29 10:45:44.019 INFO  [22836] [InitPluginInstance@39] InitPluginInstance - End

2025-10-29 10:45:44.128 INFO  [25016] [CMonitorResourceUsage::DoMonitorRes@176] DoMonitorResource begin.

2025-10-29 10:45:44.128 INFO  [25016] [CMonitorResourceUsage::SystemVersionMoreThanWin10@155] MajorVersion[6] MinorVersion[2], 6.2 is win10

2025-10-29 10:45:44.128 INFO  [25016] [CMonitorResourceUsage::DoMonitorRes@200] Do not check process resource

2025-10-29 11:29:53.475 INFO  [21060] [CAuthorization::Init@59] [Init] Begin.

2025-10-29 11:29:53.616 INFO  [21060] [CDongleV5::Login@87] MV_LoginLicense sucessfully, dongle type[0](0:dongle, 2:soft lock, 3:remote dongle) handle[1] licId[40001]

2025-10-29 11:29:53.616 INFO  [21060] [CDongleV5::GetDongleInfo@133] MV_GetUserDataSize begin

2025-10-29 11:29:53.647 INFO  [21060] [CDongleV5::GetDongleInfo@141] MV_GetUserDataSize end

2025-10-29 11:29:53.663 INFO  [21060] [CDongleV5::GetDongleInfo@158] MV_ReadUserData, Dongle name[6200], camera num[4], soft version[1], series[0], language[0]

2025-10-29 11:29:53.663 INFO  [21060] [CDongleV5::GetDongleInfo@164] Dongle serial number[FL0403490] len[9]

2025-10-29 11:29:53.694 INFO  [21060] [CDongleV5::GetLicenseInfo@343] GetRemainTime end.

2025-10-29 11:29:53.725 INFO  [21060] [CAuthorization::Init@79] [Init] Get license v5 sucessfully

2025-10-29 11:29:53.725 INFO  [21060] [CAuthorization::StartCheckThread@224] StartCheckThread begin.

2025-10-29 11:29:53.725 INFO  [21060] [CAuthorization::StartCheckThread@250] StartCheckThread end.

2025-10-29 11:29:53.725 INFO  [21060] [CAuthorization::Init@92] [Init] End.

2025-10-29 11:29:53.725 INFO  [21060] [InitPluginInstance@27] [Init] [End]

2025-10-29 11:29:53.741 INFO  [13240] [CAuthorization::DoAuthCheck@276] DoAuthCheck begin.

2025-10-29 11:29:53.881 INFO  [13240] [CDongleV5::Login@87] MV_LoginLicense sucessfully, dongle type[0](0:dongle, 2:soft lock, 3:remote dongle) handle[2] licId[40001]

2025-10-29 11:29:53.881 INFO  [13240] [CDongleV5::GetDongleInfo@133] MV_GetUserDataSize begin

2025-10-29 11:29:53.913 INFO  [13240] [CDongleV5::GetDongleInfo@141] MV_GetUserDataSize end

2025-10-29 11:29:53.960 INFO  [13240] [CDongleV5::GetDongleInfo@158] MV_ReadUserData, Dongle name[6200], camera num[4], soft version[1], series[0], language[0]

2025-10-29 11:29:53.960 INFO  [13240] [CDongleV5::GetDongleInfo@164] Dongle serial number[FL0403490] len[9]

2025-10-29 11:29:54.006 INFO  [13240] [CDongleV5::GetLicenseInfo@343] GetRemainTime end.

2025-10-29 11:29:53.756 INFO  [21060] [InitPluginInstance@33] InitPluginInstance - Begin

2025-10-29 11:29:53.756 INFO  [21060] [CMonitorResourceUsage::Init@47] Init begin.

2025-10-29 11:29:53.756 INFO  [21060] [GetDllFilePath@262] path[D:\VisionMaster4.4.0\Applications\Server]

2025-10-29 11:29:53.756 INFO  [21060] [CMonitorResourceUsage::LoadCfgParam@449] Now resource monitor interval[5]

2025-10-29 11:29:53.756 INFO  [21060] [CMonitorResourceUsage::StartMonitorThread@90] StartMonitorThread begin.

2025-10-29 11:29:53.756 INFO  [21060] [CMonitorResourceUsage::StartMonitorThread@121] StartCheckThread end.

2025-10-29 11:29:53.756 INFO  [21060] [InitPluginInstance@39] InitPluginInstance - End

2025-10-29 11:29:53.803 INFO  [15708] [CMonitorResourceUsage::DoMonitorRes@176] DoMonitorResource begin.

2025-10-29 11:29:53.803 INFO  [15708] [CMonitorResourceUsage::SystemVersionMoreThanWin10@155] MajorVersion[6] MinorVersion[2], 6.2 is win10

2025-10-29 11:29:53.803 INFO  [15708] [CMonitorResourceUsage::DoMonitorRes@200] Do not check process resource

2025-10-29 18:36:27.622 INFO  [12080] [CAuthorization::Init@59] [Init] Begin.

2025-10-29 18:36:27.779 INFO  [12080] [CDongleV5::Login@87] MV_LoginLicense sucessfully, dongle type[0](0:dongle, 2:soft lock, 3:remote dongle) handle[1] licId[40001]

2025-10-29 18:36:27.779 INFO  [12080] [CDongleV5::GetDongleInfo@133] MV_GetUserDataSize begin

2025-10-29 18:36:27.810 INFO  [12080] [CDongleV5::GetDongleInfo@141] MV_GetUserDataSize end

2025-10-29 18:36:27.826 INFO  [12080] [CDongleV5::GetDongleInfo@158] MV_ReadUserData, Dongle name[6200], camera num[4], soft version[1], series[0], language[0]

2025-10-29 18:36:27.826 INFO  [12080] [CDongleV5::GetDongleInfo@164] Dongle serial number[FL0403490] len[9]

2025-10-29 18:36:27.857 INFO  [12080] [CDongleV5::GetLicenseInfo@343] GetRemainTime end.

2025-10-29 18:36:27.872 INFO  [12080] [CAuthorization::Init@79] [Init] Get license v5 sucessfully

2025-10-29 18:36:27.872 INFO  [12080] [CAuthorization::StartCheckThread@224] StartCheckThread begin.

2025-10-29 18:36:27.872 INFO  [12080] [CAuthorization::StartCheckThread@250] StartCheckThread end.

2025-10-29 18:36:27.872 INFO  [12080] [CAuthorization::Init@92] [Init] End.

2025-10-29 18:36:27.872 INFO  [12080] [InitPluginInstance@27] [Init] [End]

2025-10-29 18:36:28.919 INFO  [17400] [CAuthorization::DoAuthCheck@276] DoAuthCheck begin.

2025-10-29 18:36:29.060 INFO  [17400] [CDongleV5::Login@87] MV_LoginLicense sucessfully, dongle type[0](0:dongle, 2:soft lock, 3:remote dongle) handle[2] licId[40001]

2025-10-29 18:36:29.060 INFO  [17400] [CDongleV5::GetDongleInfo@133] MV_GetUserDataSize begin

2025-10-29 18:36:29.091 INFO  [17400] [CDongleV5::GetDongleInfo@141] MV_GetUserDataSize end

2025-10-29 18:36:29.107 INFO  [17400] [CDongleV5::GetDongleInfo@158] MV_ReadUserData, Dongle name[6200], camera num[4], soft version[1], series[0], language[0]

2025-10-29 18:36:29.107 INFO  [17400] [CDongleV5::GetDongleInfo@164] Dongle serial number[FL0403490] len[9]

2025-10-29 18:36:29.154 INFO  [17400] [CDongleV5::GetLicenseInfo@343] GetRemainTime end.

2025-10-29 18:36:28.919 INFO  [12080] [InitPluginInstance@33] InitPluginInstance - Begin

2025-10-29 18:36:28.919 INFO  [12080] [CMonitorResourceUsage::Init@47] Init begin.

2025-10-29 18:36:28.919 INFO  [12080] [GetDllFilePath@262] path[D:\VisionMaster4.4.0\Applications\Server]

2025-10-29 18:36:28.919 INFO  [12080] [CMonitorResourceUsage::LoadCfgParam@449] Now resource monitor interval[5]

2025-10-29 18:36:28.919 INFO  [12080] [CMonitorResourceUsage::StartMonitorThread@90] StartMonitorThread begin.

2025-10-29 18:36:28.919 INFO  [12080] [CMonitorResourceUsage::StartMonitorThread@121] StartCheckThread end.

2025-10-29 18:36:28.919 INFO  [12080] [InitPluginInstance@39] InitPluginInstance - End

2025-10-29 18:36:29.044 INFO  [21052] [CMonitorResourceUsage::DoMonitorRes@176] DoMonitorResource begin.

2025-10-29 18:36:29.044 INFO  [21052] [CMonitorResourceUsage::SystemVersionMoreThanWin10@155] MajorVersion[6] MinorVersion[2], 6.2 is win10

2025-10-29 18:36:29.044 INFO  [21052] [CMonitorResourceUsage::DoMonitorRes@200] Do not check process resource

2025-10-30 08:54:42.178 INFO  [2552] [CAuthorization::Init@59] [Init] Begin.

2025-10-30 08:54:42.350 INFO  [2552] [CDongleV5::Login@87] MV_LoginLicense sucessfully, dongle type[0](0:dongle, 2:soft lock, 3:remote dongle) handle[1] licId[40001]

2025-10-30 08:54:42.362 INFO  [2552] [CDongleV5::GetDongleInfo@133] MV_GetUserDataSize begin

2025-10-30 08:54:42.385 INFO  [2552] [CDongleV5::GetDongleInfo@141] MV_GetUserDataSize end

2025-10-30 08:54:42.417 INFO  [2552] [CDongleV5::GetDongleInfo@158] MV_ReadUserData, Dongle name[6200], camera num[4], soft version[1], series[0], language[0]

2025-10-30 08:54:42.421 INFO  [2552] [CDongleV5::GetDongleInfo@164] Dongle serial number[FL0403490] len[9]

2025-10-30 08:54:42.465 INFO  [2552] [CDongleV5::GetLicenseInfo@343] GetRemainTime end.

2025-10-30 08:54:42.481 INFO  [2552] [CAuthorization::Init@79] [Init] Get license v5 sucessfully

2025-10-30 08:54:42.481 INFO  [2552] [CAuthorization::StartCheckThread@224] StartCheckThread begin.

2025-10-30 08:54:42.481 INFO  [2552] [CAuthorization::StartCheckThread@250] StartCheckThread end.

2025-10-30 08:54:42.481 INFO  [2552] [CAuthorization::Init@92] [Init] End.

2025-10-30 08:54:42.481 INFO  [2552] [InitPluginInstance@27] [Init] [End]

2025-10-30 08:54:42.517 INFO  [2620] [CAuthorization::DoAuthCheck@276] DoAuthCheck begin.

2025-10-30 08:54:42.693 INFO  [2620] [CDongleV5::Login@87] MV_LoginLicense sucessfully, dongle type[0](0:dongle, 2:soft lock, 3:remote dongle) handle[2] licId[40001]

2025-10-30 08:54:42.697 INFO  [2620] [CDongleV5::GetDongleInfo@133] MV_GetUserDataSize begin

2025-10-30 08:54:42.721 INFO  [2620] [CDongleV5::GetDongleInfo@141] MV_GetUserDataSize end

2025-10-30 08:54:42.737 INFO  [2620] [CDongleV5::GetDongleInfo@158] MV_ReadUserData, Dongle name[6200], camera num[4], soft version[1], series[0], language[0]

2025-10-30 08:54:42.737 INFO  [2620] [CDongleV5::GetDongleInfo@164] Dongle serial number[FL0403490] len[9]

2025-10-30 08:54:42.773 INFO  [2620] [CDongleV5::GetLicenseInfo@343] GetRemainTime end.

2025-10-30 08:54:42.525 INFO  [2552] [InitPluginInstance@33] InitPluginInstance - Begin

2025-10-30 08:54:42.525 INFO  [2552] [CMonitorResourceUsage::Init@47] Init begin.

2025-10-30 08:54:42.525 INFO  [2552] [GetDllFilePath@262] path[D:\VisionMaster4.4.0\Applications\Server]

2025-10-30 08:54:42.525 INFO  [2552] [CMonitorResourceUsage::LoadCfgParam@449] Now resource monitor interval[5]

2025-10-30 08:54:42.525 INFO  [2552] [CMonitorResourceUsage::StartMonitorThread@90] StartMonitorThread begin.

2025-10-30 08:54:42.525 INFO  [2552] [CMonitorResourceUsage::StartMonitorThread@121] StartCheckThread end.

2025-10-30 08:54:42.525 INFO  [2552] [InitPluginInstance@39] InitPluginInstance - End

2025-10-30 08:54:42.529 INFO  [9632] [CMonitorResourceUsage::DoMonitorRes@176] DoMonitorResource begin.

2025-10-30 08:54:42.529 INFO  [9632] [CMonitorResourceUsage::SystemVersionMoreThanWin10@155] MajorVersion[6] MinorVersion[2], 6.2 is win10

2025-10-30 08:54:42.529 INFO  [9632] [CMonitorResourceUsage::DoMonitorRes@200] Do not check process resource

2025-10-30 09:43:47.448 INFO  [16260] [CAuthorization::StopCheckThead@261] StopCheckThead begin.

2025-10-30 09:43:47.452 WARN  [2620] [CAuthorization::DoAuthCheck@322] DoAuthCheck m_bExitAuthCheckThd = true

2025-10-30 09:43:47.456 INFO  [2620] [CAuthorization::DoAuthCheck@330] [Deinit] DoAuthCheck end.

2025-10-30 09:43:47.468 INFO  [16260] [CAuthorization::StopCheckThead@266] StopCheckThead end.

2025-10-30 09:43:47.484 INFO  [16260] [CAuthorization::Uninit@107] [Deinit] End

2025-10-30 09:43:47.512 INFO  [16260] [UnitPluginInstance@51] UnitPluginInstance - Begin

2025-10-30 09:43:47.512 INFO  [16260] [CMonitorResourceUsage::StopMonitorThead@132] StopMonitorThead begin.

2025-10-30 09:43:47.560 INFO  [9632] [CMonitorResourceUsage::DoMonitorRes@229] DoMonitorResource end, m_bExitMonitorThread is true

2025-10-30 09:43:47.560 INFO  [16260] [CMonitorResourceUsage::StopMonitorThead@145] StopMonitorThead end.

2025-10-30 09:43:47.560 INFO  [16260] [UnitPluginInstance@55] UnitPluginInstance - End

2025-10-30 10:11:04.251 INFO  [16900] [CAuthorization::Init@59] [Init] Begin.

2025-10-30 10:11:04.407 INFO  [16900] [CDongleV5::Login@87] MV_LoginLicense sucessfully, dongle type[0](0:dongle, 2:soft lock, 3:remote dongle) handle[1] licId[40001]

2025-10-30 10:11:04.419 INFO  [16900] [CDongleV5::GetDongleInfo@133] MV_GetUserDataSize begin

2025-10-30 10:11:04.443 INFO  [16900] [CDongleV5::GetDongleInfo@141] MV_GetUserDataSize end

2025-10-30 10:11:04.463 INFO  [16900] [CDongleV5::GetDongleInfo@158] MV_ReadUserData, Dongle name[6200], camera num[4], soft version[1], series[0], language[0]

2025-10-30 10:11:04.463 INFO  [16900] [CDongleV5::GetDongleInfo@164] Dongle serial number[FL0403490] len[9]

2025-10-30 10:11:04.507 INFO  [16900] [CDongleV5::GetLicenseInfo@343] GetRemainTime end.

2025-10-30 10:11:04.523 INFO  [16900] [CAuthorization::Init@79] [Init] Get license v5 sucessfully

2025-10-30 10:11:04.523 INFO  [16900] [CAuthorization::StartCheckThread@224] StartCheckThread begin.

2025-10-30 10:11:04.523 INFO  [16900] [CAuthorization::StartCheckThread@250] StartCheckThread end.

2025-10-30 10:11:04.523 INFO  [16900] [CAuthorization::Init@92] [Init] End.

2025-10-30 10:11:04.523 INFO  [16900] [InitPluginInstance@27] [Init] [End]

2025-10-30 10:11:04.714 INFO  [11076] [CAuthorization::DoAuthCheck@276] DoAuthCheck begin.

2025-10-30 10:11:04.874 INFO  [11076] [CDongleV5::Login@87] MV_LoginLicense sucessfully, dongle type[0](0:dongle, 2:soft lock, 3:remote dongle) handle[2] licId[40001]

2025-10-30 10:11:04.886 INFO  [11076] [CDongleV5::GetDongleInfo@133] MV_GetUserDataSize begin

2025-10-30 10:11:04.906 INFO  [11076] [CDongleV5::GetDongleInfo@141] MV_GetUserDataSize end

2025-10-30 10:11:04.926 INFO  [11076] [CDongleV5::GetDongleInfo@158] MV_ReadUserData, Dongle name[6200], camera num[4], soft version[1], series[0], language[0]

2025-10-30 10:11:04.926 INFO  [11076] [CDongleV5::GetDongleInfo@164] Dongle serial number[FL0403490] len[9]

2025-10-30 10:11:04.974 INFO  [11076] [CDongleV5::GetLicenseInfo@343] GetRemainTime end.

2025-10-30 10:11:04.714 INFO  [16900] [InitPluginInstance@33] InitPluginInstance - Begin

2025-10-30 10:11:04.714 INFO  [16900] [CMonitorResourceUsage::Init@47] Init begin.

2025-10-30 10:11:04.714 INFO  [16900] [GetDllFilePath@262] path[D:\VisionMaster4.4.0\Applications\Server]

2025-10-30 10:11:04.714 INFO  [16900] [CMonitorResourceUsage::LoadCfgParam@449] Now resource monitor interval[5]

2025-10-30 10:11:04.714 INFO  [16900] [CMonitorResourceUsage::StartMonitorThread@90] StartMonitorThread begin.

2025-10-30 10:11:04.714 INFO  [16900] [CMonitorResourceUsage::StartMonitorThread@121] StartCheckThread end.

2025-10-30 10:11:04.714 INFO  [16900] [InitPluginInstance@39] InitPluginInstance - End

2025-10-30 10:11:04.906 INFO  [11756] [CMonitorResourceUsage::DoMonitorRes@176] DoMonitorResource begin.

2025-10-30 10:11:04.906 INFO  [11756] [CMonitorResourceUsage::SystemVersionMoreThanWin10@155] MajorVersion[6] MinorVersion[2], 6.2 is win10

2025-10-30 10:11:04.906 INFO  [11756] [CMonitorResourceUsage::DoMonitorRes@200] Do not check process resource

2025-10-30 10:13:13.375 INFO  [5284] [CAuthorization::StopCheckThead@261] StopCheckThead begin.

2025-10-30 10:13:13.378 WARN  [11076] [CAuthorization::DoAuthCheck@322] DoAuthCheck m_bExitAuthCheckThd = true

2025-10-30 10:13:13.380 INFO  [11076] [CAuthorization::DoAuthCheck@330] [Deinit] DoAuthCheck end.

2025-10-30 10:13:13.389 INFO  [5284] [CAuthorization::StopCheckThead@266] StopCheckThead end.

2025-10-30 10:13:13.404 INFO  [5284] [CAuthorization::Uninit@107] [Deinit] End

2025-10-30 10:13:13.423 INFO  [5284] [UnitPluginInstance@51] UnitPluginInstance - Begin

2025-10-30 10:13:13.423 INFO  [5284] [CMonitorResourceUsage::StopMonitorThead@132] StopMonitorThead begin.

2025-10-30 10:13:13.474 INFO  [11756] [CMonitorResourceUsage::DoMonitorRes@229] DoMonitorResource end, m_bExitMonitorThread is true

2025-10-30 10:13:13.484 INFO  [5284] [CMonitorResourceUsage::StopMonitorThead@145] StopMonitorThead end.

2025-10-30 10:13:13.484 INFO  [5284] [UnitPluginInstance@55] UnitPluginInstance - End

2025-10-30 10:13:15.795 INFO  [14080] [CAuthorization::Init@59] [Init] Begin.

2025-10-30 10:13:15.979 INFO  [14080] [CDongleV5::Login@87] MV_LoginLicense sucessfully, dongle type[0](0:dongle, 2:soft lock, 3:remote dongle) handle[1] licId[40001]

2025-10-30 10:13:15.983 INFO  [14080] [CDongleV5::GetDongleInfo@133] MV_GetUserDataSize begin

2025-10-30 10:13:15.999 INFO  [14080] [CDongleV5::GetDongleInfo@141] MV_GetUserDataSize end

2025-10-30 10:13:16.015 INFO  [14080] [CDongleV5::GetDongleInfo@158] MV_ReadUserData, Dongle name[6200], camera num[4], soft version[1], series[0], language[0]

2025-10-30 10:13:16.015 INFO  [14080] [CDongleV5::GetDongleInfo@164] Dongle serial number[FL0403490] len[9]

2025-10-30 10:13:16.043 INFO  [14080] [CDongleV5::GetLicenseInfo@343] GetRemainTime end.

2025-10-30 10:13:16.043 INFO  [14080] [CAuthorization::Init@79] [Init] Get license v5 sucessfully

2025-10-30 10:13:16.047 INFO  [14080] [CAuthorization::StartCheckThread@224] StartCheckThread begin.

2025-10-30 10:13:16.051 INFO  [14080] [CAuthorization::StartCheckThread@250] StartCheckThread end.

2025-10-30 10:13:16.055 INFO  [14080] [CAuthorization::Init@92] [Init] End.

2025-10-30 10:13:16.059 INFO  [14080] [InitPluginInstance@27] [Init] [End]

2025-10-30 10:13:16.303 INFO  [18244] [CAuthorization::DoAuthCheck@276] DoAuthCheck begin.

2025-10-30 10:13:16.439 INFO  [18244] [CDongleV5::Login@87] MV_LoginLicense sucessfully, dongle type[0](0:dongle, 2:soft lock, 3:remote dongle) handle[2] licId[40001]

2025-10-30 10:13:16.443 INFO  [18244] [CDongleV5::GetDongleInfo@133] MV_GetUserDataSize begin

2025-10-30 10:13:16.451 INFO  [18244] [CDongleV5::GetDongleInfo@141] MV_GetUserDataSize end

2025-10-30 10:13:16.467 INFO  [18244] [CDongleV5::GetDongleInfo@158] MV_ReadUserData, Dongle name[6200], camera num[4], soft version[1], series[0], language[0]

2025-10-30 10:13:16.467 INFO  [18244] [CDongleV5::GetDongleInfo@164] Dongle serial number[FL0403490] len[9]

2025-10-30 10:13:16.511 INFO  [18244] [CDongleV5::GetLicenseInfo@343] GetRemainTime end.

2025-10-30 10:13:16.303 INFO  [14080] [InitPluginInstance@33] InitPluginInstance - Begin

2025-10-30 10:13:16.303 INFO  [14080] [CMonitorResourceUsage::Init@47] Init begin.

2025-10-30 10:13:16.303 INFO  [14080] [GetDllFilePath@262] path[D:\VisionMaster4.4.0\Applications\Server]

2025-10-30 10:13:16.303 INFO  [14080] [CMonitorResourceUsage::LoadCfgParam@449] Now resource monitor interval[5]

2025-10-30 10:13:16.303 INFO  [14080] [CMonitorResourceUsage::StartMonitorThread@90] StartMonitorThread begin.

2025-10-30 10:13:16.303 INFO  [14080] [CMonitorResourceUsage::StartMonitorThread@121] StartCheckThread end.

2025-10-30 10:13:16.303 INFO  [14080] [InitPluginInstance@39] InitPluginInstance - End

2025-10-30 10:13:16.503 INFO  [18164] [CMonitorResourceUsage::DoMonitorRes@176] DoMonitorResource begin.

2025-10-30 10:13:16.503 INFO  [18164] [CMonitorResourceUsage::SystemVersionMoreThanWin10@155] MajorVersion[6] MinorVersion[2], 6.2 is win10

2025-10-30 10:13:16.503 INFO  [18164] [CMonitorResourceUsage::DoMonitorRes@200] Do not check process resource

2025-10-30 10:15:32.440 INFO  [18164] [CMonitorResourceUsage::DoMonitorRes@264] DoMonitorResource memoryUsage[14] CPU[98] DiskFreeMB[9439392].

2025-10-30 10:16:07.300 INFO  [10512] [CAuthorization::StopCheckThead@261] StopCheckThead begin.

2025-10-30 10:16:07.304 WARN  [18244] [CAuthorization::DoAuthCheck@322] DoAuthCheck m_bExitAuthCheckThd = true

2025-10-30 10:16:07.308 INFO  [18244] [CAuthorization::DoAuthCheck@330] [Deinit] DoAuthCheck end.

2025-10-30 10:16:07.320 INFO  [10512] [CAuthorization::StopCheckThead@266] StopCheckThead end.

2025-10-30 10:16:07.344 INFO  [10512] [CAuthorization::Uninit@107] [Deinit] End

2025-10-30 10:16:07.352 INFO  [10512] [UnitPluginInstance@51] UnitPluginInstance - Begin

2025-10-30 10:16:07.352 INFO  [10512] [CMonitorResourceUsage::StopMonitorThead@132] StopMonitorThead begin.

2025-10-30 10:16:07.360 INFO  [18164] [CMonitorResourceUsage::DoMonitorRes@229] DoMonitorResource end, m_bExitMonitorThread is true

2025-10-30 10:16:07.360 INFO  [10512] [CMonitorResourceUsage::StopMonitorThead@145] StopMonitorThead end.

2025-10-30 10:16:07.360 INFO  [10512] [UnitPluginInstance@55] UnitPluginInstance - End

2025-10-30 10:30:13.244 INFO  [744] [CAuthorization::Init@59] [Init] Begin.

2025-10-30 10:30:13.421 INFO  [744] [CDongleV5::Login@87] MV_LoginLicense sucessfully, dongle type[0](0:dongle, 2:soft lock, 3:remote dongle) handle[1] licId[40001]

2025-10-30 10:30:13.423 INFO  [744] [CDongleV5::GetDongleInfo@133] MV_GetUserDataSize begin

2025-10-30 10:30:13.429 INFO  [744] [CDongleV5::GetDongleInfo@141] MV_GetUserDataSize end

2025-10-30 10:30:13.446 INFO  [744] [CDongleV5::GetDongleInfo@158] MV_ReadUserData, Dongle name[6200], camera num[4], soft version[1], series[0], language[0]

2025-10-30 10:30:13.446 INFO  [744] [CDongleV5::GetDongleInfo@164] Dongle serial number[FL0403490] len[9]

2025-10-30 10:30:13.476 INFO  [744] [CDongleV5::GetLicenseInfo@343] GetRemainTime end.

2025-10-30 10:30:13.478 INFO  [744] [CAuthorization::Init@79] [Init] Get license v5 sucessfully

2025-10-30 10:30:13.480 INFO  [744] [CAuthorization::StartCheckThread@224] StartCheckThread begin.

2025-10-30 10:30:13.484 INFO  [744] [CAuthorization::StartCheckThread@250] StartCheckThread end.

2025-10-30 10:30:13.484 INFO  [744] [CAuthorization::Init@92] [Init] End.

2025-10-30 10:30:13.488 INFO  [744] [InitPluginInstance@27] [Init] [End]

2025-10-30 10:30:14.400 INFO  [3056] [CAuthorization::DoAuthCheck@276] DoAuthCheck begin.

2025-10-30 10:30:14.556 INFO  [3056] [CDongleV5::Login@87] MV_LoginLicense sucessfully, dongle type[0](0:dongle, 2:soft lock, 3:remote dongle) handle[2] licId[40001]

2025-10-30 10:30:14.563 INFO  [3056] [CDongleV5::GetDongleInfo@133] MV_GetUserDataSize begin

2025-10-30 10:30:14.572 INFO  [3056] [CDongleV5::GetDongleInfo@141] MV_GetUserDataSize end

2025-10-30 10:30:14.592 INFO  [3056] [CDongleV5::GetDongleInfo@158] MV_ReadUserData, Dongle name[6200], camera num[4], soft version[1], series[0], language[0]

2025-10-30 10:30:14.595 INFO  [3056] [CDongleV5::GetDongleInfo@164] Dongle serial number[FL0403490] len[9]

2025-10-30 10:30:14.634 INFO  [3056] [CDongleV5::GetLicenseInfo@343] GetRemainTime end.

2025-10-30 10:30:14.401 INFO  [744] [InitPluginInstance@33] InitPluginInstance - Begin

2025-10-30 10:30:14.401 INFO  [744] [CMonitorResourceUsage::Init@47] Init begin.

2025-10-30 10:30:14.401 INFO  [744] [GetDllFilePath@262] path[D:\VisionMaster4.4.0\Applications\Server]

2025-10-30 10:30:14.401 INFO  [744] [CMonitorResourceUsage::LoadCfgParam@449] Now resource monitor interval[5]

2025-10-30 10:30:14.401 INFO  [744] [CMonitorResourceUsage::StartMonitorThread@90] StartMonitorThread begin.

2025-10-30 10:30:14.401 INFO  [744] [CMonitorResourceUsage::StartMonitorThread@121] StartCheckThread end.

2025-10-30 10:30:14.401 INFO  [744] [InitPluginInstance@39] InitPluginInstance - End

2025-10-30 10:30:15.202 INFO  [5616] [CMonitorResourceUsage::DoMonitorRes@176] DoMonitorResource begin.

2025-10-30 10:30:15.202 INFO  [5616] [CMonitorResourceUsage::SystemVersionMoreThanWin10@155] MajorVersion[6] MinorVersion[2], 6.2 is win10

2025-10-30 10:30:15.202 INFO  [5616] [CMonitorResourceUsage::DoMonitorRes@200] Do not check process resource

2025-10-30 11:36:53.800 INFO  [5616] [CMonitorResourceUsage::DoMonitorRes@264] DoMonitorResource memoryUsage[18] CPU[96] DiskFreeMB[9439287].

2025-10-30 11:57:50.133 INFO  [22312] [CAuthorization::Init@59] [Init] Begin.

2025-10-30 11:57:50.258 INFO  [22312] [CDongleV5::Login@87] MV_LoginLicense sucessfully, dongle type[0](0:dongle, 2:soft lock, 3:remote dongle) handle[1] licId[40001]

2025-10-30 11:57:50.258 INFO  [22312] [CDongleV5::GetDongleInfo@133] MV_GetUserDataSize begin

2025-10-30 11:57:50.289 INFO  [22312] [CDongleV5::GetDongleInfo@141] MV_GetUserDataSize end

2025-10-30 11:57:50.320 INFO  [22312] [CDongleV5::GetDongleInfo@158] MV_ReadUserData, Dongle name[6200], camera num[4], soft version[1], series[0], language[0]

2025-10-30 11:57:50.320 INFO  [22312] [CDongleV5::GetDongleInfo@164] Dongle serial number[FL0403490] len[9]

2025-10-30 11:57:50.367 INFO  [22312] [CDongleV5::GetLicenseInfo@343] GetRemainTime end.

2025-10-30 11:57:50.383 INFO  [22312] [CAuthorization::Init@79] [Init] Get license v5 sucessfully

2025-10-30 11:57:50.383 INFO  [22312] [CAuthorization::StartCheckThread@224] StartCheckThread begin.

2025-10-30 11:57:50.383 INFO  [22312] [CAuthorization::StartCheckThread@250] StartCheckThread end.

2025-10-30 11:57:50.383 INFO  [22312] [CAuthorization::Init@92] [Init] End.

2025-10-30 11:57:50.383 INFO  [22312] [InitPluginInstance@27] [Init] [End]

2025-10-30 11:57:50.383 INFO  [20260] [CAuthorization::DoAuthCheck@276] DoAuthCheck begin.

2025-10-30 11:57:50.523 INFO  [20260] [CDongleV5::Login@87] MV_LoginLicense sucessfully, dongle type[0](0:dongle, 2:soft lock, 3:remote dongle) handle[2] licId[40001]

2025-10-30 11:57:50.523 INFO  [20260] [CDongleV5::GetDongleInfo@133] MV_GetUserDataSize begin

2025-10-30 11:57:50.539 INFO  [20260] [CDongleV5::GetDongleInfo@141] MV_GetUserDataSize end

2025-10-30 11:57:50.586 INFO  [20260] [CDongleV5::GetDongleInfo@158] MV_ReadUserData, Dongle name[6200], camera num[4], soft version[1], series[0], language[0]

2025-10-30 11:57:50.586 INFO  [20260] [CDongleV5::GetDongleInfo@164] Dongle serial number[FL0403490] len[9]

2025-10-30 11:57:50.633 INFO  [20260] [CDongleV5::GetLicenseInfo@343] GetRemainTime end.

2025-10-30 11:57:50.383 INFO  [22312] [InitPluginInstance@33] InitPluginInstance - Begin

2025-10-30 11:57:50.383 INFO  [22312] [CMonitorResourceUsage::Init@47] Init begin.

2025-10-30 11:57:50.383 INFO  [22312] [GetDllFilePath@262] path[D:\VisionMaster4.4.0\Applications\Server]

2025-10-30 11:57:50.383 INFO  [22312] [CMonitorResourceUsage::LoadCfgParam@449] Now resource monitor interval[5]

2025-10-30 11:57:50.383 INFO  [22312] [CMonitorResourceUsage::StartMonitorThread@90] StartMonitorThread begin.

2025-10-30 11:57:50.383 INFO  [22312] [CMonitorResourceUsage::StartMonitorThread@121] StartCheckThread end.

2025-10-30 11:57:50.383 INFO  [22312] [InitPluginInstance@39] InitPluginInstance - End

2025-10-30 11:57:50.430 INFO  [9584] [CMonitorResourceUsage::DoMonitorRes@176] DoMonitorResource begin.

2025-10-30 11:57:50.430 INFO  [9584] [CMonitorResourceUsage::SystemVersionMoreThanWin10@155] MajorVersion[6] MinorVersion[2], 6.2 is win10

2025-10-30 11:57:50.430 INFO  [9584] [CMonitorResourceUsage::DoMonitorRes@200] Do not check process resource

2025-10-30 11:59:02.308 INFO  [9584] [CMonitorResourceUsage::DoMonitorRes@264] DoMonitorResource memoryUsage[19] CPU[93] DiskFreeMB[9439250].

2025-10-30 13:52:41.778 INFO  [17616] [CAuthorization::StopCheckThead@261] StopCheckThead begin.

2025-10-30 13:52:41.781 WARN  [20260] [CAuthorization::DoAuthCheck@322] DoAuthCheck m_bExitAuthCheckThd = true

2025-10-30 13:52:41.783 INFO  [20260] [CAuthorization::DoAuthCheck@330] [Deinit] DoAuthCheck end.

2025-10-30 13:52:41.793 INFO  [17616] [CAuthorization::StopCheckThead@266] StopCheckThead end.

2025-10-30 13:52:41.810 INFO  [17616] [CAuthorization::Uninit@107] [Deinit] End

2025-10-30 13:52:41.823 INFO  [17616] [UnitPluginInstance@51] UnitPluginInstance - Begin

2025-10-30 13:52:41.823 INFO  [17616] [CMonitorResourceUsage::StopMonitorThead@132] StopMonitorThead begin.

2025-10-30 13:52:41.830 INFO  [9584] [CMonitorResourceUsage::DoMonitorRes@229] DoMonitorResource end, m_bExitMonitorThread is true

2025-10-30 13:52:41.838 INFO  [17616] [CMonitorResourceUsage::StopMonitorThead@145] StopMonitorThead end.

2025-10-30 13:52:41.838 INFO  [17616] [UnitPluginInstance@55] UnitPluginInstance - End

2025-10-30 13:53:33.652 INFO  [15496] [CAuthorization::Init@59] [Init] Begin.

2025-10-30 13:53:33.840 INFO  [15496] [CDongleV5::Login@87] MV_LoginLicense sucessfully, dongle type[0](0:dongle, 2:soft lock, 3:remote dongle) handle[1] licId[40001]

2025-10-30 13:53:33.840 INFO  [15496] [CDongleV5::GetDongleInfo@133] MV_GetUserDataSize begin

2025-10-30 13:53:33.855 INFO  [15496] [CDongleV5::GetDongleInfo@141] MV_GetUserDataSize end

2025-10-30 13:53:33.871 INFO  [15496] [CDongleV5::GetDongleInfo@158] MV_ReadUserData, Dongle name[6200], camera num[4], soft version[1], series[0], language[0]

2025-10-30 13:53:33.871 INFO  [15496] [CDongleV5::GetDongleInfo@164] Dongle serial number[FL0403490] len[9]

2025-10-30 13:53:33.918 INFO  [15496] [CDongleV5::GetLicenseInfo@343] GetRemainTime end.

2025-10-30 13:53:33.918 INFO  [15496] [CAuthorization::Init@79] [Init] Get license v5 sucessfully

2025-10-30 13:53:33.918 INFO  [15496] [CAuthorization::StartCheckThread@224] StartCheckThread begin.

2025-10-30 13:53:33.933 INFO  [15496] [CAuthorization::StartCheckThread@250] StartCheckThread end.

2025-10-30 13:53:33.933 INFO  [15496] [CAuthorization::Init@92] [Init] End.

2025-10-30 13:53:33.933 INFO  [15496] [InitPluginInstance@27] [Init] [End]

2025-10-30 13:53:34.183 INFO  [3420] [CAuthorization::DoAuthCheck@276] DoAuthCheck begin.

2025-10-30 13:53:34.308 INFO  [3420] [CDongleV5::Login@87] MV_LoginLicense sucessfully, dongle type[0](0:dongle, 2:soft lock, 3:remote dongle) handle[2] licId[40001]

2025-10-30 13:53:34.308 INFO  [3420] [CDongleV5::GetDongleInfo@133] MV_GetUserDataSize begin

2025-10-30 13:53:34.340 INFO  [3420] [CDongleV5::GetDongleInfo@141] MV_GetUserDataSize end

2025-10-30 13:53:34.355 INFO  [3420] [CDongleV5::GetDongleInfo@158] MV_ReadUserData, Dongle name[6200], camera num[4], soft version[1], series[0], language[0]

2025-10-30 13:53:34.355 INFO  [3420] [CDongleV5::GetDongleInfo@164] Dongle serial number[FL0403490] len[9]

2025-10-30 13:53:34.402 INFO  [3420] [CDongleV5::GetLicenseInfo@343] GetRemainTime end.

2025-10-30 13:53:34.183 INFO  [15496] [InitPluginInstance@33] InitPluginInstance - Begin

2025-10-30 13:53:34.183 INFO  [15496] [CMonitorResourceUsage::Init@47] Init begin.

2025-10-30 13:53:34.183 INFO  [15496] [GetDllFilePath@262] path[D:\VisionMaster4.4.0\Applications\Server]

2025-10-30 13:53:34.183 INFO  [15496] [CMonitorResourceUsage::LoadCfgParam@449] Now resource monitor interval[5]

2025-10-30 13:53:34.183 INFO  [15496] [CMonitorResourceUsage::StartMonitorThread@90] StartMonitorThread begin.

2025-10-30 13:53:34.183 INFO  [15496] [CMonitorResourceUsage::StartMonitorThread@121] StartCheckThread end.

2025-10-30 13:53:34.183 INFO  [15496] [InitPluginInstance@39] InitPluginInstance - End

2025-10-30 13:53:34.387 INFO  [15844] [CMonitorResourceUsage::DoMonitorRes@176] DoMonitorResource begin.

2025-10-30 13:53:34.387 INFO  [15844] [CMonitorResourceUsage::SystemVersionMoreThanWin10@155] MajorVersion[6] MinorVersion[2], 6.2 is win10

2025-10-30 13:53:34.387 INFO  [15844] [CMonitorResourceUsage::DoMonitorRes@200] Do not check process resource

2025-10-30 13:53:57.246 ERROR [15844] [CalcCpuUsageRate@201] CalcCpuUsageRate cpu [109] > 100

2025-10-30 13:53:57.246 INFO  [15844] [CMonitorResourceUsage::DoMonitorRes@264] DoMonitorResource memoryUsage[18] CPU[100] DiskFreeMB[9438459].

2025-10-30 14:14:15.521 INFO  [7300] [CAuthorization::StopCheckThead@261] StopCheckThead begin.

2025-10-30 14:14:15.521 WARN  [3420] [CAuthorization::DoAuthCheck@322] DoAuthCheck m_bExitAuthCheckThd = true

2025-10-30 14:14:15.521 INFO  [3420] [CAuthorization::DoAuthCheck@330] [Deinit] DoAuthCheck end.

2025-10-30 14:14:15.521 INFO  [7300] [CAuthorization::StopCheckThead@266] StopCheckThead end.

2025-10-30 14:14:15.552 INFO  [7300] [CAuthorization::Uninit@107] [Deinit] End

2025-10-30 14:14:15.568 INFO  [7300] [UnitPluginInstance@51] UnitPluginInstance - Begin

2025-10-30 14:14:15.568 INFO  [7300] [CMonitorResourceUsage::StopMonitorThead@132] StopMonitorThead begin.

2025-10-30 14:14:15.584 INFO  [15844] [CMonitorResourceUsage::DoMonitorRes@229] DoMonitorResource end, m_bExitMonitorThread is true

2025-10-30 14:14:15.584 INFO  [7300] [CMonitorResourceUsage::StopMonitorThead@145] StopMonitorThead end.

2025-10-30 14:14:15.584 INFO  [7300] [UnitPluginInstance@55] UnitPluginInstance - End

2025-10-30 14:14:25.975 INFO  [544] [CAuthorization::Init@59] [Init] Begin.

2025-10-30 14:14:26.116 INFO  [544] [CDongleV5::Login@87] MV_LoginLicense sucessfully, dongle type[0](0:dongle, 2:soft lock, 3:remote dongle) handle[1] licId[40001]

2025-10-30 14:14:26.116 INFO  [544] [CDongleV5::GetDongleInfo@133] MV_GetUserDataSize begin

2025-10-30 14:14:26.131 INFO  [544] [CDongleV5::GetDongleInfo@141] MV_GetUserDataSize end

2025-10-30 14:14:26.147 INFO  [544] [CDongleV5::GetDongleInfo@158] MV_ReadUserData, Dongle name[6200], camera num[4], soft version[1], series[0], language[0]

2025-10-30 14:14:26.147 INFO  [544] [CDongleV5::GetDongleInfo@164] Dongle serial number[FL0403490] len[9]

2025-10-30 14:14:26.178 INFO  [544] [CDongleV5::GetLicenseInfo@343] GetRemainTime end.

2025-10-30 14:14:26.178 INFO  [544] [CAuthorization::Init@79] [Init] Get license v5 sucessfully

2025-10-30 14:14:26.178 INFO  [544] [CAuthorization::StartCheckThread@224] StartCheckThread begin.

2025-10-30 14:14:26.178 INFO  [544] [CAuthorization::StartCheckThread@250] StartCheckThread end.

2025-10-30 14:14:26.178 INFO  [544] [CAuthorization::Init@92] [Init] End.

2025-10-30 14:14:26.194 INFO  [544] [InitPluginInstance@27] [Init] [End]

2025-10-30 14:14:26.803 INFO  [16392] [CAuthorization::DoAuthCheck@276] DoAuthCheck begin.

2025-10-30 14:14:26.959 INFO  [16392] [CDongleV5::Login@87] MV_LoginLicense sucessfully, dongle type[0](0:dongle, 2:soft lock, 3:remote dongle) handle[2] licId[40001]

2025-10-30 14:14:26.959 INFO  [16392] [CDongleV5::GetDongleInfo@133] MV_GetUserDataSize begin

2025-10-30 14:14:26.991 INFO  [16392] [CDongleV5::GetDongleInfo@141] MV_GetUserDataSize end

2025-10-30 14:14:27.022 INFO  [16392] [CDongleV5::GetDongleInfo@158] MV_ReadUserData, Dongle name[6200], camera num[4], soft version[1], series[0], language[0]

2025-10-30 14:14:27.022 INFO  [16392] [CDongleV5::GetDongleInfo@164] Dongle serial number[FL0403490] len[9]

2025-10-30 14:14:27.069 INFO  [16392] [CDongleV5::GetLicenseInfo@343] GetRemainTime end.

2025-10-30 14:14:26.803 INFO  [544] [InitPluginInstance@33] InitPluginInstance - Begin

2025-10-30 14:14:26.803 INFO  [544] [CMonitorResourceUsage::Init@47] Init begin.

2025-10-30 14:14:26.803 INFO  [544] [GetDllFilePath@262] path[D:\VisionMaster4.4.0\Applications\Server]

2025-10-30 14:14:26.803 INFO  [544] [CMonitorResourceUsage::LoadCfgParam@449] Now resource monitor interval[5]

2025-10-30 14:14:26.803 INFO  [544] [CMonitorResourceUsage::StartMonitorThread@90] StartMonitorThread begin.

2025-10-30 14:14:26.803 INFO  [544] [CMonitorResourceUsage::StartMonitorThread@121] StartCheckThread end.

2025-10-30 14:14:26.803 INFO  [544] [InitPluginInstance@39] InitPluginInstance - End

2025-10-30 14:14:27.209 INFO  [16900] [CMonitorResourceUsage::DoMonitorRes@176] DoMonitorResource begin.

2025-10-30 14:14:27.209 INFO  [16900] [CMonitorResourceUsage::SystemVersionMoreThanWin10@155] MajorVersion[6] MinorVersion[2], 6.2 is win10

2025-10-30 14:14:27.209 INFO  [16900] [CMonitorResourceUsage::DoMonitorRes@200] Do not check process resource

2025-10-30 15:04:25.187 INFO  [19600] [CAuthorization::Init@59] [Init] Begin.

2025-10-30 15:04:25.377 INFO  [19600] [CDongleV5::Login@87] MV_LoginLicense sucessfully, dongle type[0](0:dongle, 2:soft lock, 3:remote dongle) handle[1] licId[40001]

2025-10-30 15:04:25.378 INFO  [19600] [CDongleV5::GetDongleInfo@133] MV_GetUserDataSize begin

2025-10-30 15:04:25.405 INFO  [19600] [CDongleV5::GetDongleInfo@141] MV_GetUserDataSize end

2025-10-30 15:04:25.431 INFO  [19600] [CDongleV5::GetDongleInfo@158] MV_ReadUserData, Dongle name[6200], camera num[4], soft version[1], series[0], language[0]

2025-10-30 15:04:25.431 INFO  [19600] [CDongleV5::GetDongleInfo@164] Dongle serial number[FL0403490] len[9]

2025-10-30 15:04:25.467 INFO  [19600] [CDongleV5::GetLicenseInfo@343] GetRemainTime end.

2025-10-30 15:04:25.469 INFO  [19600] [CAuthorization::Init@79] [Init] Get license v5 sucessfully

2025-10-30 15:04:25.471 INFO  [19600] [CAuthorization::StartCheckThread@224] StartCheckThread begin.

2025-10-30 15:04:25.473 INFO  [19600] [CAuthorization::StartCheckThread@250] StartCheckThread end.

2025-10-30 15:04:25.473 INFO  [19600] [CAuthorization::Init@92] [Init] End.

2025-10-30 15:04:25.475 INFO  [19600] [InitPluginInstance@27] [Init] [End]

2025-10-30 15:04:25.921 INFO  [21832] [CAuthorization::DoAuthCheck@276] DoAuthCheck begin.

2025-10-30 15:04:26.084 INFO  [21832] [CDongleV5::Login@87] MV_LoginLicense sucessfully, dongle type[0](0:dongle, 2:soft lock, 3:remote dongle) handle[2] licId[40001]

2025-10-30 15:04:26.089 INFO  [21832] [CDongleV5::GetDongleInfo@133] MV_GetUserDataSize begin

2025-10-30 15:04:26.096 INFO  [21832] [CDongleV5::GetDongleInfo@141] MV_GetUserDataSize end

2025-10-30 15:04:26.116 INFO  [21832] [CDongleV5::GetDongleInfo@158] MV_ReadUserData, Dongle name[6200], camera num[4], soft version[1], series[0], language[0]

2025-10-30 15:04:26.116 INFO  [21832] [CDongleV5::GetDongleInfo@164] Dongle serial number[FL0403490] len[9]

2025-10-30 15:04:26.157 INFO  [21832] [CDongleV5::GetLicenseInfo@343] GetRemainTime end.

2025-10-30 15:04:25.927 INFO  [19600] [InitPluginInstance@33] InitPluginInstance - Begin

2025-10-30 15:04:25.927 INFO  [19600] [CMonitorResourceUsage::Init@47] Init begin.

2025-10-30 15:04:25.927 INFO  [19600] [GetDllFilePath@262] path[D:\VisionMaster4.4.0\Applications\Server]

2025-10-30 15:04:25.927 INFO  [19600] [CMonitorResourceUsage::LoadCfgParam@449] Now resource monitor interval[5]

2025-10-30 15:04:25.927 INFO  [19600] [CMonitorResourceUsage::StartMonitorThread@90] StartMonitorThread begin.

2025-10-30 15:04:25.927 INFO  [19600] [CMonitorResourceUsage::StartMonitorThread@121] StartCheckThread end.

2025-10-30 15:04:25.927 INFO  [19600] [InitPluginInstance@39] InitPluginInstance - End

2025-10-30 15:04:25.966 INFO  [19880] [CMonitorResourceUsage::DoMonitorRes@176] DoMonitorResource begin.

2025-10-30 15:04:25.966 INFO  [19880] [CMonitorResourceUsage::SystemVersionMoreThanWin10@155] MajorVersion[6] MinorVersion[2], 6.2 is win10

2025-10-30 15:04:25.966 INFO  [19880] [CMonitorResourceUsage::DoMonitorRes@200] Do not check process resource

2025-10-30 16:09:12.986 INFO  [19880] [CMonitorResourceUsage::DoMonitorRes@264] DoMonitorResource memoryUsage[19] CPU[95] DiskFreeMB[9438466].

2025-10-31 09:26:21.338 INFO  [15976] [CAuthorization::Init@59] [Init] Begin.

2025-10-31 09:26:21.527 INFO  [15976] [CDongleV5::Login@87] MV_LoginLicense sucessfully, dongle type[0](0:dongle, 2:soft lock, 3:remote dongle) handle[1] licId[40001]

2025-10-31 09:26:21.531 INFO  [15976] [CDongleV5::GetDongleInfo@133] MV_GetUserDataSize begin

2025-10-31 09:26:21.551 INFO  [15976] [CDongleV5::GetDongleInfo@141] MV_GetUserDataSize end

2025-10-31 09:26:21.574 INFO  [15976] [CDongleV5::GetDongleInfo@158] MV_ReadUserData, Dongle name[6200], camera num[4], soft version[1], series[0], language[0]

2025-10-31 09:26:21.574 INFO  [15976] [CDongleV5::GetDongleInfo@164] Dongle serial number[FL0403490] len[9]

2025-10-31 09:26:21.605 INFO  [15976] [CDongleV5::GetLicenseInfo@343] GetRemainTime end.

2025-10-31 09:26:21.605 INFO  [15976] [CAuthorization::Init@79] [Init] Get license v5 sucessfully

2025-10-31 09:26:21.605 INFO  [15976] [CAuthorization::StartCheckThread@224] StartCheckThread begin.

2025-10-31 09:26:21.605 INFO  [15976] [CAuthorization::StartCheckThread@250] StartCheckThread end.

2025-10-31 09:26:21.605 INFO  [15976] [CAuthorization::Init@92] [Init] End.

2025-10-31 09:26:21.605 INFO  [15976] [InitPluginInstance@27] [Init] [End]

2025-10-31 09:26:21.637 INFO  [14744] [CAuthorization::DoAuthCheck@276] DoAuthCheck begin.

2025-10-31 09:26:21.777 INFO  [14744] [CDongleV5::Login@87] MV_LoginLicense sucessfully, dongle type[0](0:dongle, 2:soft lock, 3:remote dongle) handle[2] licId[40001]

2025-10-31 09:26:21.777 INFO  [14744] [CDongleV5::GetDongleInfo@133] MV_GetUserDataSize begin

2025-10-31 09:26:21.809 INFO  [14744] [CDongleV5::GetDongleInfo@141] MV_GetUserDataSize end

2025-10-31 09:26:21.840 INFO  [14744] [CDongleV5::GetDongleInfo@158] MV_ReadUserData, Dongle name[6200], camera num[4], soft version[1], series[0], language[0]

2025-10-31 09:26:21.840 INFO  [14744] [CDongleV5::GetDongleInfo@164] Dongle serial number[FL0403490] len[9]

2025-10-31 09:26:21.887 INFO  [14744] [CDongleV5::GetLicenseInfo@343] GetRemainTime end.

2025-10-31 09:26:21.637 INFO  [15976] [InitPluginInstance@33] InitPluginInstance - Begin

2025-10-31 09:26:21.637 INFO  [15976] [CMonitorResourceUsage::Init@47] Init begin.

2025-10-31 09:26:21.637 INFO  [15976] [GetDllFilePath@262] path[D:\VisionMaster4.4.0\Applications\Server]

2025-10-31 09:26:21.637 INFO  [15976] [CMonitorResourceUsage::LoadCfgParam@449] Now resource monitor interval[5]

2025-10-31 09:26:21.637 INFO  [15976] [CMonitorResourceUsage::StartMonitorThread@90] StartMonitorThread begin.

2025-10-31 09:26:21.637 INFO  [15976] [CMonitorResourceUsage::StartMonitorThread@121] StartCheckThread end.

2025-10-31 09:26:21.637 INFO  [15976] [InitPluginInstance@39] InitPluginInstance - End

2025-10-31 09:26:21.699 INFO  [18304] [CMonitorResourceUsage::DoMonitorRes@176] DoMonitorResource begin.

2025-10-31 09:26:21.699 INFO  [18304] [CMonitorResourceUsage::SystemVersionMoreThanWin10@155] MajorVersion[6] MinorVersion[2], 6.2 is win10

2025-10-31 09:26:21.699 INFO  [18304] [CMonitorResourceUsage::DoMonitorRes@200] Do not check process resource

2025-10-31 09:27:07.920 INFO  [18304] [CMonitorResourceUsage::DoMonitorRes@264] DoMonitorResource memoryUsage[24] CPU[95] DiskFreeMB[9437615].

2025-10-31 09:48:56.396 INFO  [12032] [CAuthorization::Init@59] [Init] Begin.

2025-10-31 09:48:56.569 INFO  [12032] [CDongleV5::Login@87] MV_LoginLicense sucessfully, dongle type[0](0:dongle, 2:soft lock, 3:remote dongle) handle[1] licId[40001]

2025-10-31 09:48:56.570 INFO  [12032] [CDongleV5::GetDongleInfo@133] MV_GetUserDataSize begin

2025-10-31 09:48:56.579 INFO  [12032] [CDongleV5::GetDongleInfo@141] MV_GetUserDataSize end

2025-10-31 09:48:56.612 INFO  [12032] [CDongleV5::GetDongleInfo@158] MV_ReadUserData, Dongle name[6200], camera num[4], soft version[1], series[0], language[0]

2025-10-31 09:48:56.612 INFO  [12032] [CDongleV5::GetDongleInfo@164] Dongle serial number[FL0403490] len[9]

2025-10-31 09:48:56.664 INFO  [12032] [CDongleV5::GetLicenseInfo@343] GetRemainTime end.

2025-10-31 09:48:56.666 INFO  [12032] [CAuthorization::Init@79] [Init] Get license v5 sucessfully

2025-10-31 09:48:56.669 INFO  [12032] [CAuthorization::StartCheckThread@224] StartCheckThread begin.

2025-10-31 09:48:56.673 INFO  [12032] [CAuthorization::StartCheckThread@250] StartCheckThread end.

2025-10-31 09:48:56.673 INFO  [12032] [CAuthorization::Init@92] [Init] End.

2025-10-31 09:48:56.676 INFO  [12032] [InitPluginInstance@27] [Init] [End]

2025-10-31 09:48:57.173 INFO  [19128] [CAuthorization::DoAuthCheck@276] DoAuthCheck begin.

2025-10-31 09:48:57.340 INFO  [19128] [CDongleV5::Login@87] MV_LoginLicense sucessfully, dongle type[0](0:dongle, 2:soft lock, 3:remote dongle) handle[2] licId[40001]

2025-10-31 09:48:57.341 INFO  [19128] [CDongleV5::GetDongleInfo@133] MV_GetUserDataSize begin

2025-10-31 09:48:57.358 INFO  [19128] [CDongleV5::GetDongleInfo@141] MV_GetUserDataSize end

2025-10-31 09:48:57.379 INFO  [19128] [CDongleV5::GetDongleInfo@158] MV_ReadUserData, Dongle name[6200], camera num[4], soft version[1], series[0], language[0]

2025-10-31 09:48:57.379 INFO  [19128] [CDongleV5::GetDongleInfo@164] Dongle serial number[FL0403490] len[9]

2025-10-31 09:48:57.427 INFO  [19128] [CDongleV5::GetLicenseInfo@343] GetRemainTime end.

2025-10-31 09:48:57.172 INFO  [12032] [InitPluginInstance@33] InitPluginInstance - Begin

2025-10-31 09:48:57.172 INFO  [12032] [CMonitorResourceUsage::Init@47] Init begin.

2025-10-31 09:48:57.173 INFO  [12032] [GetDllFilePath@262] path[D:\VisionMaster4.4.0\Applications\Server]

2025-10-31 09:48:57.173 INFO  [12032] [CMonitorResourceUsage::LoadCfgParam@449] Now resource monitor interval[5]

2025-10-31 09:48:57.173 INFO  [12032] [CMonitorResourceUsage::StartMonitorThread@90] StartMonitorThread begin.

2025-10-31 09:48:57.173 INFO  [12032] [CMonitorResourceUsage::StartMonitorThread@121] StartCheckThread end.

2025-10-31 09:48:57.173 INFO  [12032] [InitPluginInstance@39] InitPluginInstance - End

2025-10-31 09:48:57.229 INFO  [10012] [CMonitorResourceUsage::DoMonitorRes@176] DoMonitorResource begin.

2025-10-31 09:48:57.229 INFO  [10012] [CMonitorResourceUsage::SystemVersionMoreThanWin10@155] MajorVersion[6] MinorVersion[2], 6.2 is win10

2025-10-31 09:48:57.229 INFO  [10012] [CMonitorResourceUsage::DoMonitorRes@200] Do not check process resource

2025-10-31 09:49:49.645 ERROR [10012] [CalcCpuUsageRate@201] CalcCpuUsageRate cpu [116] > 100

2025-10-31 09:49:49.645 INFO  [10012] [CMonitorResourceUsage::DoMonitorRes@264] DoMonitorResource memoryUsage[24] CPU[100] DiskFreeMB[9437589].

2025-10-31 10:00:43.769 INFO  [13708] [CAuthorization::Init@59] [Init] Begin.

2025-10-31 10:00:43.944 INFO  [13708] [CDongleV5::Login@87] MV_LoginLicense sucessfully, dongle type[0](0:dongle, 2:soft lock, 3:remote dongle) handle[1] licId[40001]

2025-10-31 10:00:43.949 INFO  [13708] [CDongleV5::GetDongleInfo@133] MV_GetUserDataSize begin

2025-10-31 10:00:43.958 INFO  [13708] [CDongleV5::GetDongleInfo@141] MV_GetUserDataSize end

2025-10-31 10:00:43.979 INFO  [13708] [CDongleV5::GetDongleInfo@158] MV_ReadUserData, Dongle name[6200], camera num[4], soft version[1], series[0], language[0]

2025-10-31 10:00:43.979 INFO  [13708] [CDongleV5::GetDongleInfo@164] Dongle serial number[FL0403490] len[9]

2025-10-31 10:00:44.022 INFO  [13708] [CDongleV5::GetLicenseInfo@343] GetRemainTime end.

2025-10-31 10:00:44.038 INFO  [13708] [CAuthorization::Init@79] [Init] Get license v5 sucessfully

2025-10-31 10:00:44.038 INFO  [13708] [CAuthorization::StartCheckThread@224] StartCheckThread begin.

2025-10-31 10:00:44.039 INFO  [13708] [CAuthorization::StartCheckThread@250] StartCheckThread end.

2025-10-31 10:00:44.039 INFO  [13708] [CAuthorization::Init@92] [Init] End.

2025-10-31 10:00:44.041 INFO  [13708] [InitPluginInstance@27] [Init] [End]

2025-10-31 10:00:44.601 INFO  [19088] [CAuthorization::DoAuthCheck@276] DoAuthCheck begin.

2025-10-31 10:00:44.765 INFO  [19088] [CDongleV5::Login@87] MV_LoginLicense sucessfully, dongle type[0](0:dongle, 2:soft lock, 3:remote dongle) handle[2] licId[40001]

2025-10-31 10:00:44.772 INFO  [19088] [CDongleV5::GetDongleInfo@133] MV_GetUserDataSize begin

2025-10-31 10:00:44.793 INFO  [19088] [CDongleV5::GetDongleInfo@141] MV_GetUserDataSize end

2025-10-31 10:00:44.818 INFO  [19088] [CDongleV5::GetDongleInfo@158] MV_ReadUserData, Dongle name[6200], camera num[4], soft version[1], series[0], language[0]

2025-10-31 10:00:44.820 INFO  [19088] [CDongleV5::GetDongleInfo@164] Dongle serial number[FL0403490] len[9]

2025-10-31 10:00:44.855 INFO  [19088] [CDongleV5::GetLicenseInfo@343] GetRemainTime end.

2025-10-31 10:00:44.602 INFO  [13708] [InitPluginInstance@33] InitPluginInstance - Begin

2025-10-31 10:00:44.602 INFO  [13708] [CMonitorResourceUsage::Init@47] Init begin.

2025-10-31 10:00:44.602 INFO  [13708] [GetDllFilePath@262] path[D:\VisionMaster4.4.0\Applications\Server]

2025-10-31 10:00:44.602 INFO  [13708] [CMonitorResourceUsage::LoadCfgParam@449] Now resource monitor interval[5]

2025-10-31 10:00:44.602 INFO  [13708] [CMonitorResourceUsage::StartMonitorThread@90] StartMonitorThread begin.

2025-10-31 10:00:44.602 INFO  [13708] [CMonitorResourceUsage::StartMonitorThread@121] StartCheckThread end.

2025-10-31 10:00:44.602 INFO  [13708] [InitPluginInstance@39] InitPluginInstance - End

2025-10-31 10:00:44.933 INFO  [1576] [CMonitorResourceUsage::DoMonitorRes@176] DoMonitorResource begin.

2025-10-31 10:00:44.933 INFO  [1576] [CMonitorResourceUsage::SystemVersionMoreThanWin10@155] MajorVersion[6] MinorVersion[2], 6.2 is win10

2025-10-31 10:00:44.933 INFO  [1576] [CMonitorResourceUsage::DoMonitorRes@200] Do not check process resource

2025-10-31 10:01:47.645 ERROR [1576] [CalcCpuUsageRate@201] CalcCpuUsageRate cpu [115] > 100

2025-10-31 10:01:47.645 INFO  [1576] [CMonitorResourceUsage::DoMonitorRes@264] DoMonitorResource memoryUsage[24] CPU[100] DiskFreeMB[9437585].

2025-11-14 15:38:06.706 INFO  [12136] [CAuthorization::Init@59] [Init] Begin.

2025-11-14 15:38:06.847 INFO  [12136] [CDongleV5::Login@87] MV_LoginLicense sucessfully, dongle type[0](0:dongle, 2:soft lock, 3:remote dongle) handle[1] licId[40001]

2025-11-14 15:38:06.847 INFO  [12136] [CDongleV5::GetDongleInfo@133] MV_GetUserDataSize begin

2025-11-14 15:38:06.862 INFO  [12136] [CDongleV5::GetDongleInfo@141] MV_GetUserDataSize end

2025-11-14 15:38:06.878 INFO  [12136] [CDongleV5::GetDongleInfo@158] MV_ReadUserData, Dongle name[6200], camera num[4], soft version[1], series[0], language[0]

2025-11-14 15:38:06.878 INFO  [12136] [CDongleV5::GetDongleInfo@164] Dongle serial number[FL0265015] len[9]

2025-11-14 15:38:06.909 INFO  [12136] [CDongleV5::GetLicenseInfo@343] GetRemainTime end.

2025-11-14 15:38:06.909 INFO  [12136] [CAuthorization::Init@79] [Init] Get license v5 sucessfully

2025-11-14 15:38:06.909 INFO  [12136] [CAuthorization::StartCheckThread@224] StartCheckThread begin.

2025-11-14 15:38:06.909 INFO  [12136] [CAuthorization::StartCheckThread@250] StartCheckThread end.

2025-11-14 15:38:06.909 INFO  [12136] [CAuthorization::Init@92] [Init] End.

2025-11-14 15:38:06.925 INFO  [12136] [InitPluginInstance@27] [Init] [End]

2025-11-14 15:38:06.972 INFO  [11840] [CAuthorization::DoAuthCheck@276] DoAuthCheck begin.

2025-11-14 15:38:07.112 INFO  [11840] [CDongleV5::Login@87] MV_LoginLicense sucessfully, dongle type[0](0:dongle, 2:soft lock, 3:remote dongle) handle[2] licId[40001]

2025-11-14 15:38:07.112 INFO  [11840] [CDongleV5::GetDongleInfo@133] MV_GetUserDataSize begin

2025-11-14 15:38:07.143 INFO  [11840] [CDongleV5::GetDongleInfo@141] MV_GetUserDataSize end

2025-11-14 15:38:07.159 INFO  [11840] [CDongleV5::GetDongleInfo@158] MV_ReadUserData, Dongle name[6200], camera num[4], soft version[1], series[0], language[0]

2025-11-14 15:38:07.159 INFO  [11840] [CDongleV5::GetDongleInfo@164] Dongle serial number[FL0265015] len[9]

2025-11-14 15:38:07.253 INFO  [11840] [CDongleV5::GetLicenseInfo@343] GetRemainTime end.

2025-11-14 15:38:06.987 INFO  [12136] [InitPluginInstance@33] InitPluginInstance - Begin

2025-11-14 15:38:06.987 INFO  [12136] [CMonitorResourceUsage::Init@47] Init begin.

2025-11-14 15:38:06.987 INFO  [12136] [GetDllFilePath@262] path[D:\VisionMaster4.4.0\Applications\Server]

2025-11-14 15:38:06.987 INFO  [12136] [CMonitorResourceUsage::LoadCfgParam@449] Now resource monitor interval[5]

2025-11-14 15:38:06.987 INFO  [12136] [CMonitorResourceUsage::StartMonitorThread@90] StartMonitorThread begin.

2025-11-14 15:38:06.987 INFO  [12136] [CMonitorResourceUsage::StartMonitorThread@121] StartCheckThread end.

2025-11-14 15:38:06.987 INFO  [12136] [InitPluginInstance@39] InitPluginInstance - End

2025-11-14 15:38:06.987 INFO  [11812] [CMonitorResourceUsage::DoMonitorRes@176] DoMonitorResource begin.

2025-11-14 15:38:06.987 INFO  [11812] [CMonitorResourceUsage::SystemVersionMoreThanWin10@155] MajorVersion[6] MinorVersion[2], 6.2 is win10

2025-11-14 15:38:06.987 INFO  [11812] [CMonitorResourceUsage::DoMonitorRes@200] Do not check process resource

2025-11-14 15:38:18.219 INFO  [8496] [CAuthorization::StopCheckThead@261] StopCheckThead begin.

2025-11-14 15:38:18.219 WARN  [11840] [CAuthorization::DoAuthCheck@322] DoAuthCheck m_bExitAuthCheckThd = true

2025-11-14 15:38:18.219 INFO  [11840] [CAuthorization::DoAuthCheck@330] [Deinit] DoAuthCheck end.

2025-11-14 15:38:18.219 INFO  [8496] [CAuthorization::StopCheckThead@266] StopCheckThead end.

2025-11-14 15:38:18.250 INFO  [8496] [CAuthorization::Uninit@107] [Deinit] End

2025-11-14 15:38:18.250 INFO  [8496] [UnitPluginInstance@51] UnitPluginInstance - Begin

2025-11-14 15:38:18.250 INFO  [8496] [CMonitorResourceUsage::StopMonitorThead@132] StopMonitorThead begin.

2025-11-14 15:38:18.312 INFO  [11812] [CMonitorResourceUsage::DoMonitorRes@229] DoMonitorResource end, m_bExitMonitorThread is true

2025-11-14 15:38:18.312 INFO  [8496] [CMonitorResourceUsage::StopMonitorThead@145] StopMonitorThead end.

2025-11-14 15:38:18.312 INFO  [8496] [UnitPluginInstance@55] UnitPluginInstance - End

2025-11-18 17:22:53.972 INFO  [2760] [CAuthorization::Init@59] [Init] Begin.

2025-11-18 17:22:54.112 INFO  [2760] [CDongleV5::Login@87] MV_LoginLicense sucessfully, dongle type[0](0:dongle, 2:soft lock, 3:remote dongle) handle[1] licId[40001]

2025-11-18 17:22:54.112 INFO  [2760] [CDongleV5::GetDongleInfo@133] MV_GetUserDataSize begin

2025-11-18 17:22:54.144 INFO  [2760] [CDongleV5::GetDongleInfo@141] MV_GetUserDataSize end

2025-11-18 17:22:54.159 INFO  [2760] [CDongleV5::GetDongleInfo@158] MV_ReadUserData, Dongle name[6200], camera num[4], soft version[1], series[0], language[0]

2025-11-18 17:22:54.159 INFO  [2760] [CDongleV5::GetDongleInfo@164] Dongle serial number[FL0265015] len[9]

2025-11-18 17:22:54.190 INFO  [2760] [CDongleV5::GetLicenseInfo@343] GetRemainTime end.

2025-11-18 17:22:54.206 INFO  [2760] [CAuthorization::Init@79] [Init] Get license v5 sucessfully

2025-11-18 17:22:54.206 INFO  [2760] [CAuthorization::StartCheckThread@224] StartCheckThread begin.

2025-11-18 17:22:54.206 INFO  [2760] [CAuthorization::StartCheckThread@250] StartCheckThread end.

2025-11-18 17:22:54.206 INFO  [2760] [CAuthorization::Init@92] [Init] End.

2025-11-18 17:22:54.206 INFO  [2760] [InitPluginInstance@27] [Init] [End]

2025-11-18 17:22:54.206 INFO  [1544] [CAuthorization::DoAuthCheck@276] DoAuthCheck begin.

2025-11-18 17:22:54.394 INFO  [1544] [CDongleV5::Login@87] MV_LoginLicense sucessfully, dongle type[0](0:dongle, 2:soft lock, 3:remote dongle) handle[2] licId[40001]

2025-11-18 17:22:54.394 INFO  [1544] [CDongleV5::GetDongleInfo@133] MV_GetUserDataSize begin

2025-11-18 17:22:54.409 INFO  [1544] [CDongleV5::GetDongleInfo@141] MV_GetUserDataSize end

2025-11-18 17:22:54.425 INFO  [1544] [CDongleV5::GetDongleInfo@158] MV_ReadUserData, Dongle name[6200], camera num[4], soft version[1], series[0], language[0]

2025-11-18 17:22:54.425 INFO  [1544] [CDongleV5::GetDongleInfo@164] Dongle serial number[FL0265015] len[9]

2025-11-18 17:22:54.458 INFO  [1544] [CDongleV5::GetLicenseInfo@343] GetRemainTime end.

2025-11-18 17:23:00.487 INFO  [5972] [CAuthorization::StopCheckThead@261] StopCheckThead begin.

2025-11-18 17:23:00.487 WARN  [1544] [CAuthorization::DoAuthCheck@322] DoAuthCheck m_bExitAuthCheckThd = true

2025-11-18 17:23:00.487 INFO  [1544] [CAuthorization::DoAuthCheck@330] [Deinit] DoAuthCheck end.

2025-11-18 17:23:00.487 INFO  [5972] [CAuthorization::StopCheckThead@266] StopCheckThead end.

2025-11-18 17:23:00.519 INFO  [5972] [CAuthorization::Uninit@107] [Deinit] End

2025-11-18 17:22:54.206 INFO  [2760] [InitPluginInstance@33] InitPluginInstance - Begin

2025-11-18 17:22:54.206 INFO  [2760] [CMonitorResourceUsage::Init@47] Init begin.

2025-11-18 17:22:54.206 INFO  [2760] [GetDllFilePath@262] path[D:\VisionMaster4.4.0\Applications\Server]

2025-11-18 17:22:54.206 INFO  [2760] [CMonitorResourceUsage::LoadCfgParam@449] Now resource monitor interval[5]

2025-11-18 17:22:54.206 INFO  [2760] [CMonitorResourceUsage::StartMonitorThread@90] StartMonitorThread begin.

2025-11-18 17:22:54.206 INFO  [2760] [CMonitorResourceUsage::StartMonitorThread@121] StartCheckThread end.

2025-11-18 17:22:54.206 INFO  [2760] [InitPluginInstance@39] InitPluginInstance - End

2025-11-18 17:22:54.222 INFO  [2912] [CMonitorResourceUsage::DoMonitorRes@176] DoMonitorResource begin.

2025-11-18 17:22:54.222 INFO  [2912] [CMonitorResourceUsage::SystemVersionMoreThanWin10@155] MajorVersion[6] MinorVersion[2], 6.2 is win10

2025-11-18 17:22:54.222 INFO  [2912] [CMonitorResourceUsage::DoMonitorRes@200] Do not check process resource

2025-11-18 17:23:00.519 INFO  [5972] [UnitPluginInstance@51] UnitPluginInstance - Begin

2025-11-18 17:23:00.519 INFO  [5972] [CMonitorResourceUsage::StopMonitorThead@132] StopMonitorThead begin.

2025-11-18 17:23:00.534 INFO  [2912] [CMonitorResourceUsage::DoMonitorRes@229] DoMonitorResource end, m_bExitMonitorThread is true

2025-11-18 17:23:00.534 INFO  [5972] [CMonitorResourceUsage::StopMonitorThead@145] StopMonitorThead end.

2025-11-18 17:23:00.534 INFO  [5972] [UnitPluginInstance@55] UnitPluginInstance - End

2025-11-18 18:34:39.437 INFO  [15260] [CAuthorization::Init@59] [Init] Begin.

2025-11-18 18:34:39.595 INFO  [15260] [CDongleV5::Login@87] MV_LoginLicense sucessfully, dongle type[0](0:dongle, 2:soft lock, 3:remote dongle) handle[1] licId[40001]

2025-11-18 18:34:39.595 INFO  [15260] [CDongleV5::GetDongleInfo@133] MV_GetUserDataSize begin

2025-11-18 18:34:39.636 INFO  [15260] [CDongleV5::GetDongleInfo@141] MV_GetUserDataSize end

2025-11-18 18:34:39.664 INFO  [15260] [CDongleV5::GetDongleInfo@158] MV_ReadUserData, Dongle name[6200], camera num[4], soft version[1], series[0], language[0]

2025-11-18 18:34:39.664 INFO  [15260] [CDongleV5::GetDongleInfo@164] Dongle serial number[FL0265015] len[9]

2025-11-18 18:34:39.711 INFO  [15260] [CDongleV5::GetLicenseInfo@343] GetRemainTime end.

2025-11-18 18:34:39.711 INFO  [15260] [CAuthorization::Init@79] [Init] Get license v5 sucessfully

2025-11-18 18:34:39.711 INFO  [15260] [CAuthorization::StartCheckThread@224] StartCheckThread begin.

2025-11-18 18:34:39.727 INFO  [15260] [CAuthorization::StartCheckThread@250] StartCheckThread end.

2025-11-18 18:34:39.729 INFO  [15260] [CAuthorization::Init@92] [Init] End.

2025-11-18 18:34:39.729 INFO  [15260] [InitPluginInstance@27] [Init] [End]

2025-11-18 18:34:39.759 INFO  [10416] [CAuthorization::DoAuthCheck@276] DoAuthCheck begin.

2025-11-18 18:34:39.895 INFO  [10416] [CDongleV5::Login@87] MV_LoginLicense sucessfully, dongle type[0](0:dongle, 2:soft lock, 3:remote dongle) handle[2] licId[40001]

2025-11-18 18:34:39.895 INFO  [10416] [CDongleV5::GetDongleInfo@133] MV_GetUserDataSize begin

2025-11-18 18:34:39.926 INFO  [10416] [CDongleV5::GetDongleInfo@141] MV_GetUserDataSize end

2025-11-18 18:34:39.969 INFO  [10416] [CDongleV5::GetDongleInfo@158] MV_ReadUserData, Dongle name[6200], camera num[4], soft version[1], series[0], language[0]

2025-11-18 18:34:39.972 INFO  [10416] [CDongleV5::GetDongleInfo@164] Dongle serial number[FL0265015] len[9]

2025-11-18 18:34:40.048 INFO  [10416] [CDongleV5::GetLicenseInfo@343] GetRemainTime end.

2025-11-18 18:34:39.761 INFO  [15260] [InitPluginInstance@33] InitPluginInstance - Begin

2025-11-18 18:34:39.761 INFO  [15260] [CMonitorResourceUsage::Init@47] Init begin.

2025-11-18 18:34:39.761 INFO  [15260] [GetDllFilePath@262] path[D:\VisionMaster4.4.0\Applications\Server]

2025-11-18 18:34:39.761 INFO  [15260] [CMonitorResourceUsage::LoadCfgParam@449] Now resource monitor interval[5]

2025-11-18 18:34:39.761 INFO  [15260] [CMonitorResourceUsage::StartMonitorThread@90] StartMonitorThread begin.

2025-11-18 18:34:39.761 INFO  [15260] [CMonitorResourceUsage::StartMonitorThread@121] StartCheckThread end.

2025-11-18 18:34:39.761 INFO  [15260] [InitPluginInstance@39] InitPluginInstance - End

2025-11-18 18:34:39.773 INFO  [10020] [CMonitorResourceUsage::DoMonitorRes@176] DoMonitorResource begin.

2025-11-18 18:34:39.773 INFO  [10020] [CMonitorResourceUsage::SystemVersionMoreThanWin10@155] MajorVersion[6] MinorVersion[2], 6.2 is win10

2025-11-18 18:34:39.773 INFO  [10020] [CMonitorResourceUsage::DoMonitorRes@200] Do not check process resource

2025-11-18 18:38:07.186 INFO  [14816] [CAuthorization::Init@59] [Init] Begin.

2025-11-18 18:38:07.351 INFO  [14816] [CDongleV5::Login@87] MV_LoginLicense sucessfully, dongle type[0](0:dongle, 2:soft lock, 3:remote dongle) handle[1] licId[40001]

2025-11-18 18:38:07.351 INFO  [14816] [CDongleV5::GetDongleInfo@133] MV_GetUserDataSize begin

2025-11-18 18:38:07.382 INFO  [14816] [CDongleV5::GetDongleInfo@141] MV_GetUserDataSize end

2025-11-18 18:38:07.404 INFO  [14816] [CDongleV5::GetDongleInfo@158] MV_ReadUserData, Dongle name[6200], camera num[4], soft version[1], series[0], language[0]

2025-11-18 18:38:07.407 INFO  [14816] [CDongleV5::GetDongleInfo@164] Dongle serial number[FL0265015] len[9]

2025-11-18 18:38:07.452 INFO  [14816] [CDongleV5::GetLicenseInfo@343] GetRemainTime end.

2025-11-18 18:38:07.452 INFO  [14816] [CAuthorization::Init@79] [Init] Get license v5 sucessfully

2025-11-18 18:38:07.452 INFO  [14816] [CAuthorization::StartCheckThread@224] StartCheckThread begin.

2025-11-18 18:38:07.452 INFO  [14816] [CAuthorization::StartCheckThread@250] StartCheckThread end.

2025-11-18 18:38:07.452 INFO  [14816] [CAuthorization::Init@92] [Init] End.

2025-11-18 18:38:07.452 INFO  [14816] [InitPluginInstance@27] [Init] [End]

2025-11-18 18:38:07.532 INFO  [15168] [CAuthorization::DoAuthCheck@276] DoAuthCheck begin.

2025-11-18 18:38:07.726 INFO  [15168] [CDongleV5::Login@87] MV_LoginLicense sucessfully, dongle type[0](0:dongle, 2:soft lock, 3:remote dongle) handle[2] licId[40001]

2025-11-18 18:38:07.738 INFO  [15168] [CDongleV5::GetDongleInfo@133] MV_GetUserDataSize begin

2025-11-18 18:38:07.768 INFO  [15168] [CDongleV5::GetDongleInfo@141] MV_GetUserDataSize end

2025-11-18 18:38:07.796 INFO  [15168] [CDongleV5::GetDongleInfo@158] MV_ReadUserData, Dongle name[6200], camera num[4], soft version[1], series[0], language[0]

2025-11-18 18:38:07.799 INFO  [15168] [CDongleV5::GetDongleInfo@164] Dongle serial number[FL0265015] len[9]

2025-11-18 18:38:07.852 INFO  [15168] [CDongleV5::GetLicenseInfo@343] GetRemainTime end.

2025-11-18 18:38:07.535 INFO  [14816] [InitPluginInstance@33] InitPluginInstance - Begin

2025-11-18 18:38:07.535 INFO  [14816] [CMonitorResourceUsage::Init@47] Init begin.

2025-11-18 18:38:07.535 INFO  [14816] [GetDllFilePath@262] path[D:\VisionMaster4.4.0\Applications\Server]

2025-11-18 18:38:07.535 INFO  [14816] [CMonitorResourceUsage::LoadCfgParam@449] Now resource monitor interval[5]

2025-11-18 18:38:07.535 INFO  [14816] [CMonitorResourceUsage::StartMonitorThread@90] StartMonitorThread begin.

2025-11-18 18:38:07.535 INFO  [14816] [CMonitorResourceUsage::StartMonitorThread@121] StartCheckThread end.

2025-11-18 18:38:07.535 INFO  [14816] [InitPluginInstance@39] InitPluginInstance - End

2025-11-18 18:38:07.566 INFO  [15068] [CMonitorResourceUsage::DoMonitorRes@176] DoMonitorResource begin.

2025-11-18 18:38:07.566 INFO  [15068] [CMonitorResourceUsage::SystemVersionMoreThanWin10@155] MajorVersion[6] MinorVersion[2], 6.2 is win10

2025-11-18 18:38:07.566 INFO  [15068] [CMonitorResourceUsage::DoMonitorRes@200] Do not check process resource

2025-11-18 18:38:48.317 INFO  [8916] [CAuthorization::Init@59] [Init] Begin.

2025-11-18 18:38:48.483 INFO  [8916] [CDongleV5::Login@87] MV_LoginLicense sucessfully, dongle type[0](0:dongle, 2:soft lock, 3:remote dongle) handle[1] licId[40001]

2025-11-18 18:38:48.488 INFO  [8916] [CDongleV5::GetDongleInfo@133] MV_GetUserDataSize begin

2025-11-18 18:38:48.508 INFO  [8916] [CDongleV5::GetDongleInfo@141] MV_GetUserDataSize end

2025-11-18 18:38:48.531 INFO  [8916] [CDongleV5::GetDongleInfo@158] MV_ReadUserData, Dongle name[6200], camera num[4], soft version[1], series[0], language[0]

2025-11-18 18:38:48.531 INFO  [8916] [CDongleV5::GetDongleInfo@164] Dongle serial number[FL0265015] len[9]

2025-11-18 18:38:48.588 INFO  [8916] [CDongleV5::GetLicenseInfo@343] GetRemainTime end.

2025-11-18 18:38:48.618 INFO  [8916] [CAuthorization::Init@79] [Init] Get license v5 sucessfully

2025-11-18 18:38:48.618 INFO  [8916] [CAuthorization::StartCheckThread@224] StartCheckThread begin.

2025-11-18 18:38:48.618 INFO  [8916] [CAuthorization::StartCheckThread@250] StartCheckThread end.

2025-11-18 18:38:48.618 INFO  [8916] [CAuthorization::Init@92] [Init] End.

2025-11-18 18:38:48.621 INFO  [8916] [InitPluginInstance@27] [Init] [End]

2025-11-18 18:38:48.623 INFO  [1352] [CAuthorization::DoAuthCheck@276] DoAuthCheck begin.

2025-11-18 18:38:48.797 INFO  [1352] [CDongleV5::Login@87] MV_LoginLicense sucessfully, dongle type[0](0:dongle, 2:soft lock, 3:remote dongle) handle[2] licId[40001]

2025-11-18 18:38:48.805 INFO  [1352] [CDongleV5::GetDongleInfo@133] MV_GetUserDataSize begin

2025-11-18 18:38:48.826 INFO  [1352] [CDongleV5::GetDongleInfo@141] MV_GetUserDataSize end

2025-11-18 18:38:48.852 INFO  [1352] [CDongleV5::GetDongleInfo@158] MV_ReadUserData, Dongle name[6200], camera num[4], soft version[1], series[0], language[0]

2025-11-18 18:38:48.854 INFO  [1352] [CDongleV5::GetDongleInfo@164] Dongle serial number[FL0265015] len[9]

2025-11-18 18:38:48.894 INFO  [1352] [CDongleV5::GetLicenseInfo@343] GetRemainTime end.

2025-11-18 18:38:48.632 INFO  [8916] [InitPluginInstance@33] InitPluginInstance - Begin

2025-11-18 18:38:48.632 INFO  [8916] [CMonitorResourceUsage::Init@47] Init begin.

2025-11-18 18:38:48.632 INFO  [8916] [GetDllFilePath@262] path[D:\VisionMaster4.4.0\Applications\Server]

2025-11-18 18:38:48.632 INFO  [8916] [CMonitorResourceUsage::LoadCfgParam@449] Now resource monitor interval[5]

2025-11-18 18:38:48.632 INFO  [8916] [CMonitorResourceUsage::StartMonitorThread@90] StartMonitorThread begin.

2025-11-18 18:38:48.632 INFO  [8916] [CMonitorResourceUsage::StartMonitorThread@121] StartCheckThread end.

2025-11-18 18:38:48.632 INFO  [8916] [InitPluginInstance@39] InitPluginInstance - End

2025-11-18 18:38:48.642 INFO  [692] [CMonitorResourceUsage::DoMonitorRes@176] DoMonitorResource begin.

2025-11-18 18:38:48.642 INFO  [692] [CMonitorResourceUsage::SystemVersionMoreThanWin10@155] MajorVersion[6] MinorVersion[2], 6.2 is win10

2025-11-18 18:38:48.642 INFO  [692] [CMonitorResourceUsage::DoMonitorRes@200] Do not check process resource

2025-11-18 19:28:03.537 INFO  [15452] [CAuthorization::Init@59] [Init] Begin.

2025-11-18 19:28:03.713 INFO  [15452] [CDongleV5::Login@87] MV_LoginLicense sucessfully, dongle type[0](0:dongle, 2:soft lock, 3:remote dongle) handle[1] licId[40001]

2025-11-18 19:28:03.717 INFO  [15452] [CDongleV5::GetDongleInfo@133] MV_GetUserDataSize begin

2025-11-18 19:28:03.739 INFO  [15452] [CDongleV5::GetDongleInfo@141] MV_GetUserDataSize end

2025-11-18 19:28:03.771 INFO  [15452] [CDongleV5::GetDongleInfo@158] MV_ReadUserData, Dongle name[6200], camera num[4], soft version[1], series[0], language[0]

2025-11-18 19:28:03.771 INFO  [15452] [CDongleV5::GetDongleInfo@164] Dongle serial number[FL0265015] len[9]

2025-11-18 19:28:03.814 INFO  [15452] [CDongleV5::GetLicenseInfo@343] GetRemainTime end.

2025-11-18 19:28:03.824 INFO  [15452] [CAuthorization::Init@79] [Init] Get license v5 sucessfully

2025-11-18 19:28:03.824 INFO  [15452] [CAuthorization::StartCheckThread@224] StartCheckThread begin.

2025-11-18 19:28:03.824 INFO  [15452] [CAuthorization::StartCheckThread@250] StartCheckThread end.

2025-11-18 19:28:03.824 INFO  [15452] [CAuthorization::Init@92] [Init] End.

2025-11-18 19:28:03.840 INFO  [15452] [InitPluginInstance@27] [Init] [End]

2025-11-18 19:28:03.840 INFO  [13688] [CAuthorization::DoAuthCheck@276] DoAuthCheck begin.

2025-11-18 19:28:04.103 INFO  [13688] [CDongleV5::Login@87] MV_LoginLicense sucessfully, dongle type[0](0:dongle, 2:soft lock, 3:remote dongle) handle[2] licId[40001]

2025-11-18 19:28:04.108 INFO  [13688] [CDongleV5::GetDongleInfo@133] MV_GetUserDataSize begin

2025-11-18 19:28:04.125 INFO  [13688] [CDongleV5::GetDongleInfo@141] MV_GetUserDataSize end

2025-11-18 19:28:04.142 INFO  [13688] [CDongleV5::GetDongleInfo@158] MV_ReadUserData, Dongle name[6200], camera num[4], soft version[1], series[0], language[0]

2025-11-18 19:28:04.143 INFO  [13688] [CDongleV5::GetDongleInfo@164] Dongle serial number[FL0265015] len[9]

2025-11-18 19:28:04.172 INFO  [13688] [CDongleV5::GetLicenseInfo@343] GetRemainTime end.

2025-11-18 19:28:03.840 INFO  [15452] [InitPluginInstance@33] InitPluginInstance - Begin

2025-11-18 19:28:03.840 INFO  [15452] [CMonitorResourceUsage::Init@47] Init begin.

2025-11-18 19:28:03.840 INFO  [15452] [GetDllFilePath@262] path[D:\VisionMaster4.4.0\Applications\Server]

2025-11-18 19:28:03.840 INFO  [15452] [CMonitorResourceUsage::LoadCfgParam@449] Now resource monitor interval[5]

2025-11-18 19:28:03.840 INFO  [15452] [CMonitorResourceUsage::StartMonitorThread@90] StartMonitorThread begin.

2025-11-18 19:28:03.840 INFO  [15452] [CMonitorResourceUsage::StartMonitorThread@121] StartCheckThread end.

2025-11-18 19:28:03.840 INFO  [15452] [InitPluginInstance@39] InitPluginInstance - End

2025-11-18 19:28:03.856 INFO  [15800] [CMonitorResourceUsage::DoMonitorRes@176] DoMonitorResource begin.

2025-11-18 19:28:03.856 INFO  [15800] [CMonitorResourceUsage::SystemVersionMoreThanWin10@155] MajorVersion[6] MinorVersion[2], 6.2 is win10

2025-11-18 19:28:03.856 INFO  [15800] [CMonitorResourceUsage::DoMonitorRes@200] Do not check process resource

2025-11-18 19:38:54.122 INFO  [2208] [CAuthorization::Init@59] [Init] Begin.

2025-11-18 19:38:54.262 INFO  [2208] [CDongleV5::Login@87] MV_LoginLicense sucessfully, dongle type[0](0:dongle, 2:soft lock, 3:remote dongle) handle[1] licId[40001]

2025-11-18 19:38:54.263 INFO  [2208] [CDongleV5::GetDongleInfo@133] MV_GetUserDataSize begin

2025-11-18 19:38:54.270 INFO  [2208] [CDongleV5::GetDongleInfo@141] MV_GetUserDataSize end

2025-11-18 19:38:54.304 INFO  [2208] [CDongleV5::GetDongleInfo@158] MV_ReadUserData, Dongle name[6200], camera num[4], soft version[1], series[0], language[0]

2025-11-18 19:38:54.304 INFO  [2208] [CDongleV5::GetDongleInfo@164] Dongle serial number[FL0265015] len[9]

2025-11-18 19:38:54.335 INFO  [2208] [CDongleV5::GetLicenseInfo@343] GetRemainTime end.

2025-11-18 19:38:54.335 INFO  [2208] [CAuthorization::Init@79] [Init] Get license v5 sucessfully

2025-11-18 19:38:54.335 INFO  [2208] [CAuthorization::StartCheckThread@224] StartCheckThread begin.

2025-11-18 19:38:54.335 INFO  [2208] [CAuthorization::StartCheckThread@250] StartCheckThread end.

2025-11-18 19:38:54.335 INFO  [2208] [CAuthorization::Init@92] [Init] End.

2025-11-18 19:38:54.335 INFO  [2208] [InitPluginInstance@27] [Init] [End]

2025-11-18 19:38:54.397 INFO  [13164] [CAuthorization::DoAuthCheck@276] DoAuthCheck begin.

2025-11-18 19:38:54.555 INFO  [13164] [CDongleV5::Login@87] MV_LoginLicense sucessfully, dongle type[0](0:dongle, 2:soft lock, 3:remote dongle) handle[2] licId[40001]

2025-11-18 19:38:54.557 INFO  [13164] [CDongleV5::GetDongleInfo@133] MV_GetUserDataSize begin

2025-11-18 19:38:54.592 INFO  [13164] [CDongleV5::GetDongleInfo@141] MV_GetUserDataSize end

2025-11-18 19:38:54.605 INFO  [13164] [CDongleV5::GetDongleInfo@158] MV_ReadUserData, Dongle name[6200], camera num[4], soft version[1], series[0], language[0]

2025-11-18 19:38:54.605 INFO  [13164] [CDongleV5::GetDongleInfo@164] Dongle serial number[FL0265015] len[9]

2025-11-18 19:38:54.652 INFO  [13164] [CDongleV5::GetLicenseInfo@343] GetRemainTime end.

2025-11-18 19:38:54.397 INFO  [2208] [InitPluginInstance@33] InitPluginInstance - Begin

2025-11-18 19:38:54.397 INFO  [2208] [CMonitorResourceUsage::Init@47] Init begin.

2025-11-18 19:38:54.397 INFO  [2208] [GetDllFilePath@262] path[D:\VisionMaster4.4.0\Applications\Server]

2025-11-18 19:38:54.397 INFO  [2208] [CMonitorResourceUsage::LoadCfgParam@449] Now resource monitor interval[5]

2025-11-18 19:38:54.397 INFO  [2208] [CMonitorResourceUsage::StartMonitorThread@90] StartMonitorThread begin.

2025-11-18 19:38:54.397 INFO  [2208] [CMonitorResourceUsage::StartMonitorThread@121] StartCheckThread end.

2025-11-18 19:38:54.397 INFO  [2208] [InitPluginInstance@39] InitPluginInstance - End

2025-11-18 19:38:54.402 INFO  [13804] [CMonitorResourceUsage::DoMonitorRes@176] DoMonitorResource begin.

2025-11-18 19:38:54.402 INFO  [13804] [CMonitorResourceUsage::SystemVersionMoreThanWin10@155] MajorVersion[6] MinorVersion[2], 6.2 is win10

2025-11-18 19:38:54.402 INFO  [13804] [CMonitorResourceUsage::DoMonitorRes@200] Do not check process resource

2025-11-18 19:54:26.559 INFO  [14348] [CAuthorization::StopCheckThead@261] StopCheckThead begin.

2025-11-18 19:54:26.560 WARN  [13164] [CAuthorization::DoAuthCheck@322] DoAuthCheck m_bExitAuthCheckThd = true

2025-11-18 19:54:26.560 INFO  [13164] [CAuthorization::DoAuthCheck@330] [Deinit] DoAuthCheck end.

2025-11-18 19:54:26.563 INFO  [14348] [CAuthorization::StopCheckThead@266] StopCheckThead end.

2025-11-18 19:54:26.580 INFO  [14348] [CAuthorization::Uninit@107] [Deinit] End

2025-11-18 19:54:26.581 INFO  [14348] [UnitPluginInstance@51] UnitPluginInstance - Begin

2025-11-18 19:54:26.581 INFO  [14348] [CMonitorResourceUsage::StopMonitorThead@132] StopMonitorThead begin.

2025-11-18 19:54:26.599 INFO  [13804] [CMonitorResourceUsage::DoMonitorRes@229] DoMonitorResource end, m_bExitMonitorThread is true

2025-11-18 19:54:26.607 INFO  [14348] [CMonitorResourceUsage::StopMonitorThead@145] StopMonitorThead end.

2025-11-18 19:54:26.607 INFO  [14348] [UnitPluginInstance@55] UnitPluginInstance - End

2025-11-18 19:54:50.653 INFO  [14376] [CAuthorization::Init@59] [Init] Begin.

2025-11-18 19:54:50.801 INFO  [14376] [CDongleV5::Login@87] MV_LoginLicense sucessfully, dongle type[0](0:dongle, 2:soft lock, 3:remote dongle) handle[1] licId[40001]

2025-11-18 19:54:50.801 INFO  [14376] [CDongleV5::GetDongleInfo@133] MV_GetUserDataSize begin

2025-11-18 19:54:50.839 INFO  [14376] [CDongleV5::GetDongleInfo@141] MV_GetUserDataSize end

2025-11-18 19:54:50.870 INFO  [14376] [CDongleV5::GetDongleInfo@158] MV_ReadUserData, Dongle name[6200], camera num[4], soft version[1], series[0], language[0]

2025-11-18 19:54:50.870 INFO  [14376] [CDongleV5::GetDongleInfo@164] Dongle serial number[FL0265015] len[9]

2025-11-18 19:54:50.917 INFO  [14376] [CDongleV5::GetLicenseInfo@343] GetRemainTime end.

2025-11-18 19:54:50.917 INFO  [14376] [CAuthorization::Init@79] [Init] Get license v5 sucessfully

2025-11-18 19:54:50.917 INFO  [14376] [CAuthorization::StartCheckThread@224] StartCheckThread begin.

2025-11-18 19:54:50.917 INFO  [14376] [CAuthorization::StartCheckThread@250] StartCheckThread end.

2025-11-18 19:54:50.933 INFO  [14376] [CAuthorization::Init@92] [Init] End.

2025-11-18 19:54:50.933 INFO  [14376] [InitPluginInstance@27] [Init] [End]

2025-11-18 19:54:50.934 INFO  [2600] [CAuthorization::DoAuthCheck@276] DoAuthCheck begin.

2025-11-18 19:54:51.168 INFO  [2600] [CDongleV5::Login@87] MV_LoginLicense sucessfully, dongle type[0](0:dongle, 2:soft lock, 3:remote dongle) handle[2] licId[40001]

2025-11-18 19:54:51.170 INFO  [2600] [CDongleV5::GetDongleInfo@133] MV_GetUserDataSize begin

2025-11-18 19:54:51.186 INFO  [2600] [CDongleV5::GetDongleInfo@141] MV_GetUserDataSize end

2025-11-18 19:54:51.221 INFO  [2600] [CDongleV5::GetDongleInfo@158] MV_ReadUserData, Dongle name[6200], camera num[4], soft version[1], series[0], language[0]

2025-11-18 19:54:51.221 INFO  [2600] [CDongleV5::GetDongleInfo@164] Dongle serial number[FL0265015] len[9]

2025-11-18 19:54:51.287 INFO  [2600] [CDongleV5::GetLicenseInfo@343] GetRemainTime end.

2025-11-18 19:54:50.954 INFO  [14376] [InitPluginInstance@33] InitPluginInstance - Begin

2025-11-18 19:54:50.954 INFO  [14376] [CMonitorResourceUsage::Init@47] Init begin.

2025-11-18 19:54:50.954 INFO  [14376] [GetDllFilePath@262] path[D:\VisionMaster4.4.0\Applications\Server]

2025-11-18 19:54:50.954 INFO  [14376] [CMonitorResourceUsage::LoadCfgParam@449] Now resource monitor interval[5]

2025-11-18 19:54:50.954 INFO  [14376] [CMonitorResourceUsage::StartMonitorThread@90] StartMonitorThread begin.

2025-11-18 19:54:50.954 INFO  [14376] [CMonitorResourceUsage::StartMonitorThread@121] StartCheckThread end.

2025-11-18 19:54:50.954 INFO  [14376] [InitPluginInstance@39] InitPluginInstance - End

2025-11-18 19:54:50.978 INFO  [13212] [CMonitorResourceUsage::DoMonitorRes@176] DoMonitorResource begin.

2025-11-18 19:54:50.978 INFO  [13212] [CMonitorResourceUsage::SystemVersionMoreThanWin10@155] MajorVersion[6] MinorVersion[2], 6.2 is win10

2025-11-18 19:54:50.978 INFO  [13212] [CMonitorResourceUsage::DoMonitorRes@200] Do not check process resource

2025-11-18 20:08:14.077 INFO  [8680] [CAuthorization::Init@59] [Init] Begin.

2025-11-18 20:08:14.227 INFO  [8680] [CDongleV5::Login@87] MV_LoginLicense sucessfully, dongle type[0](0:dongle, 2:soft lock, 3:remote dongle) handle[1] licId[40001]

2025-11-18 20:08:14.227 INFO  [8680] [CDongleV5::GetDongleInfo@133] MV_GetUserDataSize begin

2025-11-18 20:08:14.258 INFO  [8680] [CDongleV5::GetDongleInfo@141] MV_GetUserDataSize end

2025-11-18 20:08:14.300 INFO  [8680] [CDongleV5::GetDongleInfo@158] MV_ReadUserData, Dongle name[6200], camera num[4], soft version[1], series[0], language[0]

2025-11-18 20:08:14.304 INFO  [8680] [CDongleV5::GetDongleInfo@164] Dongle serial number[FL0265015] len[9]

2025-11-18 20:08:14.364 INFO  [8680] [CDongleV5::GetLicenseInfo@343] GetRemainTime end.

2025-11-18 20:08:14.365 INFO  [8680] [CAuthorization::Init@79] [Init] Get license v5 sucessfully

2025-11-18 20:08:14.365 INFO  [8680] [CAuthorization::StartCheckThread@224] StartCheckThread begin.

2025-11-18 20:08:14.365 INFO  [8680] [CAuthorization::StartCheckThread@250] StartCheckThread end.

2025-11-18 20:08:14.365 INFO  [8680] [CAuthorization::Init@92] [Init] End.

2025-11-18 20:08:14.365 INFO  [8680] [InitPluginInstance@27] [Init] [End]

2025-11-18 20:08:14.365 INFO  [10400] [CAuthorization::DoAuthCheck@276] DoAuthCheck begin.

2025-11-18 20:08:14.605 INFO  [10400] [CDongleV5::Login@87] MV_LoginLicense sucessfully, dongle type[0](0:dongle, 2:soft lock, 3:remote dongle) handle[2] licId[40001]

2025-11-18 20:08:14.610 INFO  [10400] [CDongleV5::GetDongleInfo@133] MV_GetUserDataSize begin

2025-11-18 20:08:14.626 INFO  [10400] [CDongleV5::GetDongleInfo@141] MV_GetUserDataSize end

2025-11-18 20:08:14.641 INFO  [10400] [CDongleV5::GetDongleInfo@158] MV_ReadUserData, Dongle name[6200], camera num[4], soft version[1], series[0], language[0]

2025-11-18 20:08:14.641 INFO  [10400] [CDongleV5::GetDongleInfo@164] Dongle serial number[FL0265015] len[9]

2025-11-18 20:08:14.678 INFO  [10400] [CDongleV5::GetLicenseInfo@343] GetRemainTime end.

2025-11-18 20:08:14.381 INFO  [8680] [InitPluginInstance@33] InitPluginInstance - Begin

2025-11-18 20:08:14.381 INFO  [8680] [CMonitorResourceUsage::Init@47] Init begin.

2025-11-18 20:08:14.381 INFO  [8680] [GetDllFilePath@262] path[D:\VisionMaster4.4.0\Applications\Server]

2025-11-18 20:08:14.381 INFO  [8680] [CMonitorResourceUsage::LoadCfgParam@449] Now resource monitor interval[5]

2025-11-18 20:08:14.381 INFO  [8680] [CMonitorResourceUsage::StartMonitorThread@90] StartMonitorThread begin.

2025-11-18 20:08:14.381 INFO  [8680] [CMonitorResourceUsage::StartMonitorThread@121] StartCheckThread end.

2025-11-18 20:08:14.381 INFO  [8680] [InitPluginInstance@39] InitPluginInstance - End

2025-11-18 20:08:14.387 INFO  [8172] [CMonitorResourceUsage::DoMonitorRes@176] DoMonitorResource begin.

2025-11-18 20:08:14.387 INFO  [8172] [CMonitorResourceUsage::SystemVersionMoreThanWin10@155] MajorVersion[6] MinorVersion[2], 6.2 is win10

2025-11-18 20:08:14.387 INFO  [8172] [CMonitorResourceUsage::DoMonitorRes@200] Do not check process resource

2025-11-18 20:16:43.565 INFO  [14984] [CAuthorization::StopCheckThead@261] StopCheckThead begin.

2025-11-18 20:16:43.565 WARN  [10400] [CAuthorization::DoAuthCheck@322] DoAuthCheck m_bExitAuthCheckThd = true

2025-11-18 20:16:43.565 INFO  [10400] [CAuthorization::DoAuthCheck@330] [Deinit] DoAuthCheck end.

2025-11-18 20:16:43.569 INFO  [14984] [CAuthorization::StopCheckThead@266] StopCheckThead end.

2025-11-18 20:16:43.586 INFO  [14984] [CAuthorization::Uninit@107] [Deinit] End

2025-11-18 20:16:43.589 INFO  [14984] [UnitPluginInstance@51] UnitPluginInstance - Begin

2025-11-18 20:16:43.589 INFO  [14984] [CMonitorResourceUsage::StopMonitorThead@132] StopMonitorThead begin.

2025-11-18 20:16:43.590 INFO  [8172] [CMonitorResourceUsage::DoMonitorRes@229] DoMonitorResource end, m_bExitMonitorThread is true

2025-11-18 20:16:43.593 INFO  [14984] [CMonitorResourceUsage::StopMonitorThead@145] StopMonitorThead end.

2025-11-18 20:16:43.593 INFO  [14984] [UnitPluginInstance@55] UnitPluginInstance - End

2025-11-18 20:17:16.132 INFO  [14712] [CAuthorization::Init@59] [Init] Begin.

2025-11-18 20:17:16.282 INFO  [14712] [CDongleV5::Login@87] MV_LoginLicense sucessfully, dongle type[0](0:dongle, 2:soft lock, 3:remote dongle) handle[1] licId[40001]

2025-11-18 20:17:16.282 INFO  [14712] [CDongleV5::GetDongleInfo@133] MV_GetUserDataSize begin

2025-11-18 20:17:16.297 INFO  [14712] [CDongleV5::GetDongleInfo@141] MV_GetUserDataSize end

2025-11-18 20:17:16.315 INFO  [14712] [CDongleV5::GetDongleInfo@158] MV_ReadUserData, Dongle name[6200], camera num[4], soft version[1], series[0], language[0]

2025-11-18 20:17:16.315 INFO  [14712] [CDongleV5::GetDongleInfo@164] Dongle serial number[FL0265015] len[9]

2025-11-18 20:17:16.348 INFO  [14712] [CDongleV5::GetLicenseInfo@343] GetRemainTime end.

2025-11-18 20:17:16.349 INFO  [14712] [CAuthorization::Init@79] [Init] Get license v5 sucessfully

2025-11-18 20:17:16.350 INFO  [14712] [CAuthorization::StartCheckThread@224] StartCheckThread begin.

2025-11-18 20:17:16.350 INFO  [14712] [CAuthorization::StartCheckThread@250] StartCheckThread end.

2025-11-18 20:17:16.350 INFO  [14712] [CAuthorization::Init@92] [Init] End.

2025-11-18 20:17:16.364 INFO  [14712] [InitPluginInstance@27] [Init] [End]

2025-11-18 20:17:16.413 INFO  [1816] [CAuthorization::DoAuthCheck@276] DoAuthCheck begin.

2025-11-18 20:17:16.558 INFO  [1816] [CDongleV5::Login@87] MV_LoginLicense sucessfully, dongle type[0](0:dongle, 2:soft lock, 3:remote dongle) handle[2] licId[40001]

2025-11-18 20:17:16.564 INFO  [1816] [CDongleV5::GetDongleInfo@133] MV_GetUserDataSize begin

2025-11-18 20:17:16.579 INFO  [1816] [CDongleV5::GetDongleInfo@141] MV_GetUserDataSize end

2025-11-18 20:17:16.595 INFO  [1816] [CDongleV5::GetDongleInfo@158] MV_ReadUserData, Dongle name[6200], camera num[4], soft version[1], series[0], language[0]

2025-11-18 20:17:16.595 INFO  [1816] [CDongleV5::GetDongleInfo@164] Dongle serial number[FL0265015] len[9]

2025-11-18 20:17:16.643 INFO  [1816] [CDongleV5::GetLicenseInfo@343] GetRemainTime end.

2025-11-18 20:17:16.413 INFO  [14712] [InitPluginInstance@33] InitPluginInstance - Begin

2025-11-18 20:17:16.413 INFO  [14712] [CMonitorResourceUsage::Init@47] Init begin.

2025-11-18 20:17:16.413 INFO  [14712] [GetDllFilePath@262] path[D:\VisionMaster4.4.0\Applications\Server]

2025-11-18 20:17:16.413 INFO  [14712] [CMonitorResourceUsage::LoadCfgParam@449] Now resource monitor interval[5]

2025-11-18 20:17:16.413 INFO  [14712] [CMonitorResourceUsage::StartMonitorThread@90] StartMonitorThread begin.

2025-11-18 20:17:16.413 INFO  [14712] [CMonitorResourceUsage::StartMonitorThread@121] StartCheckThread end.

2025-11-18 20:17:16.413 INFO  [14712] [InitPluginInstance@39] InitPluginInstance - End

2025-11-18 20:17:16.444 INFO  [2656] [CMonitorResourceUsage::DoMonitorRes@176] DoMonitorResource begin.

2025-11-18 20:17:16.444 INFO  [2656] [CMonitorResourceUsage::SystemVersionMoreThanWin10@155] MajorVersion[6] MinorVersion[2], 6.2 is win10

2025-11-18 20:17:16.444 INFO  [2656] [CMonitorResourceUsage::DoMonitorRes@200] Do not check process resource

2025-11-18 20:24:34.923 INFO  [1548] [CAuthorization::Init@59] [Init] Begin.

2025-11-18 20:24:35.051 INFO  [1548] [CDongleV5::Login@87] MV_LoginLicense sucessfully, dongle type[0](0:dongle, 2:soft lock, 3:remote dongle) handle[1] licId[40001]

2025-11-18 20:24:35.051 INFO  [1548] [CDongleV5::GetDongleInfo@133] MV_GetUserDataSize begin

2025-11-18 20:24:35.067 INFO  [1548] [CDongleV5::GetDongleInfo@141] MV_GetUserDataSize end

2025-11-18 20:24:35.086 INFO  [1548] [CDongleV5::GetDongleInfo@158] MV_ReadUserData, Dongle name[6200], camera num[4], soft version[1], series[0], language[0]

2025-11-18 20:24:35.086 INFO  [1548] [CDongleV5::GetDongleInfo@164] Dongle serial number[FL0265015] len[9]

2025-11-18 20:24:35.123 INFO  [1548] [CDongleV5::GetLicenseInfo@343] GetRemainTime end.

2025-11-18 20:24:35.123 INFO  [1548] [CAuthorization::Init@79] [Init] Get license v5 sucessfully

2025-11-18 20:24:35.123 INFO  [1548] [CAuthorization::StartCheckThread@224] StartCheckThread begin.

2025-11-18 20:24:35.123 INFO  [1548] [CAuthorization::StartCheckThread@250] StartCheckThread end.

2025-11-18 20:24:35.123 INFO  [1548] [CAuthorization::Init@92] [Init] End.

2025-11-18 20:24:35.139 INFO  [1548] [InitPluginInstance@27] [Init] [End]

2025-11-18 20:24:35.234 INFO  [14432] [CAuthorization::DoAuthCheck@276] DoAuthCheck begin.

2025-11-18 20:24:35.355 INFO  [14432] [CDongleV5::Login@87] MV_LoginLicense sucessfully, dongle type[0](0:dongle, 2:soft lock, 3:remote dongle) handle[2] licId[40001]

2025-11-18 20:24:35.355 INFO  [14432] [CDongleV5::GetDongleInfo@133] MV_GetUserDataSize begin

2025-11-18 20:24:35.371 INFO  [14432] [CDongleV5::GetDongleInfo@141] MV_GetUserDataSize end

2025-11-18 20:24:35.390 INFO  [14432] [CDongleV5::GetDongleInfo@158] MV_ReadUserData, Dongle name[6200], camera num[4], soft version[1], series[0], language[0]

2025-11-18 20:24:35.392 INFO  [14432] [CDongleV5::GetDongleInfo@164] Dongle serial number[FL0265015] len[9]

2025-11-18 20:24:35.430 INFO  [14432] [CDongleV5::GetLicenseInfo@343] GetRemainTime end.

2025-11-18 20:24:35.233 INFO  [1548] [InitPluginInstance@33] InitPluginInstance - Begin

2025-11-18 20:24:35.233 INFO  [1548] [CMonitorResourceUsage::Init@47] Init begin.

2025-11-18 20:24:35.233 INFO  [1548] [GetDllFilePath@262] path[D:\VisionMaster4.4.0\Applications\Server]

2025-11-18 20:24:35.233 INFO  [1548] [CMonitorResourceUsage::LoadCfgParam@449] Now resource monitor interval[5]

2025-11-18 20:24:35.233 INFO  [1548] [CMonitorResourceUsage::StartMonitorThread@90] StartMonitorThread begin.

2025-11-18 20:24:35.233 INFO  [1548] [CMonitorResourceUsage::StartMonitorThread@121] StartCheckThread end.

2025-11-18 20:24:35.233 INFO  [1548] [InitPluginInstance@39] InitPluginInstance - End

2025-11-18 20:24:35.371 INFO  [11040] [CMonitorResourceUsage::DoMonitorRes@176] DoMonitorResource begin.

2025-11-18 20:24:35.371 INFO  [11040] [CMonitorResourceUsage::SystemVersionMoreThanWin10@155] MajorVersion[6] MinorVersion[2], 6.2 is win10

2025-11-18 20:24:35.371 INFO  [11040] [CMonitorResourceUsage::DoMonitorRes@200] Do not check process resource

2025-11-18 20:38:30.896 INFO  [11708] [CAuthorization::Init@59] [Init] Begin.

2025-11-18 20:38:31.062 INFO  [11708] [CDongleV5::Login@87] MV_LoginLicense sucessfully, dongle type[0](0:dongle, 2:soft lock, 3:remote dongle) handle[1] licId[40001]

2025-11-18 20:38:31.062 INFO  [11708] [CDongleV5::GetDongleInfo@133] MV_GetUserDataSize begin

2025-11-18 20:38:31.078 INFO  [11708] [CDongleV5::GetDongleInfo@141] MV_GetUserDataSize end

2025-11-18 20:38:31.097 INFO  [11708] [CDongleV5::GetDongleInfo@158] MV_ReadUserData, Dongle name[6200], camera num[4], soft version[1], series[0], language[0]

2025-11-18 20:38:31.097 INFO  [11708] [CDongleV5::GetDongleInfo@164] Dongle serial number[FL0265015] len[9]

2025-11-18 20:38:31.128 INFO  [11708] [CDongleV5::GetLicenseInfo@343] GetRemainTime end.

2025-11-18 20:38:31.128 INFO  [11708] [CAuthorization::Init@79] [Init] Get license v5 sucessfully

2025-11-18 20:38:31.128 INFO  [11708] [CAuthorization::StartCheckThread@224] StartCheckThread begin.

2025-11-18 20:38:31.128 INFO  [11708] [CAuthorization::StartCheckThread@250] StartCheckThread end.

2025-11-18 20:38:31.128 INFO  [11708] [CAuthorization::Init@92] [Init] End.

2025-11-18 20:38:31.146 INFO  [11708] [InitPluginInstance@27] [Init] [End]

2025-11-18 20:38:31.146 INFO  [4932] [CAuthorization::DoAuthCheck@276] DoAuthCheck begin.

2025-11-18 20:38:31.312 INFO  [4932] [CDongleV5::Login@87] MV_LoginLicense sucessfully, dongle type[0](0:dongle, 2:soft lock, 3:remote dongle) handle[2] licId[40001]

2025-11-18 20:38:31.312 INFO  [4932] [CDongleV5::GetDongleInfo@133] MV_GetUserDataSize begin

2025-11-18 20:38:31.412 INFO  [4932] [CDongleV5::GetDongleInfo@141] MV_GetUserDataSize end

2025-11-18 20:38:31.429 INFO  [4932] [CDongleV5::GetDongleInfo@158] MV_ReadUserData, Dongle name[6200], camera num[4], soft version[1], series[0], language[0]

2025-11-18 20:38:31.429 INFO  [4932] [CDongleV5::GetDongleInfo@164] Dongle serial number[FL0265015] len[9]

2025-11-18 20:38:31.461 INFO  [4932] [CDongleV5::GetLicenseInfo@343] GetRemainTime end.

2025-11-18 20:38:31.162 INFO  [11708] [InitPluginInstance@33] InitPluginInstance - Begin

2025-11-18 20:38:31.162 INFO  [11708] [CMonitorResourceUsage::Init@47] Init begin.

2025-11-18 20:38:31.162 INFO  [11708] [GetDllFilePath@262] path[D:\VisionMaster4.4.0\Applications\Server]

2025-11-18 20:38:31.162 INFO  [11708] [CMonitorResourceUsage::LoadCfgParam@449] Now resource monitor interval[5]

2025-11-18 20:38:31.162 INFO  [11708] [CMonitorResourceUsage::StartMonitorThread@90] StartMonitorThread begin.

2025-11-18 20:38:31.162 INFO  [11708] [CMonitorResourceUsage::StartMonitorThread@121] StartCheckThread end.

2025-11-18 20:38:31.162 INFO  [11708] [InitPluginInstance@39] InitPluginInstance - End

2025-11-18 20:38:31.179 INFO  [9324] [CMonitorResourceUsage::DoMonitorRes@176] DoMonitorResource begin.

2025-11-18 20:38:31.179 INFO  [9324] [CMonitorResourceUsage::SystemVersionMoreThanWin10@155] MajorVersion[6] MinorVersion[2], 6.2 is win10

2025-11-18 20:38:31.179 INFO  [9324] [CMonitorResourceUsage::DoMonitorRes@200] Do not check process resource

2025-11-19 14:02:21.967 INFO  [7752] [CAuthorization::Init@59] [Init] Begin.

2025-11-19 14:02:22.155 INFO  [7752] [CDongleV5::Login@87] MV_LoginLicense sucessfully, dongle type[0](0:dongle, 2:soft lock, 3:remote dongle) handle[1] licId[40001]

2025-11-19 14:02:22.155 INFO  [7752] [CDongleV5::GetDongleInfo@133] MV_GetUserDataSize begin

2025-11-19 14:02:22.186 INFO  [7752] [CDongleV5::GetDongleInfo@141] MV_GetUserDataSize end

2025-11-19 14:02:22.202 INFO  [7752] [CDongleV5::GetDongleInfo@158] MV_ReadUserData, Dongle name[6200], camera num[4], soft version[1], series[0], language[0]

2025-11-19 14:02:22.202 INFO  [7752] [CDongleV5::GetDongleInfo@164] Dongle serial number[FL0265015] len[9]

2025-11-19 14:02:22.233 INFO  [7752] [CDongleV5::GetLicenseInfo@343] GetRemainTime end.

2025-11-19 14:02:22.264 INFO  [7752] [CAuthorization::Init@79] [Init] Get license v5 sucessfully

2025-11-19 14:02:22.264 INFO  [7752] [CAuthorization::StartCheckThread@224] StartCheckThread begin.

2025-11-19 14:02:22.264 INFO  [7752] [CAuthorization::StartCheckThread@250] StartCheckThread end.

2025-11-19 14:02:22.264 INFO  [7752] [CAuthorization::Init@92] [Init] End.

2025-11-19 14:02:22.264 INFO  [7752] [InitPluginInstance@27] [Init] [End]

2025-11-19 14:02:22.374 INFO  [11344] [CAuthorization::DoAuthCheck@276] DoAuthCheck begin.

2025-11-19 14:02:22.514 INFO  [11344] [CDongleV5::Login@87] MV_LoginLicense sucessfully, dongle type[0](0:dongle, 2:soft lock, 3:remote dongle) handle[2] licId[40001]

2025-11-19 14:02:22.514 INFO  [11344] [CDongleV5::GetDongleInfo@133] MV_GetUserDataSize begin

2025-11-19 14:02:22.545 INFO  [11344] [CDongleV5::GetDongleInfo@141] MV_GetUserDataSize end

2025-11-19 14:02:22.561 INFO  [11344] [CDongleV5::GetDongleInfo@158] MV_ReadUserData, Dongle name[6200], camera num[4], soft version[1], series[0], language[0]

2025-11-19 14:02:22.561 INFO  [11344] [CDongleV5::GetDongleInfo@164] Dongle serial number[FL0265015] len[9]

2025-11-19 14:02:22.592 INFO  [11344] [CDongleV5::GetLicenseInfo@343] GetRemainTime end.

2025-11-19 14:02:22.389 INFO  [7752] [InitPluginInstance@33] InitPluginInstance - Begin

2025-11-19 14:02:22.389 INFO  [7752] [CMonitorResourceUsage::Init@47] Init begin.

2025-11-19 14:02:22.389 INFO  [7752] [GetDllFilePath@262] path[D:\VisionMaster4.4.0\Applications\Server]

2025-11-19 14:02:22.389 INFO  [7752] [CMonitorResourceUsage::LoadCfgParam@449] Now resource monitor interval[5]

2025-11-19 14:02:22.389 INFO  [7752] [CMonitorResourceUsage::StartMonitorThread@90] StartMonitorThread begin.

2025-11-19 14:02:22.389 INFO  [7752] [CMonitorResourceUsage::StartMonitorThread@121] StartCheckThread end.

2025-11-19 14:02:22.389 INFO  [7752] [InitPluginInstance@39] InitPluginInstance - End

2025-11-19 14:02:22.420 INFO  [11356] [CMonitorResourceUsage::DoMonitorRes@176] DoMonitorResource begin.

2025-11-19 14:02:22.420 INFO  [11356] [CMonitorResourceUsage::SystemVersionMoreThanWin10@155] MajorVersion[6] MinorVersion[2], 6.2 is win10

2025-11-19 14:02:22.420 INFO  [11356] [CMonitorResourceUsage::DoMonitorRes@200] Do not check process resource

2025-11-19 14:47:42.907 INFO  [11384] [CAuthorization::Init@59] [Init] Begin.

2025-11-19 14:47:43.079 INFO  [11384] [CDongleV5::Login@87] MV_LoginLicense sucessfully, dongle type[0](0:dongle, 2:soft lock, 3:remote dongle) handle[1] licId[40001]

2025-11-19 14:47:43.079 INFO  [11384] [CDongleV5::GetDongleInfo@133] MV_GetUserDataSize begin

2025-11-19 14:47:43.110 INFO  [11384] [CDongleV5::GetDongleInfo@141] MV_GetUserDataSize end

2025-11-19 14:47:43.141 INFO  [11384] [CDongleV5::GetDongleInfo@158] MV_ReadUserData, Dongle name[6200], camera num[4], soft version[1], series[0], language[0]

2025-11-19 14:47:43.141 INFO  [11384] [CDongleV5::GetDongleInfo@164] Dongle serial number[FL0265015] len[9]

2025-11-19 14:47:43.188 INFO  [11384] [CDongleV5::GetLicenseInfo@343] GetRemainTime end.

2025-11-19 14:47:43.204 INFO  [11384] [CAuthorization::Init@79] [Init] Get license v5 sucessfully

2025-11-19 14:47:43.204 INFO  [11384] [CAuthorization::StartCheckThread@224] StartCheckThread begin.

2025-11-19 14:47:43.204 INFO  [11384] [CAuthorization::StartCheckThread@250] StartCheckThread end.

2025-11-19 14:47:43.204 INFO  [11384] [CAuthorization::Init@92] [Init] End.

2025-11-19 14:47:43.204 INFO  [11384] [InitPluginInstance@27] [Init] [End]

2025-11-19 14:47:43.329 INFO  [12136] [CAuthorization::DoAuthCheck@276] DoAuthCheck begin.

2025-11-19 14:47:43.454 INFO  [12136] [CDongleV5::Login@87] MV_LoginLicense sucessfully, dongle type[0](0:dongle, 2:soft lock, 3:remote dongle) handle[2] licId[40001]

2025-11-19 14:47:43.454 INFO  [12136] [CDongleV5::GetDongleInfo@133] MV_GetUserDataSize begin

2025-11-19 14:47:43.485 INFO  [12136] [CDongleV5::GetDongleInfo@141] MV_GetUserDataSize end

2025-11-19 14:47:43.501 INFO  [12136] [CDongleV5::GetDongleInfo@158] MV_ReadUserData, Dongle name[6200], camera num[4], soft version[1], series[0], language[0]

2025-11-19 14:47:43.501 INFO  [12136] [CDongleV5::GetDongleInfo@164] Dongle serial number[FL0265015] len[9]

2025-11-19 14:47:43.532 INFO  [12136] [CDongleV5::GetLicenseInfo@343] GetRemainTime end.

2025-11-19 14:47:43.329 INFO  [11384] [InitPluginInstance@33] InitPluginInstance - Begin

2025-11-19 14:47:43.329 INFO  [11384] [CMonitorResourceUsage::Init@47] Init begin.

2025-11-19 14:47:43.329 INFO  [11384] [GetDllFilePath@262] path[D:\VisionMaster4.4.0\Applications\Server]

2025-11-19 14:47:43.329 INFO  [11384] [CMonitorResourceUsage::LoadCfgParam@449] Now resource monitor interval[5]

2025-11-19 14:47:43.329 INFO  [11384] [CMonitorResourceUsage::StartMonitorThread@90] StartMonitorThread begin.

2025-11-19 14:47:43.329 INFO  [11384] [CMonitorResourceUsage::StartMonitorThread@121] StartCheckThread end.

2025-11-19 14:47:43.329 INFO  [11384] [InitPluginInstance@39] InitPluginInstance - End

2025-11-19 14:47:43.344 INFO  [12148] [CMonitorResourceUsage::DoMonitorRes@176] DoMonitorResource begin.

2025-11-19 14:47:43.344 INFO  [12148] [CMonitorResourceUsage::SystemVersionMoreThanWin10@155] MajorVersion[6] MinorVersion[2], 6.2 is win10

2025-11-19 14:47:43.344 INFO  [12148] [CMonitorResourceUsage::DoMonitorRes@200] Do not check process resource

2025-11-20 10:58:25.079 INFO  [10816] [CAuthorization::Init@59] [Init] Begin.

2025-11-20 10:58:25.266 INFO  [10816] [CDongleV5::Login@87] MV_LoginLicense sucessfully, dongle type[0](0:dongle, 2:soft lock, 3:remote dongle) handle[1] licId[40001]

2025-11-20 10:58:25.266 INFO  [10816] [CDongleV5::GetDongleInfo@133] MV_GetUserDataSize begin

2025-11-20 10:58:25.297 INFO  [10816] [CDongleV5::GetDongleInfo@141] MV_GetUserDataSize end

2025-11-20 10:58:25.313 INFO  [10816] [CDongleV5::GetDongleInfo@158] MV_ReadUserData, Dongle name[6200], camera num[4], soft version[1], series[0], language[0]

2025-11-20 10:58:25.313 INFO  [10816] [CDongleV5::GetDongleInfo@164] Dongle serial number[FL0265015] len[9]

2025-11-20 10:58:25.360 INFO  [10816] [CDongleV5::GetLicenseInfo@343] GetRemainTime end.

2025-11-20 10:58:25.360 INFO  [10816] [CAuthorization::Init@79] [Init] Get license v5 sucessfully

2025-11-20 10:58:25.360 INFO  [10816] [CAuthorization::StartCheckThread@224] StartCheckThread begin.

2025-11-20 10:58:25.376 INFO  [10816] [CAuthorization::StartCheckThread@250] StartCheckThread end.

2025-11-20 10:58:25.376 INFO  [10816] [CAuthorization::Init@92] [Init] End.

2025-11-20 10:58:25.376 INFO  [10816] [InitPluginInstance@27] [Init] [End]

2025-11-20 10:58:25.485 INFO  [11392] [CAuthorization::DoAuthCheck@276] DoAuthCheck begin.

2025-11-20 10:58:25.610 INFO  [11392] [CDongleV5::Login@87] MV_LoginLicense sucessfully, dongle type[0](0:dongle, 2:soft lock, 3:remote dongle) handle[2] licId[40001]

2025-11-20 10:58:25.610 INFO  [11392] [CDongleV5::GetDongleInfo@133] MV_GetUserDataSize begin

2025-11-20 10:58:25.641 INFO  [11392] [CDongleV5::GetDongleInfo@141] MV_GetUserDataSize end

2025-11-20 10:58:25.657 INFO  [11392] [CDongleV5::GetDongleInfo@158] MV_ReadUserData, Dongle name[6200], camera num[4], soft version[1], series[0], language[0]

2025-11-20 10:58:25.657 INFO  [11392] [CDongleV5::GetDongleInfo@164] Dongle serial number[FL0265015] len[9]

2025-11-20 10:58:25.688 INFO  [11392] [CDongleV5::GetLicenseInfo@343] GetRemainTime end.

2025-11-20 10:58:25.485 INFO  [10816] [InitPluginInstance@33] InitPluginInstance - Begin

2025-11-20 10:58:25.485 INFO  [10816] [CMonitorResourceUsage::Init@47] Init begin.

2025-11-20 10:58:25.485 INFO  [10816] [GetDllFilePath@262] path[D:\VisionMaster4.4.0\Applications\Server]

2025-11-20 10:58:25.485 INFO  [10816] [CMonitorResourceUsage::LoadCfgParam@449] Now resource monitor interval[5]

2025-11-20 10:58:25.485 INFO  [10816] [CMonitorResourceUsage::StartMonitorThread@90] StartMonitorThread begin.

2025-11-20 10:58:25.485 INFO  [10816] [CMonitorResourceUsage::StartMonitorThread@121] StartCheckThread end.

2025-11-20 10:58:25.485 INFO  [10816] [InitPluginInstance@39] InitPluginInstance - End

2025-11-20 10:58:25.501 INFO  [11408] [CMonitorResourceUsage::DoMonitorRes@176] DoMonitorResource begin.

2025-11-20 10:58:25.501 INFO  [11408] [CMonitorResourceUsage::SystemVersionMoreThanWin10@155] MajorVersion[6] MinorVersion[2], 6.2 is win10

2025-11-20 10:58:25.501 INFO  [11408] [CMonitorResourceUsage::DoMonitorRes@200] Do not check process resource

2025-11-21 20:34:13.924 INFO  [10544] [CAuthorization::Init@59] [Init] Begin.

2025-11-21 20:34:14.112 INFO  [10544] [CDongleV5::Login@87] MV_LoginLicense sucessfully, dongle type[0](0:dongle, 2:soft lock, 3:remote dongle) handle[1] licId[40001]

2025-11-21 20:34:14.112 INFO  [10544] [CDongleV5::GetDongleInfo@133] MV_GetUserDataSize begin

2025-11-21 20:34:14.143 INFO  [10544] [CDongleV5::GetDongleInfo@141] MV_GetUserDataSize end

2025-11-21 20:34:14.174 INFO  [10544] [CDongleV5::GetDongleInfo@158] MV_ReadUserData, Dongle name[6200], camera num[4], soft version[1], series[0], language[0]

2025-11-21 20:34:14.174 INFO  [10544] [CDongleV5::GetDongleInfo@164] Dongle serial number[FL0265015] len[9]

2025-11-21 20:34:14.221 INFO  [10544] [CDongleV5::GetLicenseInfo@343] GetRemainTime end.

2025-11-21 20:34:14.237 INFO  [10544] [CAuthorization::Init@79] [Init] Get license v5 sucessfully

2025-11-21 20:34:14.237 INFO  [10544] [CAuthorization::StartCheckThread@224] StartCheckThread begin.

2025-11-21 20:34:14.237 INFO  [10544] [CAuthorization::StartCheckThread@250] StartCheckThread end.

2025-11-21 20:34:14.237 INFO  [10544] [CAuthorization::Init@92] [Init] End.

2025-11-21 20:34:14.237 INFO  [10544] [InitPluginInstance@27] [Init] [End]

2025-11-21 20:34:14.268 INFO  [11372] [CAuthorization::DoAuthCheck@276] DoAuthCheck begin.

2025-11-21 20:34:14.408 INFO  [11372] [CDongleV5::Login@87] MV_LoginLicense sucessfully, dongle type[0](0:dongle, 2:soft lock, 3:remote dongle) handle[2] licId[40001]

2025-11-21 20:34:14.408 INFO  [11372] [CDongleV5::GetDongleInfo@133] MV_GetUserDataSize begin

2025-11-21 20:34:14.440 INFO  [11372] [CDongleV5::GetDongleInfo@141] MV_GetUserDataSize end

2025-11-21 20:34:14.455 INFO  [11372] [CDongleV5::GetDongleInfo@158] MV_ReadUserData, Dongle name[6200], camera num[4], soft version[1], series[0], language[0]

2025-11-21 20:34:14.455 INFO  [11372] [CDongleV5::GetDongleInfo@164] Dongle serial number[FL0265015] len[9]

2025-11-21 20:34:14.486 INFO  [11372] [CDongleV5::GetLicenseInfo@343] GetRemainTime end.

2025-11-21 20:34:14.268 INFO  [10544] [InitPluginInstance@33] InitPluginInstance - Begin

2025-11-21 20:34:14.268 INFO  [10544] [CMonitorResourceUsage::Init@47] Init begin.

2025-11-21 20:34:14.268 INFO  [10544] [GetDllFilePath@262] path[D:\VisionMaster4.4.0\Applications\Server]

2025-11-21 20:34:14.268 INFO  [10544] [CMonitorResourceUsage::LoadCfgParam@449] Now resource monitor interval[5]

2025-11-21 20:34:14.268 INFO  [10544] [CMonitorResourceUsage::StartMonitorThread@90] StartMonitorThread begin.

2025-11-21 20:34:14.268 INFO  [10544] [CMonitorResourceUsage::StartMonitorThread@121] StartCheckThread end.

2025-11-21 20:34:14.268 INFO  [10544] [InitPluginInstance@39] InitPluginInstance - End

2025-11-21 20:34:14.268 INFO  [11380] [CMonitorResourceUsage::DoMonitorRes@176] DoMonitorResource begin.

2025-11-21 20:34:14.268 INFO  [11380] [CMonitorResourceUsage::SystemVersionMoreThanWin10@155] MajorVersion[6] MinorVersion[2], 6.2 is win10

2025-11-21 20:34:14.268 INFO  [11380] [CMonitorResourceUsage::DoMonitorRes@200] Do not check process resource

2025-11-27 18:42:17.718 INFO  [1616] [CAuthorization::Init@59] [Init] Begin.

2025-11-27 18:42:17.906 INFO  [1616] [CDongleV5::Login@87] MV_LoginLicense sucessfully, dongle type[0](0:dongle, 2:soft lock, 3:remote dongle) handle[1] licId[40001]

2025-11-27 18:42:17.906 INFO  [1616] [CDongleV5::GetDongleInfo@133] MV_GetUserDataSize begin

2025-11-27 18:42:17.937 INFO  [1616] [CDongleV5::GetDongleInfo@141] MV_GetUserDataSize end

2025-11-27 18:42:17.953 INFO  [1616] [CDongleV5::GetDongleInfo@158] MV_ReadUserData, Dongle name[6200], camera num[4], soft version[1], series[0], language[0]

2025-11-27 18:42:17.953 INFO  [1616] [CDongleV5::GetDongleInfo@164] Dongle serial number[FL0265015] len[9]

2025-11-27 18:42:17.984 INFO  [1616] [CDongleV5::GetLicenseInfo@343] GetRemainTime end.

2025-11-27 18:42:18.015 INFO  [1616] [CAuthorization::Init@79] [Init] Get license v5 sucessfully

2025-11-27 18:42:18.015 INFO  [1616] [CAuthorization::StartCheckThread@224] StartCheckThread begin.

2025-11-27 18:42:18.015 INFO  [1616] [CAuthorization::StartCheckThread@250] StartCheckThread end.

2025-11-27 18:42:18.015 INFO  [1616] [CAuthorization::Init@92] [Init] End.

2025-11-27 18:42:18.015 INFO  [1616] [InitPluginInstance@27] [Init] [End]

2025-11-27 18:42:18.015 INFO  [6396] [CAuthorization::DoAuthCheck@276] DoAuthCheck begin.

2025-11-27 18:42:18.156 INFO  [6396] [CDongleV5::Login@87] MV_LoginLicense sucessfully, dongle type[0](0:dongle, 2:soft lock, 3:remote dongle) handle[2] licId[40001]

2025-11-27 18:42:18.156 INFO  [6396] [CDongleV5::GetDongleInfo@133] MV_GetUserDataSize begin

2025-11-27 18:42:18.171 INFO  [6396] [CDongleV5::GetDongleInfo@141] MV_GetUserDataSize end

2025-11-27 18:42:18.187 INFO  [6396] [CDongleV5::GetDongleInfo@158] MV_ReadUserData, Dongle name[6200], camera num[4], soft version[1], series[0], language[0]

2025-11-27 18:42:18.187 INFO  [6396] [CDongleV5::GetDongleInfo@164] Dongle serial number[FL0265015] len[9]

2025-11-27 18:42:18.218 INFO  [6396] [CDongleV5::GetLicenseInfo@343] GetRemainTime end.

2025-11-27 18:42:18.031 INFO  [1616] [InitPluginInstance@33] InitPluginInstance - Begin

2025-11-27 18:42:18.031 INFO  [1616] [CMonitorResourceUsage::Init@47] Init begin.

2025-11-27 18:42:18.031 INFO  [1616] [GetDllFilePath@262] path[D:\VisionMaster4.4.0\Applications\Server]

2025-11-27 18:42:18.031 INFO  [1616] [CMonitorResourceUsage::LoadCfgParam@449] Now resource monitor interval[5]

2025-11-27 18:42:18.031 INFO  [1616] [CMonitorResourceUsage::StartMonitorThread@90] StartMonitorThread begin.

2025-11-27 18:42:18.031 INFO  [1616] [CMonitorResourceUsage::StartMonitorThread@121] StartCheckThread end.

2025-11-27 18:42:18.031 INFO  [1616] [InitPluginInstance@39] InitPluginInstance - End

2025-11-27 18:42:18.031 INFO  [11040] [CMonitorResourceUsage::DoMonitorRes@176] DoMonitorResource begin.

2025-11-27 18:42:18.031 INFO  [11040] [CMonitorResourceUsage::SystemVersionMoreThanWin10@155] MajorVersion[6] MinorVersion[2], 6.2 is win10

2025-11-27 18:42:18.031 INFO  [11040] [CMonitorResourceUsage::DoMonitorRes@200] Do not check process resource

2025-11-28 14:13:59.204 INFO  [10260] [CAuthorization::StopCheckThead@261] StopCheckThead begin.

2025-11-28 14:13:59.204 WARN  [6396] [CAuthorization::DoAuthCheck@322] DoAuthCheck m_bExitAuthCheckThd = true

2025-11-28 14:13:59.204 INFO  [6396] [CAuthorization::DoAuthCheck@330] [Deinit] DoAuthCheck end.

2025-11-28 14:13:59.204 INFO  [10260] [CAuthorization::StopCheckThead@266] StopCheckThead end.

2025-11-28 14:13:59.235 INFO  [10260] [CAuthorization::Uninit@107] [Deinit] End

2025-11-28 14:13:59.235 INFO  [10260] [UnitPluginInstance@51] UnitPluginInstance - Begin

2025-11-28 14:13:59.235 INFO  [10260] [CMonitorResourceUsage::StopMonitorThead@132] StopMonitorThead begin.

2025-11-28 14:13:59.298 INFO  [11040] [CMonitorResourceUsage::DoMonitorRes@229] DoMonitorResource end, m_bExitMonitorThread is true

2025-11-28 14:13:59.298 INFO  [10260] [CMonitorResourceUsage::StopMonitorThead@145] StopMonitorThead end.

2025-11-28 14:13:59.298 INFO  [10260] [UnitPluginInstance@55] UnitPluginInstance - End

2025-11-28 18:45:04.256 INFO  [4120] [CAuthorization::Init@59] [Init] Begin.

2025-11-28 18:45:04.396 INFO  [4120] [CDongleV5::Login@87] MV_LoginLicense sucessfully, dongle type[0](0:dongle, 2:soft lock, 3:remote dongle) handle[1] licId[40001]

2025-11-28 18:45:04.396 INFO  [4120] [CDongleV5::GetDongleInfo@133] MV_GetUserDataSize begin

2025-11-28 18:45:04.412 INFO  [4120] [CDongleV5::GetDongleInfo@141] MV_GetUserDataSize end

2025-11-28 18:45:04.427 INFO  [4120] [CDongleV5::GetDongleInfo@158] MV_ReadUserData, Dongle name[6200], camera num[4], soft version[1], series[0], language[0]

2025-11-28 18:45:04.427 INFO  [4120] [CDongleV5::GetDongleInfo@164] Dongle serial number[FL0265015] len[9]

2025-11-28 18:45:04.459 INFO  [4120] [CDongleV5::GetLicenseInfo@343] GetRemainTime end.

2025-11-28 18:45:04.459 INFO  [4120] [CAuthorization::Init@79] [Init] Get license v5 sucessfully

2025-11-28 18:45:04.459 INFO  [4120] [CAuthorization::StartCheckThread@224] StartCheckThread begin.

2025-11-28 18:45:04.459 INFO  [4120] [CAuthorization::StartCheckThread@250] StartCheckThread end.

2025-11-28 18:45:04.459 INFO  [4120] [CAuthorization::Init@92] [Init] End.

2025-11-28 18:45:04.474 INFO  [4120] [InitPluginInstance@27] [Init] [End]

2025-11-28 18:45:04.521 INFO  [6032] [CAuthorization::DoAuthCheck@276] DoAuthCheck begin.

2025-11-28 18:45:04.709 INFO  [6032] [CDongleV5::Login@87] MV_LoginLicense sucessfully, dongle type[0](0:dongle, 2:soft lock, 3:remote dongle) handle[2] licId[40001]

2025-11-28 18:45:04.709 INFO  [6032] [CDongleV5::GetDongleInfo@133] MV_GetUserDataSize begin

2025-11-28 18:45:04.740 INFO  [6032] [CDongleV5::GetDongleInfo@141] MV_GetUserDataSize end

2025-11-28 18:45:04.755 INFO  [6032] [CDongleV5::GetDongleInfo@158] MV_ReadUserData, Dongle name[6200], camera num[4], soft version[1], series[0], language[0]

2025-11-28 18:45:04.755 INFO  [6032] [CDongleV5::GetDongleInfo@164] Dongle serial number[FL0265015] len[9]

2025-11-28 18:45:04.818 INFO  [6032] [CDongleV5::GetLicenseInfo@343] GetRemainTime end.

2025-11-28 18:45:04.521 INFO  [4120] [InitPluginInstance@33] InitPluginInstance - Begin

2025-11-28 18:45:04.521 INFO  [4120] [CMonitorResourceUsage::Init@47] Init begin.

2025-11-28 18:45:04.521 INFO  [4120] [GetDllFilePath@262] path[D:\VisionMaster4.4.0\Applications\Server]

2025-11-28 18:45:04.537 INFO  [4120] [CMonitorResourceUsage::LoadCfgParam@449] Now resource monitor interval[5]

2025-11-28 18:45:04.537 INFO  [4120] [CMonitorResourceUsage::StartMonitorThread@90] StartMonitorThread begin.

2025-11-28 18:45:04.537 INFO  [4120] [CMonitorResourceUsage::StartMonitorThread@121] StartCheckThread end.

2025-11-28 18:45:04.537 INFO  [4120] [InitPluginInstance@39] InitPluginInstance - End

2025-11-28 18:45:04.568 INFO  [3764] [CMonitorResourceUsage::DoMonitorRes@176] DoMonitorResource begin.

2025-11-28 18:45:04.568 INFO  [3764] [CMonitorResourceUsage::SystemVersionMoreThanWin10@155] MajorVersion[6] MinorVersion[2], 6.2 is win10

2025-11-28 18:45:04.568 INFO  [3764] [CMonitorResourceUsage::DoMonitorRes@200] Do not check process resource

2025-11-28 18:45:43.025 INFO  [2180] [CAuthorization::StopCheckThead@261] StopCheckThead begin.

2025-11-28 18:45:43.025 WARN  [6032] [CAuthorization::DoAuthCheck@322] DoAuthCheck m_bExitAuthCheckThd = true

2025-11-28 18:45:43.025 INFO  [6032] [CAuthorization::DoAuthCheck@330] [Deinit] DoAuthCheck end.

2025-11-28 18:45:43.041 INFO  [2180] [CAuthorization::StopCheckThead@266] StopCheckThead end.

2025-11-28 18:45:43.057 INFO  [2180] [CAuthorization::Uninit@107] [Deinit] End

2025-11-28 18:45:43.057 INFO  [2180] [UnitPluginInstance@51] UnitPluginInstance - Begin

2025-11-28 18:45:43.057 INFO  [2180] [CMonitorResourceUsage::StopMonitorThead@132] StopMonitorThead begin.

2025-11-28 18:45:43.088 INFO  [3764] [CMonitorResourceUsage::DoMonitorRes@229] DoMonitorResource end, m_bExitMonitorThread is true

2025-11-28 18:45:43.088 INFO  [2180] [CMonitorResourceUsage::StopMonitorThead@145] StopMonitorThead end.

2025-11-28 18:45:43.088 INFO  [2180] [UnitPluginInstance@55] UnitPluginInstance - End

2025-11-28 20:53:18.021 INFO  [14012] [CAuthorization::Init@59] [Init] Begin.

2025-11-28 20:53:18.171 INFO  [14012] [CDongleV5::Login@87] MV_LoginLicense sucessfully, dongle type[0](0:dongle, 2:soft lock, 3:remote dongle) handle[1] licId[40001]

2025-11-28 20:53:18.171 INFO  [14012] [CDongleV5::GetDongleInfo@133] MV_GetUserDataSize begin

2025-11-28 20:53:18.203 INFO  [14012] [CDongleV5::GetDongleInfo@141] MV_GetUserDataSize end

2025-11-28 20:53:18.222 INFO  [14012] [CDongleV5::GetDongleInfo@158] MV_ReadUserData, Dongle name[6200], camera num[4], soft version[1], series[0], language[0]

2025-11-28 20:53:18.222 INFO  [14012] [CDongleV5::GetDongleInfo@164] Dongle serial number[FL0265015] len[9]

2025-11-28 20:53:18.255 INFO  [14012] [CDongleV5::GetLicenseInfo@343] GetRemainTime end.

2025-11-28 20:53:18.257 INFO  [14012] [CAuthorization::Init@79] [Init] Get license v5 sucessfully

2025-11-28 20:53:18.257 INFO  [14012] [CAuthorization::StartCheckThread@224] StartCheckThread begin.

2025-11-28 20:53:18.257 INFO  [14012] [CAuthorization::StartCheckThread@250] StartCheckThread end.

2025-11-28 20:53:18.257 INFO  [14012] [CAuthorization::Init@92] [Init] End.

2025-11-28 20:53:18.257 INFO  [14012] [InitPluginInstance@27] [Init] [End]

2025-11-28 20:53:18.288 INFO  [14340] [CAuthorization::DoAuthCheck@276] DoAuthCheck begin.

2025-11-28 20:53:18.437 INFO  [14340] [CDongleV5::Login@87] MV_LoginLicense sucessfully, dongle type[0](0:dongle, 2:soft lock, 3:remote dongle) handle[2] licId[40001]

2025-11-28 20:53:18.453 INFO  [14340] [CDongleV5::GetDongleInfo@133] MV_GetUserDataSize begin

2025-11-28 20:53:18.514 INFO  [14340] [CDongleV5::GetDongleInfo@141] MV_GetUserDataSize end

2025-11-28 20:53:18.561 INFO  [14340] [CDongleV5::GetDongleInfo@158] MV_ReadUserData, Dongle name[6200], camera num[4], soft version[1], series[0], language[0]

2025-11-28 20:53:18.563 INFO  [14340] [CDongleV5::GetDongleInfo@164] Dongle serial number[FL0265015] len[9]

2025-11-28 20:53:18.619 INFO  [14340] [CDongleV5::GetLicenseInfo@343] GetRemainTime end.

2025-11-28 20:53:18.288 INFO  [14012] [InitPluginInstance@33] InitPluginInstance - Begin

2025-11-28 20:53:18.288 INFO  [14012] [CMonitorResourceUsage::Init@47] Init begin.

2025-11-28 20:53:18.288 INFO  [14012] [GetDllFilePath@262] path[D:\VisionMaster4.4.0\Applications\Server]

2025-11-28 20:53:18.288 INFO  [14012] [CMonitorResourceUsage::LoadCfgParam@449] Now resource monitor interval[5]

2025-11-28 20:53:18.288 INFO  [14012] [CMonitorResourceUsage::StartMonitorThread@90] StartMonitorThread begin.

2025-11-28 20:53:18.288 INFO  [14012] [CMonitorResourceUsage::StartMonitorThread@121] StartCheckThread end.

2025-11-28 20:53:18.288 INFO  [14012] [InitPluginInstance@39] InitPluginInstance - End

2025-11-28 20:53:18.306 INFO  [14368] [CMonitorResourceUsage::DoMonitorRes@176] DoMonitorResource begin.

2025-11-28 20:53:18.306 INFO  [14368] [CMonitorResourceUsage::SystemVersionMoreThanWin10@155] MajorVersion[6] MinorVersion[2], 6.2 is win10

2025-11-28 20:53:18.306 INFO  [14368] [CMonitorResourceUsage::DoMonitorRes@200] Do not check process resource

2025-11-28 20:55:06.958 INFO  [6628] [CAuthorization::StopCheckThead@261] StopCheckThead begin.

2025-11-28 20:55:06.960 WARN  [14340] [CAuthorization::DoAuthCheck@322] DoAuthCheck m_bExitAuthCheckThd = true

2025-11-28 20:55:06.962 INFO  [14340] [CAuthorization::DoAuthCheck@330] [Deinit] DoAuthCheck end.

2025-11-28 20:55:06.972 INFO  [6628] [CAuthorization::StopCheckThead@266] StopCheckThead end.

2025-11-28 20:55:06.989 INFO  [6628] [CAuthorization::Uninit@107] [Deinit] End

2025-11-28 20:55:07.001 INFO  [6628] [UnitPluginInstance@51] UnitPluginInstance - Begin

2025-11-28 20:55:07.001 INFO  [6628] [CMonitorResourceUsage::StopMonitorThead@132] StopMonitorThead begin.

2025-11-28 20:55:07.029 INFO  [14368] [CMonitorResourceUsage::DoMonitorRes@229] DoMonitorResource end, m_bExitMonitorThread is true

2025-11-28 20:55:07.029 INFO  [6628] [CMonitorResourceUsage::StopMonitorThead@145] StopMonitorThead end.

2025-11-28 20:55:07.029 INFO  [6628] [UnitPluginInstance@55] UnitPluginInstance - End

2025-11-28 20:55:17.115 INFO  [7856] [CAuthorization::Init@59] [Init] Begin.

2025-11-28 20:55:17.264 INFO  [7856] [CDongleV5::Login@87] MV_LoginLicense sucessfully, dongle type[0](0:dongle, 2:soft lock, 3:remote dongle) handle[1] licId[40001]

2025-11-28 20:55:17.264 INFO  [7856] [CDongleV5::GetDongleInfo@133] MV_GetUserDataSize begin

2025-11-28 20:55:17.280 INFO  [7856] [CDongleV5::GetDongleInfo@141] MV_GetUserDataSize end

2025-11-28 20:55:17.295 INFO  [7856] [CDongleV5::GetDongleInfo@158] MV_ReadUserData, Dongle name[6200], camera num[4], soft version[1], series[0], language[0]

2025-11-28 20:55:17.295 INFO  [7856] [CDongleV5::GetDongleInfo@164] Dongle serial number[FL0265015] len[9]

2025-11-28 20:55:17.353 INFO  [7856] [CDongleV5::GetLicenseInfo@343] GetRemainTime end.

2025-11-28 20:55:17.357 INFO  [7856] [CAuthorization::Init@79] [Init] Get license v5 sucessfully

2025-11-28 20:55:17.360 INFO  [7856] [CAuthorization::StartCheckThread@224] StartCheckThread begin.

2025-11-28 20:55:17.364 INFO  [7856] [CAuthorization::StartCheckThread@250] StartCheckThread end.

2025-11-28 20:55:17.364 INFO  [7856] [CAuthorization::Init@92] [Init] End.

2025-11-28 20:55:17.364 INFO  [7856] [InitPluginInstance@27] [Init] [End]

2025-11-28 20:55:17.429 INFO  [14060] [CAuthorization::DoAuthCheck@276] DoAuthCheck begin.

2025-11-28 20:55:17.595 INFO  [14060] [CDongleV5::Login@87] MV_LoginLicense sucessfully, dongle type[0](0:dongle, 2:soft lock, 3:remote dongle) handle[2] licId[40001]

2025-11-28 20:55:17.597 INFO  [14060] [CDongleV5::GetDongleInfo@133] MV_GetUserDataSize begin

2025-11-28 20:55:17.613 INFO  [14060] [CDongleV5::GetDongleInfo@141] MV_GetUserDataSize end

2025-11-28 20:55:17.634 INFO  [14060] [CDongleV5::GetDongleInfo@158] MV_ReadUserData, Dongle name[6200], camera num[4], soft version[1], series[0], language[0]

2025-11-28 20:55:17.634 INFO  [14060] [CDongleV5::GetDongleInfo@164] Dongle serial number[FL0265015] len[9]

2025-11-28 20:55:17.680 INFO  [14060] [CDongleV5::GetLicenseInfo@343] GetRemainTime end.

2025-11-28 20:55:17.431 INFO  [7856] [InitPluginInstance@33] InitPluginInstance - Begin

2025-11-28 20:55:17.431 INFO  [7856] [CMonitorResourceUsage::Init@47] Init begin.

2025-11-28 20:55:17.431 INFO  [7856] [GetDllFilePath@262] path[D:\VisionMaster4.4.0\Applications\Server]

2025-11-28 20:55:17.431 INFO  [7856] [CMonitorResourceUsage::LoadCfgParam@449] Now resource monitor interval[5]

2025-11-28 20:55:17.431 INFO  [7856] [CMonitorResourceUsage::StartMonitorThread@90] StartMonitorThread begin.

2025-11-28 20:55:17.431 INFO  [7856] [CMonitorResourceUsage::StartMonitorThread@121] StartCheckThread end.

2025-11-28 20:55:17.431 INFO  [7856] [InitPluginInstance@39] InitPluginInstance - End

2025-11-28 20:55:17.465 INFO  [1168] [CMonitorResourceUsage::DoMonitorRes@176] DoMonitorResource begin.

2025-11-28 20:55:17.465 INFO  [1168] [CMonitorResourceUsage::SystemVersionMoreThanWin10@155] MajorVersion[6] MinorVersion[2], 6.2 is win10

2025-11-28 20:55:17.465 INFO  [1168] [CMonitorResourceUsage::DoMonitorRes@200] Do not check process resource

2025-11-28 20:58:59.946 INFO  [1276] [CAuthorization::Init@59] [Init] Begin.

2025-11-28 20:59:00.118 INFO  [1276] [CDongleV5::Login@87] MV_LoginLicense sucessfully, dongle type[0](0:dongle, 2:soft lock, 3:remote dongle) handle[1] licId[40001]

2025-11-28 20:59:00.118 INFO  [1276] [CDongleV5::GetDongleInfo@133] MV_GetUserDataSize begin

2025-11-28 20:59:00.149 INFO  [1276] [CDongleV5::GetDongleInfo@141] MV_GetUserDataSize end

2025-11-28 20:59:00.199 INFO  [1276] [CDongleV5::GetDongleInfo@158] MV_ReadUserData, Dongle name[6200], camera num[4], soft version[1], series[0], language[0]

2025-11-28 20:59:00.199 INFO  [1276] [CDongleV5::GetDongleInfo@164] Dongle serial number[FL0265015] len[9]

2025-11-28 20:59:00.268 INFO  [1276] [CDongleV5::GetLicenseInfo@343] GetRemainTime end.

2025-11-28 20:59:00.268 INFO  [1276] [CAuthorization::Init@79] [Init] Get license v5 sucessfully

2025-11-28 20:59:00.268 INFO  [1276] [CAuthorization::StartCheckThread@224] StartCheckThread begin.

2025-11-28 20:59:00.268 INFO  [1276] [CAuthorization::StartCheckThread@250] StartCheckThread end.

2025-11-28 20:59:00.268 INFO  [14416] [CAuthorization::DoAuthCheck@276] DoAuthCheck begin.

2025-11-28 20:59:00.268 INFO  [1276] [CAuthorization::Init@92] [Init] End.

2025-11-28 20:59:00.268 INFO  [1276] [InitPluginInstance@27] [Init] [End]

2025-11-28 20:59:00.438 INFO  [14416] [CDongleV5::Login@87] MV_LoginLicense sucessfully, dongle type[0](0:dongle, 2:soft lock, 3:remote dongle) handle[2] licId[40001]

2025-11-28 20:59:00.445 INFO  [14416] [CDongleV5::GetDongleInfo@133] MV_GetUserDataSize begin

2025-11-28 20:59:00.468 INFO  [14416] [CDongleV5::GetDongleInfo@141] MV_GetUserDataSize end

2025-11-28 20:59:00.490 INFO  [14416] [CDongleV5::GetDongleInfo@158] MV_ReadUserData, Dongle name[6200], camera num[4], soft version[1], series[0], language[0]

2025-11-28 20:59:00.490 INFO  [14416] [CDongleV5::GetDongleInfo@164] Dongle serial number[FL0265015] len[9]

2025-11-28 20:59:00.537 INFO  [14416] [CDongleV5::GetLicenseInfo@343] GetRemainTime end.

2025-11-28 20:59:00.284 INFO  [1276] [InitPluginInstance@33] InitPluginInstance - Begin

2025-11-28 20:59:00.284 INFO  [1276] [CMonitorResourceUsage::Init@47] Init begin.

2025-11-28 20:59:00.284 INFO  [1276] [GetDllFilePath@262] path[D:\VisionMaster4.4.0\Applications\Server]

2025-11-28 20:59:00.284 INFO  [1276] [CMonitorResourceUsage::LoadCfgParam@449] Now resource monitor interval[5]

2025-11-28 20:59:00.284 INFO  [1276] [CMonitorResourceUsage::StartMonitorThread@90] StartMonitorThread begin.

2025-11-28 20:59:00.284 INFO  [1276] [CMonitorResourceUsage::StartMonitorThread@121] StartCheckThread end.

2025-11-28 20:59:00.284 INFO  [1276] [InitPluginInstance@39] InitPluginInstance - End

2025-11-28 20:59:00.284 INFO  [7776] [CMonitorResourceUsage::DoMonitorRes@176] DoMonitorResource begin.

2025-11-28 20:59:00.284 INFO  [7776] [CMonitorResourceUsage::SystemVersionMoreThanWin10@155] MajorVersion[6] MinorVersion[2], 6.2 is win10

2025-11-28 20:59:00.284 INFO  [7776] [CMonitorResourceUsage::DoMonitorRes@200] Do not check process resource

2025-11-28 21:04:06.254 INFO  [6964] [CAuthorization::Init@59] [Init] Begin.

2025-11-28 21:04:06.401 INFO  [6964] [CDongleV5::Login@87] MV_LoginLicense sucessfully, dongle type[0](0:dongle, 2:soft lock, 3:remote dongle) handle[1] licId[40001]

2025-11-28 21:04:06.401 INFO  [6964] [CDongleV5::GetDongleInfo@133] MV_GetUserDataSize begin

2025-11-28 21:04:06.432 INFO  [6964] [CDongleV5::GetDongleInfo@141] MV_GetUserDataSize end

2025-11-28 21:04:06.448 INFO  [6964] [CDongleV5::GetDongleInfo@158] MV_ReadUserData, Dongle name[6200], camera num[4], soft version[1], series[0], language[0]

2025-11-28 21:04:06.448 INFO  [6964] [CDongleV5::GetDongleInfo@164] Dongle serial number[FL0265015] len[9]

2025-11-28 21:04:06.469 INFO  [6964] [CDongleV5::GetLicenseInfo@343] GetRemainTime end.

2025-11-28 21:04:06.485 INFO  [6964] [CAuthorization::Init@79] [Init] Get license v5 sucessfully

2025-11-28 21:04:06.486 INFO  [6964] [CAuthorization::StartCheckThread@224] StartCheckThread begin.

2025-11-28 21:04:06.491 INFO  [6964] [CAuthorization::StartCheckThread@250] StartCheckThread end.

2025-11-28 21:04:06.492 INFO  [6964] [CAuthorization::Init@92] [Init] End.

2025-11-28 21:04:06.495 INFO  [6964] [InitPluginInstance@27] [Init] [End]

2025-11-28 21:04:06.520 INFO  [14464] [CAuthorization::DoAuthCheck@276] DoAuthCheck begin.

2025-11-28 21:04:06.720 INFO  [14464] [CDongleV5::Login@87] MV_LoginLicense sucessfully, dongle type[0](0:dongle, 2:soft lock, 3:remote dongle) handle[2] licId[40001]

2025-11-28 21:04:06.720 INFO  [14464] [CDongleV5::GetDongleInfo@133] MV_GetUserDataSize begin

2025-11-28 21:04:06.735 INFO  [14464] [CDongleV5::GetDongleInfo@141] MV_GetUserDataSize end

2025-11-28 21:04:06.751 INFO  [14464] [CDongleV5::GetDongleInfo@158] MV_ReadUserData, Dongle name[6200], camera num[4], soft version[1], series[0], language[0]

2025-11-28 21:04:06.751 INFO  [14464] [CDongleV5::GetDongleInfo@164] Dongle serial number[FL0265015] len[9]

2025-11-28 21:04:06.783 INFO  [14464] [CDongleV5::GetLicenseInfo@343] GetRemainTime end.

2025-11-28 21:04:06.520 INFO  [6964] [InitPluginInstance@33] InitPluginInstance - Begin

2025-11-28 21:04:06.520 INFO  [6964] [CMonitorResourceUsage::Init@47] Init begin.

2025-11-28 21:04:06.520 INFO  [6964] [GetDllFilePath@262] path[D:\VisionMaster4.4.0\Applications\Server]

2025-11-28 21:04:06.520 INFO  [6964] [CMonitorResourceUsage::LoadCfgParam@449] Now resource monitor interval[5]

2025-11-28 21:04:06.520 INFO  [6964] [CMonitorResourceUsage::StartMonitorThread@90] StartMonitorThread begin.

2025-11-28 21:04:06.520 INFO  [6964] [CMonitorResourceUsage::StartMonitorThread@121] StartCheckThread end.

2025-11-28 21:04:06.520 INFO  [6964] [InitPluginInstance@39] InitPluginInstance - End

2025-11-28 21:04:06.535 INFO  [11036] [CMonitorResourceUsage::DoMonitorRes@176] DoMonitorResource begin.

2025-11-28 21:04:06.535 INFO  [11036] [CMonitorResourceUsage::SystemVersionMoreThanWin10@155] MajorVersion[6] MinorVersion[2], 6.2 is win10

2025-11-28 21:04:06.535 INFO  [11036] [CMonitorResourceUsage::DoMonitorRes@200] Do not check process resource

2025-11-28 21:05:53.764 INFO  [1792] [CAuthorization::Init@59] [Init] Begin.

2025-11-28 21:05:53.911 INFO  [1792] [CDongleV5::Login@87] MV_LoginLicense sucessfully, dongle type[0](0:dongle, 2:soft lock, 3:remote dongle) handle[1] licId[40001]

2025-11-28 21:05:53.911 INFO  [1792] [CDongleV5::GetDongleInfo@133] MV_GetUserDataSize begin

2025-11-28 21:05:53.950 INFO  [1792] [CDongleV5::GetDongleInfo@141] MV_GetUserDataSize end

2025-11-28 21:05:53.964 INFO  [1792] [CDongleV5::GetDongleInfo@158] MV_ReadUserData, Dongle name[6200], camera num[4], soft version[1], series[0], language[0]

2025-11-28 21:05:53.964 INFO  [1792] [CDongleV5::GetDongleInfo@164] Dongle serial number[FL0265015] len[9]

2025-11-28 21:05:53.997 INFO  [1792] [CDongleV5::GetLicenseInfo@343] GetRemainTime end.

2025-11-28 21:05:54.013 INFO  [1792] [CAuthorization::Init@79] [Init] Get license v5 sucessfully

2025-11-28 21:05:54.013 INFO  [1792] [CAuthorization::StartCheckThread@224] StartCheckThread begin.

2025-11-28 21:05:54.013 INFO  [1792] [CAuthorization::StartCheckThread@250] StartCheckThread end.

2025-11-28 21:05:54.013 INFO  [1792] [CAuthorization::Init@92] [Init] End.

2025-11-28 21:05:54.013 INFO  [1792] [InitPluginInstance@27] [Init] [End]

2025-11-28 21:05:54.048 INFO  [1948] [CAuthorization::DoAuthCheck@276] DoAuthCheck begin.

2025-11-28 21:05:54.180 INFO  [1948] [CDongleV5::Login@87] MV_LoginLicense sucessfully, dongle type[0](0:dongle, 2:soft lock, 3:remote dongle) handle[2] licId[40001]

2025-11-28 21:05:54.196 INFO  [1948] [CDongleV5::GetDongleInfo@133] MV_GetUserDataSize begin

2025-11-28 21:05:54.227 INFO  [1948] [CDongleV5::GetDongleInfo@141] MV_GetUserDataSize end

2025-11-28 21:05:54.305 INFO  [1948] [CDongleV5::GetDongleInfo@158] MV_ReadUserData, Dongle name[6200], camera num[4], soft version[1], series[0], language[0]

2025-11-28 21:05:54.305 INFO  [1948] [CDongleV5::GetDongleInfo@164] Dongle serial number[FL0265015] len[9]

2025-11-28 21:05:54.369 INFO  [1948] [CDongleV5::GetLicenseInfo@343] GetRemainTime end.

2025-11-28 21:05:54.064 INFO  [1792] [InitPluginInstance@33] InitPluginInstance - Begin

2025-11-28 21:05:54.064 INFO  [1792] [CMonitorResourceUsage::Init@47] Init begin.

2025-11-28 21:05:54.064 INFO  [1792] [GetDllFilePath@262] path[D:\VisionMaster4.4.0\Applications\Server]

2025-11-28 21:05:54.064 INFO  [1792] [CMonitorResourceUsage::LoadCfgParam@449] Now resource monitor interval[5]

2025-11-28 21:05:54.064 INFO  [1792] [CMonitorResourceUsage::StartMonitorThread@90] StartMonitorThread begin.

2025-11-28 21:05:54.064 INFO  [1792] [CMonitorResourceUsage::StartMonitorThread@121] StartCheckThread end.

2025-11-28 21:05:54.064 INFO  [1792] [InitPluginInstance@39] InitPluginInstance - End

2025-11-28 21:05:54.068 INFO  [3004] [CMonitorResourceUsage::DoMonitorRes@176] DoMonitorResource begin.

2025-11-28 21:05:54.068 INFO  [3004] [CMonitorResourceUsage::SystemVersionMoreThanWin10@155] MajorVersion[6] MinorVersion[2], 6.2 is win10

2025-11-28 21:05:54.068 INFO  [3004] [CMonitorResourceUsage::DoMonitorRes@200] Do not check process resource

2025-11-28 21:12:22.760 INFO  [14680] [CAuthorization::Init@59] [Init] Begin.

2025-11-28 21:12:22.887 INFO  [14680] [CDongleV5::Login@87] MV_LoginLicense sucessfully, dongle type[0](0:dongle, 2:soft lock, 3:remote dongle) handle[1] licId[40001]

2025-11-28 21:12:22.893 INFO  [14680] [CDongleV5::GetDongleInfo@133] MV_GetUserDataSize begin

2025-11-28 21:12:22.910 INFO  [14680] [CDongleV5::GetDongleInfo@141] MV_GetUserDataSize end

2025-11-28 21:12:22.930 INFO  [14680] [CDongleV5::GetDongleInfo@158] MV_ReadUserData, Dongle name[6200], camera num[4], soft version[1], series[0], language[0]

2025-11-28 21:12:22.932 INFO  [14680] [CDongleV5::GetDongleInfo@164] Dongle serial number[FL0265015] len[9]

2025-11-28 21:12:22.974 INFO  [14680] [CDongleV5::GetLicenseInfo@343] GetRemainTime end.

2025-11-28 21:12:22.974 INFO  [14680] [CAuthorization::Init@79] [Init] Get license v5 sucessfully

2025-11-28 21:12:22.974 INFO  [14680] [CAuthorization::StartCheckThread@224] StartCheckThread begin.

2025-11-28 21:12:22.990 INFO  [14680] [CAuthorization::StartCheckThread@250] StartCheckThread end.

2025-11-28 21:12:22.990 INFO  [14680] [CAuthorization::Init@92] [Init] End.

2025-11-28 21:12:22.990 INFO  [14680] [InitPluginInstance@27] [Init] [End]

2025-11-28 21:12:23.011 INFO  [14964] [CAuthorization::DoAuthCheck@276] DoAuthCheck begin.

2025-11-28 21:12:23.179 INFO  [14964] [CDongleV5::Login@87] MV_LoginLicense sucessfully, dongle type[0](0:dongle, 2:soft lock, 3:remote dongle) handle[2] licId[40001]

2025-11-28 21:12:23.179 INFO  [14964] [CDongleV5::GetDongleInfo@133] MV_GetUserDataSize begin

2025-11-28 21:12:23.250 INFO  [14964] [CDongleV5::GetDongleInfo@141] MV_GetUserDataSize end

2025-11-28 21:12:23.270 INFO  [14964] [CDongleV5::GetDongleInfo@158] MV_ReadUserData, Dongle name[6200], camera num[4], soft version[1], series[0], language[0]

2025-11-28 21:12:23.273 INFO  [14964] [CDongleV5::GetDongleInfo@164] Dongle serial number[FL0265015] len[9]

2025-11-28 21:12:23.312 INFO  [14964] [CDongleV5::GetLicenseInfo@343] GetRemainTime end.

2025-11-28 21:12:23.011 INFO  [14680] [InitPluginInstance@33] InitPluginInstance - Begin

2025-11-28 21:12:23.011 INFO  [14680] [CMonitorResourceUsage::Init@47] Init begin.

2025-11-28 21:12:23.011 INFO  [14680] [GetDllFilePath@262] path[D:\VisionMaster4.4.0\Applications\Server]

2025-11-28 21:12:23.011 INFO  [14680] [CMonitorResourceUsage::LoadCfgParam@449] Now resource monitor interval[5]

2025-11-28 21:12:23.011 INFO  [14680] [CMonitorResourceUsage::StartMonitorThread@90] StartMonitorThread begin.

2025-11-28 21:12:23.011 INFO  [14680] [CMonitorResourceUsage::StartMonitorThread@121] StartCheckThread end.

2025-11-28 21:12:23.011 INFO  [14680] [InitPluginInstance@39] InitPluginInstance - End

2025-11-28 21:12:23.035 INFO  [13248] [CMonitorResourceUsage::DoMonitorRes@176] DoMonitorResource begin.

2025-11-28 21:12:23.035 INFO  [13248] [CMonitorResourceUsage::SystemVersionMoreThanWin10@155] MajorVersion[6] MinorVersion[2], 6.2 is win10

2025-11-28 21:12:23.035 INFO  [13248] [CMonitorResourceUsage::DoMonitorRes@200] Do not check process resource

2025-11-28 21:26:34.365 INFO  [1588] [CAuthorization::Init@59] [Init] Begin.

2025-11-28 21:26:34.493 INFO  [1588] [CDongleV5::Login@87] MV_LoginLicense sucessfully, dongle type[0](0:dongle, 2:soft lock, 3:remote dongle) handle[1] licId[40001]

2025-11-28 21:26:34.493 INFO  [1588] [CDongleV5::GetDongleInfo@133] MV_GetUserDataSize begin

2025-11-28 21:26:34.524 INFO  [1588] [CDongleV5::GetDongleInfo@141] MV_GetUserDataSize end

2025-11-28 21:26:34.555 INFO  [1588] [CDongleV5::GetDongleInfo@158] MV_ReadUserData, Dongle name[6200], camera num[4], soft version[1], series[0], language[0]

2025-11-28 21:26:34.558 INFO  [1588] [CDongleV5::GetDongleInfo@164] Dongle serial number[FL0265015] len[9]

2025-11-28 21:26:34.613 INFO  [1588] [CDongleV5::GetLicenseInfo@343] GetRemainTime end.

2025-11-28 21:26:34.628 INFO  [1588] [CAuthorization::Init@79] [Init] Get license v5 sucessfully

2025-11-28 21:26:34.628 INFO  [1588] [CAuthorization::StartCheckThread@224] StartCheckThread begin.

2025-11-28 21:26:34.628 INFO  [1588] [CAuthorization::StartCheckThread@250] StartCheckThread end.

2025-11-28 21:26:34.628 INFO  [1588] [CAuthorization::Init@92] [Init] End.

2025-11-28 21:26:34.628 INFO  [1588] [InitPluginInstance@27] [Init] [End]

2025-11-28 21:26:34.628 INFO  [7364] [CAuthorization::DoAuthCheck@276] DoAuthCheck begin.

2025-11-28 21:26:34.828 INFO  [7364] [CDongleV5::Login@87] MV_LoginLicense sucessfully, dongle type[0](0:dongle, 2:soft lock, 3:remote dongle) handle[2] licId[40001]

2025-11-28 21:26:34.828 INFO  [7364] [CDongleV5::GetDongleInfo@133] MV_GetUserDataSize begin

2025-11-28 21:26:34.844 INFO  [7364] [CDongleV5::GetDongleInfo@141] MV_GetUserDataSize end

2025-11-28 21:26:34.870 INFO  [7364] [CDongleV5::GetDongleInfo@158] MV_ReadUserData, Dongle name[6200], camera num[4], soft version[1], series[0], language[0]

2025-11-28 21:26:34.870 INFO  [7364] [CDongleV5::GetDongleInfo@164] Dongle serial number[FL0265015] len[9]

2025-11-28 21:26:34.898 INFO  [7364] [CDongleV5::GetLicenseInfo@343] GetRemainTime end.

2025-11-28 21:26:34.628 INFO  [1588] [InitPluginInstance@33] InitPluginInstance - Begin

2025-11-28 21:26:34.628 INFO  [1588] [CMonitorResourceUsage::Init@47] Init begin.

2025-11-28 21:26:34.628 INFO  [1588] [GetDllFilePath@262] path[D:\VisionMaster4.4.0\Applications\Server]

2025-11-28 21:26:34.628 INFO  [1588] [CMonitorResourceUsage::LoadCfgParam@449] Now resource monitor interval[5]

2025-11-28 21:26:34.628 INFO  [1588] [CMonitorResourceUsage::StartMonitorThread@90] StartMonitorThread begin.

2025-11-28 21:26:34.628 INFO  [1588] [CMonitorResourceUsage::StartMonitorThread@121] StartCheckThread end.

2025-11-28 21:26:34.628 INFO  [1588] [InitPluginInstance@39] InitPluginInstance - End

2025-11-28 21:26:34.649 INFO  [12548] [CMonitorResourceUsage::DoMonitorRes@176] DoMonitorResource begin.

2025-11-28 21:26:34.649 INFO  [12548] [CMonitorResourceUsage::SystemVersionMoreThanWin10@155] MajorVersion[6] MinorVersion[2], 6.2 is win10

2025-11-28 21:26:34.649 INFO  [12548] [CMonitorResourceUsage::DoMonitorRes@200] Do not check process resource

2025-11-28 21:27:42.593 INFO  [17008] [CAuthorization::Init@59] [Init] Begin.

2025-11-28 21:27:42.728 INFO  [17008] [CDongleV5::Login@87] MV_LoginLicense sucessfully, dongle type[0](0:dongle, 2:soft lock, 3:remote dongle) handle[1] licId[40001]

2025-11-28 21:27:42.728 INFO  [17008] [CDongleV5::GetDongleInfo@133] MV_GetUserDataSize begin

2025-11-28 21:27:42.762 INFO  [17008] [CDongleV5::GetDongleInfo@141] MV_GetUserDataSize end

2025-11-28 21:27:42.778 INFO  [17008] [CDongleV5::GetDongleInfo@158] MV_ReadUserData, Dongle name[6200], camera num[4], soft version[1], series[0], language[0]

2025-11-28 21:27:42.778 INFO  [17008] [CDongleV5::GetDongleInfo@164] Dongle serial number[FL0265015] len[9]

2025-11-28 21:27:42.828 INFO  [17008] [CDongleV5::GetLicenseInfo@343] GetRemainTime end.

2025-11-28 21:27:42.845 INFO  [17008] [CAuthorization::Init@79] [Init] Get license v5 sucessfully

2025-11-28 21:27:42.845 INFO  [17008] [CAuthorization::StartCheckThread@224] StartCheckThread begin.

2025-11-28 21:27:42.845 INFO  [17008] [CAuthorization::StartCheckThread@250] StartCheckThread end.

2025-11-28 21:27:42.845 INFO  [17008] [CAuthorization::Init@92] [Init] End.

2025-11-28 21:27:42.845 INFO  [17008] [InitPluginInstance@27] [Init] [End]

2025-11-28 21:27:42.845 INFO  [10604] [CAuthorization::DoAuthCheck@276] DoAuthCheck begin.

2025-11-28 21:27:43.027 INFO  [10604] [CDongleV5::Login@87] MV_LoginLicense sucessfully, dongle type[0](0:dongle, 2:soft lock, 3:remote dongle) handle[2] licId[40001]

2025-11-28 21:27:43.027 INFO  [10604] [CDongleV5::GetDongleInfo@133] MV_GetUserDataSize begin

2025-11-28 21:27:43.043 INFO  [10604] [CDongleV5::GetDongleInfo@141] MV_GetUserDataSize end

2025-11-28 21:27:43.061 INFO  [10604] [CDongleV5::GetDongleInfo@158] MV_ReadUserData, Dongle name[6200], camera num[4], soft version[1], series[0], language[0]

2025-11-28 21:27:43.061 INFO  [10604] [CDongleV5::GetDongleInfo@164] Dongle serial number[FL0265015] len[9]

2025-11-28 21:27:43.095 INFO  [10604] [CDongleV5::GetLicenseInfo@343] GetRemainTime end.

2025-11-28 21:27:42.860 INFO  [17008] [InitPluginInstance@33] InitPluginInstance - Begin

2025-11-28 21:27:42.860 INFO  [17008] [CMonitorResourceUsage::Init@47] Init begin.

2025-11-28 21:27:42.860 INFO  [17008] [GetDllFilePath@262] path[D:\VisionMaster4.4.0\Applications\Server]

2025-11-28 21:27:42.860 INFO  [17008] [CMonitorResourceUsage::LoadCfgParam@449] Now resource monitor interval[5]

2025-11-28 21:27:42.860 INFO  [17008] [CMonitorResourceUsage::StartMonitorThread@90] StartMonitorThread begin.

2025-11-28 21:27:42.861 INFO  [17008] [CMonitorResourceUsage::StartMonitorThread@121] StartCheckThread end.

2025-11-28 21:27:42.861 INFO  [17008] [InitPluginInstance@39] InitPluginInstance - End

2025-11-28 21:27:42.861 INFO  [15056] [CMonitorResourceUsage::DoMonitorRes@176] DoMonitorResource begin.

2025-11-28 21:27:42.861 INFO  [15056] [CMonitorResourceUsage::SystemVersionMoreThanWin10@155] MajorVersion[6] MinorVersion[2], 6.2 is win10

2025-11-28 21:27:42.861 INFO  [15056] [CMonitorResourceUsage::DoMonitorRes@200] Do not check process resource

2025-11-28 21:28:49.607 INFO  [13884] [CAuthorization::Init@59] [Init] Begin.

2025-11-28 21:28:49.790 INFO  [13884] [CDongleV5::Login@87] MV_LoginLicense sucessfully, dongle type[0](0:dongle, 2:soft lock, 3:remote dongle) handle[1] licId[40001]

2025-11-28 21:28:49.790 INFO  [13884] [CDongleV5::GetDongleInfo@133] MV_GetUserDataSize begin

2025-11-28 21:28:49.806 INFO  [13884] [CDongleV5::GetDongleInfo@141] MV_GetUserDataSize end

2025-11-28 21:28:49.823 INFO  [13884] [CDongleV5::GetDongleInfo@158] MV_ReadUserData, Dongle name[6200], camera num[4], soft version[1], series[0], language[0]

2025-11-28 21:28:49.823 INFO  [13884] [CDongleV5::GetDongleInfo@164] Dongle serial number[FL0265015] len[9]

2025-11-28 21:28:49.874 INFO  [13884] [CDongleV5::GetLicenseInfo@343] GetRemainTime end.

2025-11-28 21:28:49.874 INFO  [13884] [CAuthorization::Init@79] [Init] Get license v5 sucessfully

2025-11-28 21:28:49.874 INFO  [13884] [CAuthorization::StartCheckThread@224] StartCheckThread begin.

2025-11-28 21:28:49.874 INFO  [13884] [CAuthorization::StartCheckThread@250] StartCheckThread end.

2025-11-28 21:28:49.874 INFO  [13884] [CAuthorization::Init@92] [Init] End.

2025-11-28 21:28:49.889 INFO  [13884] [InitPluginInstance@27] [Init] [End]

2025-11-28 21:28:49.908 INFO  [6520] [CAuthorization::DoAuthCheck@276] DoAuthCheck begin.

2025-11-28 21:28:50.072 INFO  [6520] [CDongleV5::Login@87] MV_LoginLicense sucessfully, dongle type[0](0:dongle, 2:soft lock, 3:remote dongle) handle[2] licId[40001]

2025-11-28 21:28:50.072 INFO  [6520] [CDongleV5::GetDongleInfo@133] MV_GetUserDataSize begin

2025-11-28 21:28:50.106 INFO  [6520] [CDongleV5::GetDongleInfo@141] MV_GetUserDataSize end

2025-11-28 21:28:50.129 INFO  [6520] [CDongleV5::GetDongleInfo@158] MV_ReadUserData, Dongle name[6200], camera num[4], soft version[1], series[0], language[0]

2025-11-28 21:28:50.129 INFO  [6520] [CDongleV5::GetDongleInfo@164] Dongle serial number[FL0265015] len[9]

2025-11-28 21:28:50.172 INFO  [6520] [CDongleV5::GetLicenseInfo@343] GetRemainTime end.

2025-11-28 21:28:49.917 INFO  [13884] [InitPluginInstance@33] InitPluginInstance - Begin

2025-11-28 21:28:49.917 INFO  [13884] [CMonitorResourceUsage::Init@47] Init begin.

2025-11-28 21:28:49.917 INFO  [13884] [GetDllFilePath@262] path[D:\VisionMaster4.4.0\Applications\Server]

2025-11-28 21:28:49.917 INFO  [13884] [CMonitorResourceUsage::LoadCfgParam@449] Now resource monitor interval[5]

2025-11-28 21:28:49.917 INFO  [13884] [CMonitorResourceUsage::StartMonitorThread@90] StartMonitorThread begin.

2025-11-28 21:28:49.917 INFO  [13884] [CMonitorResourceUsage::StartMonitorThread@121] StartCheckThread end.

2025-11-28 21:28:49.917 INFO  [13884] [InitPluginInstance@39] InitPluginInstance - End

2025-11-28 21:28:49.924 INFO  [10044] [CMonitorResourceUsage::DoMonitorRes@176] DoMonitorResource begin.

2025-11-28 21:28:49.924 INFO  [10044] [CMonitorResourceUsage::SystemVersionMoreThanWin10@155] MajorVersion[6] MinorVersion[2], 6.2 is win10

2025-11-28 21:28:49.924 INFO  [10044] [CMonitorResourceUsage::DoMonitorRes@200] Do not check process resource

2025-12-03 13:50:27.484 INFO  [11036] [CAuthorization::Init@59] [Init] Begin.

2025-12-03 13:50:27.625 INFO  [11036] [CDongleV5::Login@87] MV_LoginLicense sucessfully, dongle type[0](0:dongle, 2:soft lock, 3:remote dongle) handle[1] licId[40001]

2025-12-03 13:50:27.625 INFO  [11036] [CDongleV5::GetDongleInfo@133] MV_GetUserDataSize begin

2025-12-03 13:50:27.656 INFO  [11036] [CDongleV5::GetDongleInfo@141] MV_GetUserDataSize end

2025-12-03 13:50:27.671 INFO  [11036] [CDongleV5::GetDongleInfo@158] MV_ReadUserData, Dongle name[6200], camera num[4], soft version[1], series[0], language[0]

2025-12-03 13:50:27.671 INFO  [11036] [CDongleV5::GetDongleInfo@164] Dongle serial number[FL0265015] len[9]

2025-12-03 13:50:27.718 INFO  [11036] [CDongleV5::GetLicenseInfo@343] GetRemainTime end.

2025-12-03 13:50:27.750 INFO  [11036] [CAuthorization::Init@79] [Init] Get license v5 sucessfully

2025-12-03 13:50:27.750 INFO  [11036] [CAuthorization::StartCheckThread@224] StartCheckThread begin.

2025-12-03 13:50:27.750 INFO  [11036] [CAuthorization::StartCheckThread@250] StartCheckThread end.

2025-12-03 13:50:27.750 INFO  [11036] [CAuthorization::Init@92] [Init] End.

2025-12-03 13:50:27.750 INFO  [11036] [InitPluginInstance@27] [Init] [End]

2025-12-03 13:50:27.750 INFO  [964] [CAuthorization::DoAuthCheck@276] DoAuthCheck begin.

2025-12-03 13:50:27.953 INFO  [964] [CDongleV5::Login@87] MV_LoginLicense sucessfully, dongle type[0](0:dongle, 2:soft lock, 3:remote dongle) handle[2] licId[40001]

2025-12-03 13:50:27.953 INFO  [964] [CDongleV5::GetDongleInfo@133] MV_GetUserDataSize begin

2025-12-03 13:50:27.984 INFO  [964] [CDongleV5::GetDongleInfo@141] MV_GetUserDataSize end

2025-12-03 13:50:28.015 INFO  [964] [CDongleV5::GetDongleInfo@158] MV_ReadUserData, Dongle name[6200], camera num[4], soft version[1], series[0], language[0]

2025-12-03 13:50:28.015 INFO  [964] [CDongleV5::GetDongleInfo@164] Dongle serial number[FL0265015] len[9]

2025-12-03 13:50:28.062 INFO  [964] [CDongleV5::GetLicenseInfo@343] GetRemainTime end.

2025-12-03 13:50:27.750 INFO  [11036] [InitPluginInstance@33] InitPluginInstance - Begin

2025-12-03 13:50:27.750 INFO  [11036] [CMonitorResourceUsage::Init@47] Init begin.

2025-12-03 13:50:27.750 INFO  [11036] [GetDllFilePath@262] path[D:\VisionMaster4.4.0\Applications\Server]

2025-12-03 13:50:27.750 INFO  [11036] [CMonitorResourceUsage::LoadCfgParam@449] Now resource monitor interval[5]

2025-12-03 13:50:27.750 INFO  [11036] [CMonitorResourceUsage::StartMonitorThread@90] StartMonitorThread begin.

2025-12-03 13:50:27.750 INFO  [11036] [CMonitorResourceUsage::StartMonitorThread@121] StartCheckThread end.

2025-12-03 13:50:27.750 INFO  [11036] [InitPluginInstance@39] InitPluginInstance - End

2025-12-03 13:50:27.765 INFO  [3760] [CMonitorResourceUsage::DoMonitorRes@176] DoMonitorResource begin.

2025-12-03 13:50:27.765 INFO  [3760] [CMonitorResourceUsage::SystemVersionMoreThanWin10@155] MajorVersion[6] MinorVersion[2], 6.2 is win10

2025-12-03 13:50:27.765 INFO  [3760] [CMonitorResourceUsage::DoMonitorRes@200] Do not check process resource

2025-12-03 21:00:46.220 INFO  [8600] [CAuthorization::Init@59] [Init] Begin.

2025-12-03 21:00:46.376 INFO  [8600] [CDongleV5::Login@87] MV_LoginLicense sucessfully, dongle type[0](0:dongle, 2:soft lock, 3:remote dongle) handle[1] licId[40001]

2025-12-03 21:00:46.376 INFO  [8600] [CDongleV5::GetDongleInfo@133] MV_GetUserDataSize begin

2025-12-03 21:00:46.392 INFO  [8600] [CDongleV5::GetDongleInfo@141] MV_GetUserDataSize end

2025-12-03 21:00:46.408 INFO  [8600] [CDongleV5::GetDongleInfo@158] MV_ReadUserData, Dongle name[6200], camera num[4], soft version[1], series[0], language[0]

2025-12-03 21:00:46.408 INFO  [8600] [CDongleV5::GetDongleInfo@164] Dongle serial number[FL0265015] len[9]

2025-12-03 21:00:46.439 INFO  [8600] [CDongleV5::GetLicenseInfo@343] GetRemainTime end.

2025-12-03 21:00:46.439 INFO  [8600] [CAuthorization::Init@79] [Init] Get license v5 sucessfully

2025-12-03 21:00:46.439 INFO  [8600] [CAuthorization::StartCheckThread@224] StartCheckThread begin.

2025-12-03 21:00:46.439 INFO  [8600] [CAuthorization::StartCheckThread@250] StartCheckThread end.

2025-12-03 21:00:46.439 INFO  [8600] [CAuthorization::Init@92] [Init] End.

2025-12-03 21:00:46.454 INFO  [8600] [InitPluginInstance@27] [Init] [End]

2025-12-03 21:00:46.454 INFO  [9116] [CAuthorization::DoAuthCheck@276] DoAuthCheck begin.

2025-12-03 21:00:46.595 INFO  [9116] [CDongleV5::Login@87] MV_LoginLicense sucessfully, dongle type[0](0:dongle, 2:soft lock, 3:remote dongle) handle[2] licId[40001]

2025-12-03 21:00:46.595 INFO  [9116] [CDongleV5::GetDongleInfo@133] MV_GetUserDataSize begin

2025-12-03 21:00:46.611 INFO  [9116] [CDongleV5::GetDongleInfo@141] MV_GetUserDataSize end

2025-12-03 21:00:46.626 INFO  [9116] [CDongleV5::GetDongleInfo@158] MV_ReadUserData, Dongle name[6200], camera num[4], soft version[1], series[0], language[0]

2025-12-03 21:00:46.626 INFO  [9116] [CDongleV5::GetDongleInfo@164] Dongle serial number[FL0265015] len[9]

2025-12-03 21:00:46.658 INFO  [9116] [CDongleV5::GetLicenseInfo@343] GetRemainTime end.

2025-12-03 21:00:46.486 INFO  [8600] [InitPluginInstance@33] InitPluginInstance - Begin

2025-12-03 21:00:46.486 INFO  [8600] [CMonitorResourceUsage::Init@47] Init begin.

2025-12-03 21:00:46.486 INFO  [8600] [GetDllFilePath@262] path[D:\VisionMaster4.4.0\Applications\Server]

2025-12-03 21:00:46.486 INFO  [8600] [CMonitorResourceUsage::LoadCfgParam@449] Now resource monitor interval[5]

2025-12-03 21:00:46.486 INFO  [8600] [CMonitorResourceUsage::StartMonitorThread@90] StartMonitorThread begin.

2025-12-03 21:00:46.486 INFO  [8600] [CMonitorResourceUsage::StartMonitorThread@121] StartCheckThread end.

2025-12-03 21:00:46.486 INFO  [8600] [InitPluginInstance@39] InitPluginInstance - End

2025-12-03 21:00:46.486 INFO  [8480] [CMonitorResourceUsage::DoMonitorRes@176] DoMonitorResource begin.

2025-12-03 21:00:46.486 INFO  [8480] [CMonitorResourceUsage::SystemVersionMoreThanWin10@155] MajorVersion[6] MinorVersion[2], 6.2 is win10

2025-12-03 21:00:46.486 INFO  [8480] [CMonitorResourceUsage::DoMonitorRes@200] Do not check process resource

2025-12-09 18:50:40.051 INFO  [7496] [CAuthorization::Init@57] Init begin.

2025-12-09 18:50:40.051 INFO  [7496] [GetDllFilePath@262] path[D:\Program Files\VMV4.4.0_240813\VM4.3.0_240813_setup\VisionMaster4.3.0\Applications\Server]

2025-12-09 18:50:40.051 ERROR [7496] [CDongleV4::LoadCfgParam@363] Load auth name file fail, [D:\Program Files\VMV4.4.0_240813\VM4.3.0_240813_setup\VisionMaster4.3.0\Applications\Server\ServerAuthName.ini].

2025-12-09 18:50:40.057 ERROR [7496] [CDongleV4::GetLicenseWithState@412] MVIE_GetLicense return[-2]

2025-12-09 18:50:40.057 ERROR [7496] [CDongleV4::GetLicenseInfo@473] GetLicenseWithState fail.

2025-12-09 18:50:40.104 ERROR [7496] [CDongleV5::Login@70] MV_LoginLicense fail, dongle type[0](0:dongle, 2:soft lock, 3:remote dongle) ret[5], msg[There are no available local locks.]

2025-12-09 18:50:40.104 ERROR [7496] [CDongleV5::GetLicenseInfo@242] Login fail. nRet[e0000700]

2025-12-09 18:50:40.105 ERROR [7496] [CAuthorization::Init@110] Init MVIE_GetBurnParam failure.

2025-12-09 18:50:40.105 ERROR [7496] [CAuthorization::Init@115] Not found usable dongle

2025-12-09 18:50:40.105 INFO  [7496] [CAuthorization::StartCheckThread@208] StartCheckThread begin.

2025-12-09 18:50:40.105 INFO  [7496] [CAuthorization::StartCheckThread@234] StartCheckThread end.

2025-12-09 18:50:40.105 INFO  [7496] [CAuthorization::Init@119] Init end.

2025-12-09 18:50:40.115 INFO  [16388] [CAuthorization::DoAuthCheck@260] DoAuthCheck begin.

2025-12-09 18:50:40.116 ERROR [16388] [CDongleV4::GetLicenseWithState@412] MVIE_GetLicense return[-2]

2025-12-09 18:50:40.116 ERROR [16388] [CDongleV4::GetLicenseInfo@473] GetLicenseWithState fail.

2025-12-09 18:50:40.116 ERROR [16388] [CAuthorization::DoAuthCheck@273] Can not find v4 dongle

2025-12-09 18:50:40.120 ERROR [16388] [CDongleV5::Login@70] MV_LoginLicense fail, dongle type[0](0:dongle, 2:soft lock, 3:remote dongle) ret[5], msg[There are no available local locks.]

2025-12-09 18:50:40.120 ERROR [16388] [CDongleV5::GetLicenseInfo@242] Login fail. nRet[e0000700]

2025-12-09 18:50:40.121 ERROR [16388] [CAuthorization::DoAuthCheck@296] Can not find v5 dongle and smart camera

2025-12-09 18:50:42.399 INFO  [7496] [CAuthorization::StopCheckThead@245] StopCheckThead begin.

2025-12-09 18:50:42.399 INFO  [16388] [CAuthorization::DoAuthCheck@358] DoAuthCheck end.

2025-12-09 18:50:42.399 INFO  [7496] [CAuthorization::StopCheckThead@250] StopCheckThead end.

2025-12-09 18:50:42.399 INFO  [7496] [CAuthorization::Uninit@134] Uninit end

2025-12-09 18:50:40.116 INFO  [7496] [InitPluginInstance@33] InitPluginInstance - Begin

2025-12-09 18:50:40.116 INFO  [7496] [CMonitorResourceUsage::Init@47] Init begin.

2025-12-09 18:50:40.116 INFO  [7496] [GetDllFilePath@262] path[D:\Program Files\VMV4.4.0_240813\VM4.3.0_240813_setup\VisionMaster4.3.0\Applications\Server]

2025-12-09 18:50:40.117 INFO  [7496] [CMonitorResourceUsage::LoadCfgParam@449] Now resource monitor interval[5]

2025-12-09 18:50:40.117 INFO  [7496] [CMonitorResourceUsage::StartMonitorThread@90] StartMonitorThread begin.

2025-12-09 18:50:40.117 INFO  [7496] [CMonitorResourceUsage::StartMonitorThread@121] StartCheckThread end.

2025-12-09 18:50:40.117 INFO  [7496] [InitPluginInstance@39] InitPluginInstance - End

2025-12-09 18:50:40.123 INFO  [2368] [CMonitorResourceUsage::DoMonitorRes@176] DoMonitorResource begin.

2025-12-09 18:50:40.123 INFO  [2368] [CMonitorResourceUsage::SystemVersionMoreThanWin10@155] MajorVersion[6] MinorVersion[2], 6.2 is win10

2025-12-09 18:50:40.123 INFO  [2368] [CMonitorResourceUsage::DoMonitorRes@200] Do not check process resource

2025-12-09 18:50:42.400 INFO  [7496] [UnitPluginInstance@51] UnitPluginInstance - Begin

2025-12-09 18:50:42.400 INFO  [7496] [CMonitorResourceUsage::StopMonitorThead@132] StopMonitorThead begin.

2025-12-09 18:50:42.424 INFO  [2368] [CMonitorResourceUsage::DoMonitorRes@229] DoMonitorResource end, m_bExitMonitorThread is true

2025-12-09 18:50:42.424 INFO  [7496] [CMonitorResourceUsage::StopMonitorThead@145] StopMonitorThead end.

2025-12-09 18:50:42.424 INFO  [7496] [UnitPluginInstance@55] UnitPluginInstance - End

2025-12-10 09:04:14.737 INFO  [19348] [CAuthorization::Init@57] Init begin.

2025-12-10 09:04:14.737 INFO  [19348] [GetDllFilePath@262] path[D:\Program Files\VMV4.4.0_240813\VM4.3.0_240813_setup\VisionMaster4.3.0\Applications\Server]

2025-12-10 09:04:14.737 ERROR [19348] [CDongleV4::LoadCfgParam@363] Load auth name file fail, [D:\Program Files\VMV4.4.0_240813\VM4.3.0_240813_setup\VisionMaster4.3.0\Applications\Server\ServerAuthName.ini].

2025-12-10 09:04:14.745 ERROR [19348] [CDongleV4::GetLicenseWithState@412] MVIE_GetLicense return[-2]

2025-12-10 09:04:14.745 ERROR [19348] [CDongleV4::GetLicenseInfo@473] GetLicenseWithState fail.

2025-12-10 09:04:14.794 ERROR [19348] [CDongleV5::Login@70] MV_LoginLicense fail, dongle type[0](0:dongle, 2:soft lock, 3:remote dongle) ret[5], msg[There are no available local locks.]

2025-12-10 09:04:14.794 ERROR [19348] [CDongleV5::GetLicenseInfo@242] Login fail. nRet[e0000700]

2025-12-10 09:04:14.795 ERROR [19348] [CAuthorization::Init@110] Init MVIE_GetBurnParam failure.

2025-12-10 09:04:14.795 ERROR [19348] [CAuthorization::Init@115] Not found usable dongle

2025-12-10 09:04:14.795 INFO  [19348] [CAuthorization::StartCheckThread@208] StartCheckThread begin.

2025-12-10 09:04:14.795 INFO  [19348] [CAuthorization::StartCheckThread@234] StartCheckThread end.

2025-12-10 09:04:14.795 INFO  [19348] [CAuthorization::Init@119] Init end.

2025-12-10 09:04:14.796 INFO  [18640] [CAuthorization::DoAuthCheck@260] DoAuthCheck begin.

2025-12-10 09:04:14.797 ERROR [18640] [CDongleV4::GetLicenseWithState@412] MVIE_GetLicense return[-2]

2025-12-10 09:04:14.797 ERROR [18640] [CDongleV4::GetLicenseInfo@473] GetLicenseWithState fail.

2025-12-10 09:04:14.797 ERROR [18640] [CAuthorization::DoAuthCheck@273] Can not find v4 dongle

2025-12-10 09:04:14.801 ERROR [18640] [CDongleV5::Login@70] MV_LoginLicense fail, dongle type[0](0:dongle, 2:soft lock, 3:remote dongle) ret[5], msg[There are no available local locks.]

2025-12-10 09:04:14.801 ERROR [18640] [CDongleV5::GetLicenseInfo@242] Login fail. nRet[e0000700]

2025-12-10 09:04:14.802 ERROR [18640] [CAuthorization::DoAuthCheck@296] Can not find v5 dongle and smart camera

2025-12-10 09:04:15.916 INFO  [19348] [CAuthorization::StopCheckThead@245] StopCheckThead begin.

2025-12-10 09:04:15.916 INFO  [18640] [CAuthorization::DoAuthCheck@358] DoAuthCheck end.

2025-12-10 09:04:15.917 INFO  [19348] [CAuthorization::StopCheckThead@250] StopCheckThead end.

2025-12-10 09:04:15.917 INFO  [19348] [CAuthorization::Uninit@134] Uninit end

2025-12-10 09:04:14.799 INFO  [19348] [InitPluginInstance@33] InitPluginInstance - Begin

2025-12-10 09:04:14.799 INFO  [19348] [CMonitorResourceUsage::Init@47] Init begin.

2025-12-10 09:04:14.799 INFO  [19348] [GetDllFilePath@262] path[D:\Program Files\VMV4.4.0_240813\VM4.3.0_240813_setup\VisionMaster4.3.0\Applications\Server]

2025-12-10 09:04:14.799 INFO  [19348] [CMonitorResourceUsage::LoadCfgParam@449] Now resource monitor interval[5]

2025-12-10 09:04:14.799 INFO  [19348] [CMonitorResourceUsage::StartMonitorThread@90] StartMonitorThread begin.

2025-12-10 09:04:14.800 INFO  [19348] [CMonitorResourceUsage::StartMonitorThread@121] StartCheckThread end.

2025-12-10 09:04:14.800 INFO  [19348] [InitPluginInstance@39] InitPluginInstance - End

2025-12-10 09:04:14.800 INFO  [4308] [CMonitorResourceUsage::DoMonitorRes@176] DoMonitorResource begin.

2025-12-10 09:04:14.800 INFO  [4308] [CMonitorResourceUsage::SystemVersionMoreThanWin10@155] MajorVersion[6] MinorVersion[2], 6.2 is win10

2025-12-10 09:04:14.800 INFO  [4308] [CMonitorResourceUsage::DoMonitorRes@200] Do not check process resource

2025-12-10 09:04:15.918 INFO  [19348] [UnitPluginInstance@51] UnitPluginInstance - Begin

2025-12-10 09:04:15.918 INFO  [19348] [CMonitorResourceUsage::StopMonitorThead@132] StopMonitorThead begin.

2025-12-10 09:04:15.936 INFO  [4308] [CMonitorResourceUsage::DoMonitorRes@229] DoMonitorResource end, m_bExitMonitorThread is true

2025-12-10 09:04:15.937 INFO  [19348] [CMonitorResourceUsage::StopMonitorThead@145] StopMonitorThead end.

2025-12-10 09:04:15.937 INFO  [19348] [UnitPluginInstance@55] UnitPluginInstance - End

2025-12-10 09:33:35.864 INFO  [5328] [CAuthorization::Init@57] Init begin.

2025-12-10 09:33:35.864 INFO  [5328] [GetDllFilePath@262] path[D:\Program Files\VMV4.4.0_240813\VM4.3.0_240813_setup\VisionMaster4.3.0\Applications\Server]

2025-12-10 09:33:35.864 ERROR [5328] [CDongleV4::LoadCfgParam@363] Load auth name file fail, [D:\Program Files\VMV4.4.0_240813\VM4.3.0_240813_setup\VisionMaster4.3.0\Applications\Server\ServerAuthName.ini].

2025-12-10 09:33:35.872 ERROR [5328] [CDongleV4::GetLicenseWithState@412] MVIE_GetLicense return[-2]

2025-12-10 09:33:35.872 ERROR [5328] [CDongleV4::GetLicenseInfo@473] GetLicenseWithState fail.

2025-12-10 09:33:35.915 ERROR [5328] [CDongleV5::Login@70] MV_LoginLicense fail, dongle type[0](0:dongle, 2:soft lock, 3:remote dongle) ret[5], msg[There are no available local locks.]

2025-12-10 09:33:35.915 ERROR [5328] [CDongleV5::GetLicenseInfo@242] Login fail. nRet[e0000700]

2025-12-10 09:33:35.916 ERROR [5328] [CAuthorization::Init@110] Init MVIE_GetBurnParam failure.

2025-12-10 09:33:35.916 ERROR [5328] [CAuthorization::Init@115] Not found usable dongle

2025-12-10 09:33:35.916 INFO  [5328] [CAuthorization::StartCheckThread@208] StartCheckThread begin.

2025-12-10 09:33:35.916 INFO  [5328] [CAuthorization::StartCheckThread@234] StartCheckThread end.

2025-12-10 09:33:35.916 INFO  [5328] [CAuthorization::Init@119] Init end.

2025-12-10 09:33:35.917 INFO  [9424] [CAuthorization::DoAuthCheck@260] DoAuthCheck begin.

2025-12-10 09:33:35.918 ERROR [9424] [CDongleV4::GetLicenseWithState@412] MVIE_GetLicense return[-2]

2025-12-10 09:33:35.918 ERROR [9424] [CDongleV4::GetLicenseInfo@473] GetLicenseWithState fail.

2025-12-10 09:33:35.918 ERROR [9424] [CAuthorization::DoAuthCheck@273] Can not find v4 dongle

2025-12-10 09:33:35.923 ERROR [9424] [CDongleV5::Login@70] MV_LoginLicense fail, dongle type[0](0:dongle, 2:soft lock, 3:remote dongle) ret[5], msg[There are no available local locks.]

2025-12-10 09:33:35.923 ERROR [9424] [CDongleV5::GetLicenseInfo@242] Login fail. nRet[e0000700]

2025-12-10 09:33:35.924 ERROR [9424] [CAuthorization::DoAuthCheck@296] Can not find v5 dongle and smart camera

2025-12-10 09:33:36.904 INFO  [5328] [CAuthorization::StopCheckThead@245] StopCheckThead begin.

2025-12-10 09:33:36.904 INFO  [9424] [CAuthorization::DoAuthCheck@358] DoAuthCheck end.

2025-12-10 09:33:36.904 INFO  [5328] [CAuthorization::StopCheckThead@250] StopCheckThead end.

2025-12-10 09:33:36.904 INFO  [5328] [CAuthorization::Uninit@134] Uninit end

2025-12-10 09:33:35.920 INFO  [5328] [InitPluginInstance@33] InitPluginInstance - Begin

2025-12-10 09:33:35.920 INFO  [5328] [CMonitorResourceUsage::Init@47] Init begin.

2025-12-10 09:33:35.920 INFO  [5328] [GetDllFilePath@262] path[D:\Program Files\VMV4.4.0_240813\VM4.3.0_240813_setup\VisionMaster4.3.0\Applications\Server]

2025-12-10 09:33:35.920 INFO  [5328] [CMonitorResourceUsage::LoadCfgParam@449] Now resource monitor interval[5]

2025-12-10 09:33:35.920 INFO  [5328] [CMonitorResourceUsage::StartMonitorThread@90] StartMonitorThread begin.

2025-12-10 09:33:35.920 INFO  [5328] [CMonitorResourceUsage::StartMonitorThread@121] StartCheckThread end.

2025-12-10 09:33:35.920 INFO  [5328] [InitPluginInstance@39] InitPluginInstance - End

2025-12-10 09:33:35.921 INFO  [21000] [CMonitorResourceUsage::DoMonitorRes@176] DoMonitorResource begin.

2025-12-10 09:33:35.921 INFO  [21000] [CMonitorResourceUsage::SystemVersionMoreThanWin10@155] MajorVersion[6] MinorVersion[2], 6.2 is win10

2025-12-10 09:33:35.921 INFO  [21000] [CMonitorResourceUsage::DoMonitorRes@200] Do not check process resource

2025-12-10 09:33:36.905 INFO  [5328] [UnitPluginInstance@51] UnitPluginInstance - Begin

2025-12-10 09:33:36.905 INFO  [5328] [CMonitorResourceUsage::StopMonitorThead@132] StopMonitorThead begin.

2025-12-10 09:33:36.951 INFO  [21000] [CMonitorResourceUsage::DoMonitorRes@229] DoMonitorResource end, m_bExitMonitorThread is true

2025-12-10 09:33:36.952 INFO  [5328] [CMonitorResourceUsage::StopMonitorThead@145] StopMonitorThead end.

2025-12-10 09:33:36.952 INFO  [5328] [UnitPluginInstance@55] UnitPluginInstance - End

2025-12-10 10:27:59.108 INFO  [6600] [CAuthorization::Init@57] Init begin.

2025-12-10 10:27:59.108 INFO  [6600] [GetDllFilePath@262] path[D:\Program Files\VMV4.4.0_240813\VM4.3.0_240813_setup\VisionMaster4.3.0\Applications\Server]

2025-12-10 10:27:59.108 ERROR [6600] [CDongleV4::LoadCfgParam@363] Load auth name file fail, [D:\Program Files\VMV4.4.0_240813\VM4.3.0_240813_setup\VisionMaster4.3.0\Applications\Server\ServerAuthName.ini].

2025-12-10 10:27:59.114 ERROR [6600] [CDongleV4::GetLicenseWithState@412] MVIE_GetLicense return[-2]

2025-12-10 10:27:59.114 ERROR [6600] [CDongleV4::GetLicenseInfo@473] GetLicenseWithState fail.

2025-12-10 10:27:59.155 ERROR [6600] [CDongleV5::Login@70] MV_LoginLicense fail, dongle type[0](0:dongle, 2:soft lock, 3:remote dongle) ret[5], msg[There are no available local locks.]

2025-12-10 10:27:59.155 ERROR [6600] [CDongleV5::GetLicenseInfo@242] Login fail. nRet[e0000700]

2025-12-10 10:27:59.156 ERROR [6600] [CAuthorization::Init@110] Init MVIE_GetBurnParam failure.

2025-12-10 10:27:59.156 ERROR [6600] [CAuthorization::Init@115] Not found usable dongle

2025-12-10 10:27:59.156 INFO  [6600] [CAuthorization::StartCheckThread@208] StartCheckThread begin.

2025-12-10 10:27:59.156 INFO  [6600] [CAuthorization::StartCheckThread@234] StartCheckThread end.

2025-12-10 10:27:59.156 INFO  [6600] [CAuthorization::Init@119] Init end.

2025-12-10 10:27:59.156 INFO  [23804] [CAuthorization::DoAuthCheck@260] DoAuthCheck begin.

2025-12-10 10:27:59.157 ERROR [23804] [CDongleV4::GetLicenseWithState@412] MVIE_GetLicense return[-2]

2025-12-10 10:27:59.157 ERROR [23804] [CDongleV4::GetLicenseInfo@473] GetLicenseWithState fail.

2025-12-10 10:27:59.157 ERROR [23804] [CAuthorization::DoAuthCheck@273] Can not find v4 dongle

2025-12-10 10:27:59.163 ERROR [23804] [CDongleV5::Login@70] MV_LoginLicense fail, dongle type[0](0:dongle, 2:soft lock, 3:remote dongle) ret[5], msg[There are no available local locks.]

2025-12-10 10:27:59.163 ERROR [23804] [CDongleV5::GetLicenseInfo@242] Login fail. nRet[e0000700]

2025-12-10 10:27:59.164 ERROR [23804] [CAuthorization::DoAuthCheck@296] Can not find v5 dongle and smart camera

2025-12-10 10:28:00.175 INFO  [6600] [CAuthorization::StopCheckThead@245] StopCheckThead begin.

2025-12-10 10:28:00.175 INFO  [23804] [CAuthorization::DoAuthCheck@358] DoAuthCheck end.

2025-12-10 10:28:00.175 INFO  [6600] [CAuthorization::StopCheckThead@250] StopCheckThead end.

2025-12-10 10:28:00.175 INFO  [6600] [CAuthorization::Uninit@134] Uninit end

2025-12-10 10:27:59.160 INFO  [6600] [InitPluginInstance@33] InitPluginInstance - Begin

2025-12-10 10:27:59.160 INFO  [6600] [CMonitorResourceUsage::Init@47] Init begin.

2025-12-10 10:27:59.160 INFO  [6600] [GetDllFilePath@262] path[D:\Program Files\VMV4.4.0_240813\VM4.3.0_240813_setup\VisionMaster4.3.0\Applications\Server]

2025-12-10 10:27:59.161 INFO  [6600] [CMonitorResourceUsage::LoadCfgParam@449] Now resource monitor interval[5]

2025-12-10 10:27:59.161 INFO  [6600] [CMonitorResourceUsage::StartMonitorThread@90] StartMonitorThread begin.

2025-12-10 10:27:59.161 INFO  [6600] [CMonitorResourceUsage::StartMonitorThread@121] StartCheckThread end.

2025-12-10 10:27:59.161 INFO  [6600] [InitPluginInstance@39] InitPluginInstance - End

2025-12-10 10:27:59.162 INFO  [16620] [CMonitorResourceUsage::DoMonitorRes@176] DoMonitorResource begin.

2025-12-10 10:27:59.162 INFO  [16620] [CMonitorResourceUsage::SystemVersionMoreThanWin10@155] MajorVersion[6] MinorVersion[2], 6.2 is win10

2025-12-10 10:27:59.162 INFO  [16620] [CMonitorResourceUsage::DoMonitorRes@200] Do not check process resource

2025-12-10 10:28:00.176 INFO  [6600] [UnitPluginInstance@51] UnitPluginInstance - Begin

2025-12-10 10:28:00.176 INFO  [6600] [CMonitorResourceUsage::StopMonitorThead@132] StopMonitorThead begin.

2025-12-10 10:28:00.204 INFO  [16620] [CMonitorResourceUsage::DoMonitorRes@229] DoMonitorResource end, m_bExitMonitorThread is true

2025-12-10 10:28:00.205 INFO  [6600] [CMonitorResourceUsage::StopMonitorThead@145] StopMonitorThead end.

2025-12-10 10:28:00.205 INFO  [6600] [UnitPluginInstance@55] UnitPluginInstance - End

2025-12-10 16:23:49.724 INFO  [19452] [CAuthorization::Init@57] Init begin.

2025-12-10 16:23:49.724 INFO  [19452] [GetDllFilePath@262] path[D:\Program Files\VMV4.4.0_240813\VM4.3.0_240813_setup\VisionMaster4.3.0\Applications\Server]

2025-12-10 16:23:49.724 ERROR [19452] [CDongleV4::LoadCfgParam@363] Load auth name file fail, [D:\Program Files\VMV4.4.0_240813\VM4.3.0_240813_setup\VisionMaster4.3.0\Applications\Server\ServerAuthName.ini].

2025-12-10 16:23:49.730 ERROR [19452] [CDongleV4::GetLicenseWithState@412] MVIE_GetLicense return[-2]

2025-12-10 16:23:49.730 ERROR [19452] [CDongleV4::GetLicenseInfo@473] GetLicenseWithState fail.

2025-12-10 16:23:49.788 ERROR [19452] [CDongleV5::Login@70] MV_LoginLicense fail, dongle type[0](0:dongle, 2:soft lock, 3:remote dongle) ret[5], msg[There are no available local locks.]

2025-12-10 16:23:49.788 ERROR [19452] [CDongleV5::GetLicenseInfo@242] Login fail. nRet[e0000700]

2025-12-10 16:23:49.789 ERROR [19452] [CAuthorization::Init@110] Init MVIE_GetBurnParam failure.

2025-12-10 16:23:49.789 ERROR [19452] [CAuthorization::Init@115] Not found usable dongle

2025-12-10 16:23:49.789 INFO  [19452] [CAuthorization::StartCheckThread@208] StartCheckThread begin.

2025-12-10 16:23:49.789 INFO  [19452] [CAuthorization::StartCheckThread@234] StartCheckThread end.

2025-12-10 16:23:49.789 INFO  [19452] [CAuthorization::Init@119] Init end.

2025-12-10 16:23:49.790 INFO  [26764] [CAuthorization::DoAuthCheck@260] DoAuthCheck begin.

2025-12-10 16:23:49.792 ERROR [26764] [CDongleV4::GetLicenseWithState@412] MVIE_GetLicense return[-2]

2025-12-10 16:23:49.792 ERROR [26764] [CDongleV4::GetLicenseInfo@473] GetLicenseWithState fail.

2025-12-10 16:23:49.792 ERROR [26764] [CAuthorization::DoAuthCheck@273] Can not find v4 dongle

2025-12-10 16:23:49.797 ERROR [26764] [CDongleV5::Login@70] MV_LoginLicense fail, dongle type[0](0:dongle, 2:soft lock, 3:remote dongle) ret[5], msg[There are no available local locks.]

2025-12-10 16:23:49.797 ERROR [26764] [CDongleV5::GetLicenseInfo@242] Login fail. nRet[e0000700]

2025-12-10 16:23:49.798 ERROR [26764] [CAuthorization::DoAuthCheck@296] Can not find v5 dongle and smart camera

2025-12-10 16:23:51.633 INFO  [19452] [CAuthorization::StopCheckThead@245] StopCheckThead begin.

2025-12-10 16:23:51.633 INFO  [26764] [CAuthorization::DoAuthCheck@358] DoAuthCheck end.

2025-12-10 16:23:51.634 INFO  [19452] [CAuthorization::StopCheckThead@250] StopCheckThead end.

2025-12-10 16:23:51.634 INFO  [19452] [CAuthorization::Uninit@134] Uninit end

2025-12-10 16:23:49.794 INFO  [19452] [InitPluginInstance@33] InitPluginInstance - Begin

2025-12-10 16:23:49.794 INFO  [19452] [CMonitorResourceUsage::Init@47] Init begin.

2025-12-10 16:23:49.794 INFO  [19452] [GetDllFilePath@262] path[D:\Program Files\VMV4.4.0_240813\VM4.3.0_240813_setup\VisionMaster4.3.0\Applications\Server]

2025-12-10 16:23:49.795 INFO  [19452] [CMonitorResourceUsage::LoadCfgParam@449] Now resource monitor interval[5]

2025-12-10 16:23:49.795 INFO  [19452] [CMonitorResourceUsage::StartMonitorThread@90] StartMonitorThread begin.

2025-12-10 16:23:49.795 INFO  [19452] [CMonitorResourceUsage::StartMonitorThread@121] StartCheckThread end.

2025-12-10 16:23:49.795 INFO  [19452] [InitPluginInstance@39] InitPluginInstance - End

2025-12-10 16:23:49.796 INFO  [6352] [CMonitorResourceUsage::DoMonitorRes@176] DoMonitorResource begin.

2025-12-10 16:23:49.796 INFO  [6352] [CMonitorResourceUsage::SystemVersionMoreThanWin10@155] MajorVersion[6] MinorVersion[2], 6.2 is win10

2025-12-10 16:23:49.796 INFO  [6352] [CMonitorResourceUsage::DoMonitorRes@200] Do not check process resource

2025-12-10 16:23:51.262 INFO  [6352] [CMonitorResourceUsage::DoMonitorRes@264] DoMonitorResource memoryUsage[45] CPU[99] DiskFreeMB[126900].

2025-12-10 16:23:51.635 INFO  [19452] [UnitPluginInstance@51] UnitPluginInstance - Begin

2025-12-10 16:23:51.635 INFO  [19452] [CMonitorResourceUsage::StopMonitorThead@132] StopMonitorThead begin.

2025-12-10 16:23:51.671 INFO  [6352] [CMonitorResourceUsage::DoMonitorRes@229] DoMonitorResource end, m_bExitMonitorThread is true

2025-12-10 16:23:51.672 INFO  [19452] [CMonitorResourceUsage::StopMonitorThead@145] StopMonitorThead end.

2025-12-10 16:23:51.672 INFO  [19452] [UnitPluginInstance@55] UnitPluginInstance - End

2025-12-10 16:31:01.698 INFO  [22160] [CAuthorization::Init@57] Init begin.

2025-12-10 16:31:01.698 INFO  [22160] [GetDllFilePath@262] path[D:\Program Files\VMV4.4.0_240813\VM4.3.0_240813_setup\VisionMaster4.3.0\Applications\Server]

2025-12-10 16:31:01.699 ERROR [22160] [CDongleV4::LoadCfgParam@363] Load auth name file fail, [D:\Program Files\VMV4.4.0_240813\VM4.3.0_240813_setup\VisionMaster4.3.0\Applications\Server\ServerAuthName.ini].

2025-12-10 16:31:01.708 ERROR [22160] [CDongleV4::GetLicenseWithState@412] MVIE_GetLicense return[-2]

2025-12-10 16:31:01.708 ERROR [22160] [CDongleV4::GetLicenseInfo@473] GetLicenseWithState fail.

2025-12-10 16:31:01.752 ERROR [22160] [CDongleV5::Login@70] MV_LoginLicense fail, dongle type[0](0:dongle, 2:soft lock, 3:remote dongle) ret[5], msg[There are no available local locks.]

2025-12-10 16:31:01.752 ERROR [22160] [CDongleV5::GetLicenseInfo@242] Login fail. nRet[e0000700]

2025-12-10 16:31:01.753 ERROR [22160] [CAuthorization::Init@110] Init MVIE_GetBurnParam failure.

2025-12-10 16:31:01.753 ERROR [22160] [CAuthorization::Init@115] Not found usable dongle

2025-12-10 16:31:01.753 INFO  [22160] [CAuthorization::StartCheckThread@208] StartCheckThread begin.

2025-12-10 16:31:01.753 INFO  [22160] [CAuthorization::StartCheckThread@234] StartCheckThread end.

2025-12-10 16:31:01.753 INFO  [22160] [CAuthorization::Init@119] Init end.

2025-12-10 16:31:01.753 INFO  [25516] [CAuthorization::DoAuthCheck@260] DoAuthCheck begin.

2025-12-10 16:31:01.754 ERROR [25516] [CDongleV4::GetLicenseWithState@412] MVIE_GetLicense return[-2]

2025-12-10 16:31:01.754 ERROR [25516] [CDongleV4::GetLicenseInfo@473] GetLicenseWithState fail.

2025-12-10 16:31:01.754 ERROR [25516] [CAuthorization::DoAuthCheck@273] Can not find v4 dongle

2025-12-10 16:31:01.760 ERROR [25516] [CDongleV5::Login@70] MV_LoginLicense fail, dongle type[0](0:dongle, 2:soft lock, 3:remote dongle) ret[5], msg[There are no available local locks.]

2025-12-10 16:31:01.760 ERROR [25516] [CDongleV5::GetLicenseInfo@242] Login fail. nRet[e0000700]

2025-12-10 16:31:01.760 ERROR [25516] [CAuthorization::DoAuthCheck@296] Can not find v5 dongle and smart camera

2025-12-10 16:31:02.759 INFO  [22160] [CAuthorization::StopCheckThead@245] StopCheckThead begin.

2025-12-10 16:31:02.759 INFO  [25516] [CAuthorization::DoAuthCheck@358] DoAuthCheck end.

2025-12-10 16:31:02.760 INFO  [22160] [CAuthorization::StopCheckThead@250] StopCheckThead end.

2025-12-10 16:31:02.760 INFO  [22160] [CAuthorization::Uninit@134] Uninit end

2025-12-10 16:31:01.757 INFO  [22160] [InitPluginInstance@33] InitPluginInstance - Begin

2025-12-10 16:31:01.757 INFO  [22160] [CMonitorResourceUsage::Init@47] Init begin.

2025-12-10 16:31:01.757 INFO  [22160] [GetDllFilePath@262] path[D:\Program Files\VMV4.4.0_240813\VM4.3.0_240813_setup\VisionMaster4.3.0\Applications\Server]

2025-12-10 16:31:01.757 INFO  [22160] [CMonitorResourceUsage::LoadCfgParam@449] Now resource monitor interval[5]

2025-12-10 16:31:01.757 INFO  [22160] [CMonitorResourceUsage::StartMonitorThread@90] StartMonitorThread begin.

2025-12-10 16:31:01.757 INFO  [22160] [CMonitorResourceUsage::StartMonitorThread@121] StartCheckThread end.

2025-12-10 16:31:01.757 INFO  [22160] [InitPluginInstance@39] InitPluginInstance - End

2025-12-10 16:31:01.758 INFO  [3872] [CMonitorResourceUsage::DoMonitorRes@176] DoMonitorResource begin.

2025-12-10 16:31:01.758 INFO  [3872] [CMonitorResourceUsage::SystemVersionMoreThanWin10@155] MajorVersion[6] MinorVersion[2], 6.2 is win10

2025-12-10 16:31:01.758 INFO  [3872] [CMonitorResourceUsage::DoMonitorRes@200] Do not check process resource

2025-12-10 16:31:02.760 INFO  [22160] [UnitPluginInstance@51] UnitPluginInstance - Begin

2025-12-10 16:31:02.760 INFO  [22160] [CMonitorResourceUsage::StopMonitorThead@132] StopMonitorThead begin.

2025-12-10 16:31:02.799 INFO  [3872] [CMonitorResourceUsage::DoMonitorRes@229] DoMonitorResource end, m_bExitMonitorThread is true

2025-12-10 16:31:02.799 INFO  [22160] [CMonitorResourceUsage::StopMonitorThead@145] StopMonitorThead end.

2025-12-10 16:31:02.799 INFO  [22160] [UnitPluginInstance@55] UnitPluginInstance - End

2025-12-10 16:43:55.690 INFO  [2040] [CAuthorization::Init@57] Init begin.

2025-12-10 16:43:55.690 INFO  [2040] [GetDllFilePath@262] path[D:\Program Files\VMV4.4.0_240813\VM4.3.0_240813_setup\VisionMaster4.3.0\Applications\Server]

2025-12-10 16:43:55.690 ERROR [2040] [CDongleV4::LoadCfgParam@363] Load auth name file fail, [D:\Program Files\VMV4.4.0_240813\VM4.3.0_240813_setup\VisionMaster4.3.0\Applications\Server\ServerAuthName.ini].

2025-12-10 16:43:55.698 ERROR [2040] [CDongleV4::GetLicenseWithState@412] MVIE_GetLicense return[-2]

2025-12-10 16:43:55.698 ERROR [2040] [CDongleV4::GetLicenseInfo@473] GetLicenseWithState fail.

2025-12-10 16:43:55.739 ERROR [2040] [CDongleV5::Login@70] MV_LoginLicense fail, dongle type[0](0:dongle, 2:soft lock, 3:remote dongle) ret[5], msg[There are no available local locks.]

2025-12-10 16:43:55.739 ERROR [2040] [CDongleV5::GetLicenseInfo@242] Login fail. nRet[e0000700]

2025-12-10 16:43:55.739 ERROR [2040] [CAuthorization::Init@110] Init MVIE_GetBurnParam failure.

2025-12-10 16:43:55.739 ERROR [2040] [CAuthorization::Init@115] Not found usable dongle

2025-12-10 16:43:55.739 INFO  [2040] [CAuthorization::StartCheckThread@208] StartCheckThread begin.

2025-12-10 16:43:55.739 INFO  [2040] [CAuthorization::StartCheckThread@234] StartCheckThread end.

2025-12-10 16:43:55.739 INFO  [2040] [CAuthorization::Init@119] Init end.

2025-12-10 16:43:55.740 INFO  [27936] [CAuthorization::DoAuthCheck@260] DoAuthCheck begin.

2025-12-10 16:43:55.741 ERROR [27936] [CDongleV4::GetLicenseWithState@412] MVIE_GetLicense return[-2]

2025-12-10 16:43:55.741 ERROR [27936] [CDongleV4::GetLicenseInfo@473] GetLicenseWithState fail.

2025-12-10 16:43:55.741 ERROR [27936] [CAuthorization::DoAuthCheck@273] Can not find v4 dongle

2025-12-10 16:43:55.746 ERROR [27936] [CDongleV5::Login@70] MV_LoginLicense fail, dongle type[0](0:dongle, 2:soft lock, 3:remote dongle) ret[5], msg[There are no available local locks.]

2025-12-10 16:43:55.746 ERROR [27936] [CDongleV5::GetLicenseInfo@242] Login fail. nRet[e0000700]

2025-12-10 16:43:55.746 ERROR [27936] [CAuthorization::DoAuthCheck@296] Can not find v5 dongle and smart camera

2025-12-10 16:43:56.697 INFO  [2040] [CAuthorization::StopCheckThead@245] StopCheckThead begin.

2025-12-10 16:43:56.697 INFO  [27936] [CAuthorization::DoAuthCheck@358] DoAuthCheck end.

2025-12-10 16:43:56.698 INFO  [2040] [CAuthorization::StopCheckThead@250] StopCheckThead end.

2025-12-10 16:43:56.698 INFO  [2040] [CAuthorization::Uninit@134] Uninit end

2025-12-10 16:43:55.743 INFO  [2040] [InitPluginInstance@33] InitPluginInstance - Begin

2025-12-10 16:43:55.743 INFO  [2040] [CMonitorResourceUsage::Init@47] Init begin.

2025-12-10 16:43:55.743 INFO  [2040] [GetDllFilePath@262] path[D:\Program Files\VMV4.4.0_240813\VM4.3.0_240813_setup\VisionMaster4.3.0\Applications\Server]

2025-12-10 16:43:55.743 INFO  [2040] [CMonitorResourceUsage::LoadCfgParam@449] Now resource monitor interval[5]

2025-12-10 16:43:55.743 INFO  [2040] [CMonitorResourceUsage::StartMonitorThread@90] StartMonitorThread begin.

2025-12-10 16:43:55.743 INFO  [2040] [CMonitorResourceUsage::StartMonitorThread@121] StartCheckThread end.

2025-12-10 16:43:55.743 INFO  [2040] [InitPluginInstance@39] InitPluginInstance - End

2025-12-10 16:43:55.744 INFO  [29036] [CMonitorResourceUsage::DoMonitorRes@176] DoMonitorResource begin.

2025-12-10 16:43:55.744 INFO  [29036] [CMonitorResourceUsage::SystemVersionMoreThanWin10@155] MajorVersion[6] MinorVersion[2], 6.2 is win10

2025-12-10 16:43:55.744 INFO  [29036] [CMonitorResourceUsage::DoMonitorRes@200] Do not check process resource

2025-12-10 16:43:56.698 INFO  [2040] [UnitPluginInstance@51] UnitPluginInstance - Begin

2025-12-10 16:43:56.698 INFO  [2040] [CMonitorResourceUsage::StopMonitorThead@132] StopMonitorThead begin.

2025-12-10 16:43:56.747 INFO  [29036] [CMonitorResourceUsage::DoMonitorRes@229] DoMonitorResource end, m_bExitMonitorThread is true

2025-12-10 16:43:56.747 INFO  [2040] [CMonitorResourceUsage::StopMonitorThead@145] StopMonitorThead end.

2025-12-10 16:43:56.747 INFO  [2040] [UnitPluginInstance@55] UnitPluginInstance - End

2025-12-10 16:58:41.079 INFO  [10764] [CAuthorization::Init@57] Init begin.

2025-12-10 16:58:41.079 INFO  [10764] [GetDllFilePath@262] path[D:\Program Files\VMV4.4.0_240813\VM4.3.0_240813_setup\VisionMaster4.3.0\Applications\Server]

2025-12-10 16:58:41.079 ERROR [10764] [CDongleV4::LoadCfgParam@363] Load auth name file fail, [D:\Program Files\VMV4.4.0_240813\VM4.3.0_240813_setup\VisionMaster4.3.0\Applications\Server\ServerAuthName.ini].

2025-12-10 16:58:41.087 ERROR [10764] [CDongleV4::GetLicenseWithState@412] MVIE_GetLicense return[-2]

2025-12-10 16:58:41.087 ERROR [10764] [CDongleV4::GetLicenseInfo@473] GetLicenseWithState fail.

2025-12-10 16:58:41.126 ERROR [10764] [CDongleV5::Login@70] MV_LoginLicense fail, dongle type[0](0:dongle, 2:soft lock, 3:remote dongle) ret[5], msg[There are no available local locks.]

2025-12-10 16:58:41.126 ERROR [10764] [CDongleV5::GetLicenseInfo@242] Login fail. nRet[e0000700]

2025-12-10 16:58:41.127 ERROR [10764] [CAuthorization::Init@110] Init MVIE_GetBurnParam failure.

2025-12-10 16:58:41.127 ERROR [10764] [CAuthorization::Init@115] Not found usable dongle

2025-12-10 16:58:41.127 INFO  [10764] [CAuthorization::StartCheckThread@208] StartCheckThread begin.

2025-12-10 16:58:41.127 INFO  [10764] [CAuthorization::StartCheckThread@234] StartCheckThread end.

2025-12-10 16:58:41.127 INFO  [10764] [CAuthorization::Init@119] Init end.

2025-12-10 16:58:41.127 INFO  [7156] [CAuthorization::DoAuthCheck@260] DoAuthCheck begin.

2025-12-10 16:58:41.128 ERROR [7156] [CDongleV4::GetLicenseWithState@412] MVIE_GetLicense return[-2]

2025-12-10 16:58:41.128 ERROR [7156] [CDongleV4::GetLicenseInfo@473] GetLicenseWithState fail.

2025-12-10 16:58:41.128 ERROR [7156] [CAuthorization::DoAuthCheck@273] Can not find v4 dongle

2025-12-10 16:58:41.133 ERROR [7156] [CDongleV5::Login@70] MV_LoginLicense fail, dongle type[0](0:dongle, 2:soft lock, 3:remote dongle) ret[5], msg[There are no available local locks.]

2025-12-10 16:58:41.133 ERROR [7156] [CDongleV5::GetLicenseInfo@242] Login fail. nRet[e0000700]

2025-12-10 16:58:41.134 ERROR [7156] [CAuthorization::DoAuthCheck@296] Can not find v5 dongle and smart camera

2025-12-10 16:58:42.107 INFO  [10764] [CAuthorization::StopCheckThead@245] StopCheckThead begin.

2025-12-10 16:58:42.107 INFO  [7156] [CAuthorization::DoAuthCheck@358] DoAuthCheck end.

2025-12-10 16:58:42.107 INFO  [10764] [CAuthorization::StopCheckThead@250] StopCheckThead end.

2025-12-10 16:58:42.107 INFO  [10764] [CAuthorization::Uninit@134] Uninit end

2025-12-10 16:58:41.130 INFO  [10764] [InitPluginInstance@33] InitPluginInstance - Begin

2025-12-10 16:58:41.130 INFO  [10764] [CMonitorResourceUsage::Init@47] Init begin.

2025-12-10 16:58:41.131 INFO  [10764] [GetDllFilePath@262] path[D:\Program Files\VMV4.4.0_240813\VM4.3.0_240813_setup\VisionMaster4.3.0\Applications\Server]

2025-12-10 16:58:41.131 INFO  [10764] [CMonitorResourceUsage::LoadCfgParam@449] Now resource monitor interval[5]

2025-12-10 16:58:41.131 INFO  [10764] [CMonitorResourceUsage::StartMonitorThread@90] StartMonitorThread begin.

2025-12-10 16:58:41.131 INFO  [10764] [CMonitorResourceUsage::StartMonitorThread@121] StartCheckThread end.

2025-12-10 16:58:41.131 INFO  [10764] [InitPluginInstance@39] InitPluginInstance - End

2025-12-10 16:58:41.132 INFO  [29364] [CMonitorResourceUsage::DoMonitorRes@176] DoMonitorResource begin.

2025-12-10 16:58:41.132 INFO  [29364] [CMonitorResourceUsage::SystemVersionMoreThanWin10@155] MajorVersion[6] MinorVersion[2], 6.2 is win10

2025-12-10 16:58:41.132 INFO  [29364] [CMonitorResourceUsage::DoMonitorRes@200] Do not check process resource

2025-12-10 16:58:42.108 INFO  [10764] [UnitPluginInstance@51] UnitPluginInstance - Begin

2025-12-10 16:58:42.108 INFO  [10764] [CMonitorResourceUsage::StopMonitorThead@132] StopMonitorThead begin.

2025-12-10 16:58:42.113 INFO  [29364] [CMonitorResourceUsage::DoMonitorRes@229] DoMonitorResource end, m_bExitMonitorThread is true

2025-12-10 16:58:42.114 INFO  [10764] [CMonitorResourceUsage::StopMonitorThead@145] StopMonitorThead end.

2025-12-10 16:58:42.114 INFO  [10764] [UnitPluginInstance@55] UnitPluginInstance - End

2025-12-10 16:59:39.085 INFO  [17608] [CAuthorization::Init@57] Init begin.

2025-12-10 16:59:39.085 INFO  [17608] [GetDllFilePath@262] path[D:\Program Files\VMV4.4.0_240813\VM4.3.0_240813_setup\VisionMaster4.3.0\Applications\Server]

2025-12-10 16:59:39.085 ERROR [17608] [CDongleV4::LoadCfgParam@363] Load auth name file fail, [D:\Program Files\VMV4.4.0_240813\VM4.3.0_240813_setup\VisionMaster4.3.0\Applications\Server\ServerAuthName.ini].

2025-12-10 16:59:39.095 ERROR [17608] [CDongleV4::GetLicenseWithState@412] MVIE_GetLicense return[-2]

2025-12-10 16:59:39.095 ERROR [17608] [CDongleV4::GetLicenseInfo@473] GetLicenseWithState fail.

2025-12-10 16:59:39.146 ERROR [17608] [CDongleV5::Login@70] MV_LoginLicense fail, dongle type[0](0:dongle, 2:soft lock, 3:remote dongle) ret[5], msg[There are no available local locks.]

2025-12-10 16:59:39.146 ERROR [17608] [CDongleV5::GetLicenseInfo@242] Login fail. nRet[e0000700]

2025-12-10 16:59:39.146 ERROR [17608] [CAuthorization::Init@110] Init MVIE_GetBurnParam failure.

2025-12-10 16:59:39.146 ERROR [17608] [CAuthorization::Init@115] Not found usable dongle

2025-12-10 16:59:39.146 INFO  [17608] [CAuthorization::StartCheckThread@208] StartCheckThread begin.

2025-12-10 16:59:39.147 INFO  [17608] [CAuthorization::StartCheckThread@234] StartCheckThread end.

2025-12-10 16:59:39.147 INFO  [17608] [CAuthorization::Init@119] Init end.

2025-12-10 16:59:39.147 INFO  [21652] [CAuthorization::DoAuthCheck@260] DoAuthCheck begin.

2025-12-10 16:59:39.148 ERROR [21652] [CDongleV4::GetLicenseWithState@412] MVIE_GetLicense return[-2]

2025-12-10 16:59:39.148 ERROR [21652] [CDongleV4::GetLicenseInfo@473] GetLicenseWithState fail.

2025-12-10 16:59:39.148 ERROR [21652] [CAuthorization::DoAuthCheck@273] Can not find v4 dongle

2025-12-10 16:59:39.152 ERROR [21652] [CDongleV5::Login@70] MV_LoginLicense fail, dongle type[0](0:dongle, 2:soft lock, 3:remote dongle) ret[5], msg[There are no available local locks.]

2025-12-10 16:59:39.152 ERROR [21652] [CDongleV5::GetLicenseInfo@242] Login fail. nRet[e0000700]

2025-12-10 16:59:39.153 ERROR [21652] [CAuthorization::DoAuthCheck@296] Can not find v5 dongle and smart camera

2025-12-10 16:59:40.104 INFO  [17608] [CAuthorization::StopCheckThead@245] StopCheckThead begin.

2025-12-10 16:59:40.104 INFO  [21652] [CAuthorization::DoAuthCheck@358] DoAuthCheck end.

2025-12-10 16:59:40.104 INFO  [17608] [CAuthorization::StopCheckThead@250] StopCheckThead end.

2025-12-10 16:59:40.104 INFO  [17608] [CAuthorization::Uninit@134] Uninit end

2025-12-10 16:59:39.150 INFO  [17608] [InitPluginInstance@33] InitPluginInstance - Begin

2025-12-10 16:59:39.150 INFO  [17608] [CMonitorResourceUsage::Init@47] Init begin.

2025-12-10 16:59:39.150 INFO  [17608] [GetDllFilePath@262] path[D:\Program Files\VMV4.4.0_240813\VM4.3.0_240813_setup\VisionMaster4.3.0\Applications\Server]

2025-12-10 16:59:39.151 INFO  [17608] [CMonitorResourceUsage::LoadCfgParam@449] Now resource monitor interval[5]

2025-12-10 16:59:39.151 INFO  [17608] [CMonitorResourceUsage::StartMonitorThread@90] StartMonitorThread begin.

2025-12-10 16:59:39.151 INFO  [17608] [CMonitorResourceUsage::StartMonitorThread@121] StartCheckThread end.

2025-12-10 16:59:39.151 INFO  [17608] [InitPluginInstance@39] InitPluginInstance - End

2025-12-10 16:59:39.152 INFO  [21916] [CMonitorResourceUsage::DoMonitorRes@176] DoMonitorResource begin.

2025-12-10 16:59:39.152 INFO  [21916] [CMonitorResourceUsage::SystemVersionMoreThanWin10@155] MajorVersion[6] MinorVersion[2], 6.2 is win10

2025-12-10 16:59:39.152 INFO  [21916] [CMonitorResourceUsage::DoMonitorRes@200] Do not check process resource

2025-12-10 16:59:40.104 INFO  [17608] [UnitPluginInstance@51] UnitPluginInstance - Begin

2025-12-10 16:59:40.104 INFO  [17608] [CMonitorResourceUsage::StopMonitorThead@132] StopMonitorThead begin.

2025-12-10 16:59:40.140 INFO  [21916] [CMonitorResourceUsage::DoMonitorRes@229] DoMonitorResource end, m_bExitMonitorThread is true

2025-12-10 16:59:40.141 INFO  [17608] [CMonitorResourceUsage::StopMonitorThead@145] StopMonitorThead end.

2025-12-10 16:59:40.141 INFO  [17608] [UnitPluginInstance@55] UnitPluginInstance - End

2025-12-11 09:18:35.465 INFO  [18028] [CAuthorization::Init@57] Init begin.

2025-12-11 09:18:35.465 INFO  [18028] [GetDllFilePath@262] path[D:\Program Files\VMV4.4.0_240813\VM4.3.0_240813_setup\VisionMaster4.3.0\Applications\Server]

2025-12-11 09:18:35.465 ERROR [18028] [CDongleV4::LoadCfgParam@363] Load auth name file fail, [D:\Program Files\VMV4.4.0_240813\VM4.3.0_240813_setup\VisionMaster4.3.0\Applications\Server\ServerAuthName.ini].

2025-12-11 09:18:35.471 ERROR [18028] [CDongleV4::GetLicenseWithState@412] MVIE_GetLicense return[-2]

2025-12-11 09:18:35.471 ERROR [18028] [CDongleV4::GetLicenseInfo@473] GetLicenseWithState fail.

2025-12-11 09:18:35.514 ERROR [18028] [CDongleV5::Login@70] MV_LoginLicense fail, dongle type[0](0:dongle, 2:soft lock, 3:remote dongle) ret[5], msg[There are no available local locks.]

2025-12-11 09:18:35.514 ERROR [18028] [CDongleV5::GetLicenseInfo@242] Login fail. nRet[e0000700]

2025-12-11 09:18:35.515 ERROR [18028] [CAuthorization::Init@110] Init MVIE_GetBurnParam failure.

2025-12-11 09:18:35.515 ERROR [18028] [CAuthorization::Init@115] Not found usable dongle

2025-12-11 09:18:35.515 INFO  [18028] [CAuthorization::StartCheckThread@208] StartCheckThread begin.

2025-12-11 09:18:35.515 INFO  [18028] [CAuthorization::StartCheckThread@234] StartCheckThread end.

2025-12-11 09:18:35.515 INFO  [18028] [CAuthorization::Init@119] Init end.

2025-12-11 09:18:35.517 INFO  [29204] [CAuthorization::DoAuthCheck@260] DoAuthCheck begin.

2025-12-11 09:18:35.519 ERROR [29204] [CDongleV4::GetLicenseWithState@412] MVIE_GetLicense return[-2]

2025-12-11 09:18:35.519 ERROR [29204] [CDongleV4::GetLicenseInfo@473] GetLicenseWithState fail.

2025-12-11 09:18:35.519 ERROR [29204] [CAuthorization::DoAuthCheck@273] Can not find v4 dongle

2025-12-11 09:18:35.523 ERROR [29204] [CDongleV5::Login@70] MV_LoginLicense fail, dongle type[0](0:dongle, 2:soft lock, 3:remote dongle) ret[5], msg[There are no available local locks.]

2025-12-11 09:18:35.523 ERROR [29204] [CDongleV5::GetLicenseInfo@242] Login fail. nRet[e0000700]

2025-12-11 09:18:35.524 ERROR [29204] [CAuthorization::DoAuthCheck@296] Can not find v5 dongle and smart camera

2025-12-11 09:18:36.821 INFO  [18028] [CAuthorization::StopCheckThead@245] StopCheckThead begin.

2025-12-11 09:18:36.821 INFO  [29204] [CAuthorization::DoAuthCheck@358] DoAuthCheck end.

2025-12-11 09:18:36.821 INFO  [18028] [CAuthorization::StopCheckThead@250] StopCheckThead end.

2025-12-11 09:18:36.821 INFO  [18028] [CAuthorization::Uninit@134] Uninit end

2025-12-11 09:18:35.519 INFO  [18028] [InitPluginInstance@33] InitPluginInstance - Begin

2025-12-11 09:18:35.519 INFO  [18028] [CMonitorResourceUsage::Init@47] Init begin.

2025-12-11 09:18:35.519 INFO  [18028] [GetDllFilePath@262] path[D:\Program Files\VMV4.4.0_240813\VM4.3.0_240813_setup\VisionMaster4.3.0\Applications\Server]

2025-12-11 09:18:35.519 INFO  [18028] [CMonitorResourceUsage::LoadCfgParam@449] Now resource monitor interval[5]

2025-12-11 09:18:35.519 INFO  [18028] [CMonitorResourceUsage::StartMonitorThread@90] StartMonitorThread begin.

2025-12-11 09:18:35.519 INFO  [18028] [CMonitorResourceUsage::StartMonitorThread@121] StartCheckThread end.

2025-12-11 09:18:35.519 INFO  [18028] [InitPluginInstance@39] InitPluginInstance - End

2025-12-11 09:18:35.524 INFO  [19240] [CMonitorResourceUsage::DoMonitorRes@176] DoMonitorResource begin.

2025-12-11 09:18:35.524 INFO  [19240] [CMonitorResourceUsage::SystemVersionMoreThanWin10@155] MajorVersion[6] MinorVersion[2], 6.2 is win10

2025-12-11 09:18:35.524 INFO  [19240] [CMonitorResourceUsage::DoMonitorRes@200] Do not check process resource

2025-12-11 09:18:36.822 INFO  [18028] [UnitPluginInstance@51] UnitPluginInstance - Begin

2025-12-11 09:18:36.822 INFO  [18028] [CMonitorResourceUsage::StopMonitorThead@132] StopMonitorThead begin.

2025-12-11 09:18:36.870 INFO  [19240] [CMonitorResourceUsage::DoMonitorRes@229] DoMonitorResource end, m_bExitMonitorThread is true

2025-12-11 09:18:36.870 INFO  [18028] [CMonitorResourceUsage::StopMonitorThead@145] StopMonitorThead end.

2025-12-11 09:18:36.870 INFO  [18028] [UnitPluginInstance@55] UnitPluginInstance - End

2025-12-11 11:47:31.544 INFO  [10984] [CAuthorization::Init@57] Init begin.

2025-12-11 11:47:31.544 INFO  [10984] [GetDllFilePath@262] path[D:\Program Files\VMV4.4.0_240813\VM4.3.0_240813_setup\VisionMaster4.3.0\Applications\Server]

2025-12-11 11:47:31.544 ERROR [10984] [CDongleV4::LoadCfgParam@363] Load auth name file fail, [D:\Program Files\VMV4.4.0_240813\VM4.3.0_240813_setup\VisionMaster4.3.0\Applications\Server\ServerAuthName.ini].

2025-12-11 11:47:31.554 ERROR [10984] [CDongleV4::GetLicenseWithState@412] MVIE_GetLicense return[-2]

2025-12-11 11:47:31.554 ERROR [10984] [CDongleV4::GetLicenseInfo@473] GetLicenseWithState fail.

2025-12-11 11:47:31.593 ERROR [10984] [CDongleV5::Login@70] MV_LoginLicense fail, dongle type[0](0:dongle, 2:soft lock, 3:remote dongle) ret[5], msg[There are no available local locks.]

2025-12-11 11:47:31.593 ERROR [10984] [CDongleV5::GetLicenseInfo@242] Login fail. nRet[e0000700]

2025-12-11 11:47:31.594 ERROR [10984] [CAuthorization::Init@110] Init MVIE_GetBurnParam failure.

2025-12-11 11:47:31.594 ERROR [10984] [CAuthorization::Init@115] Not found usable dongle

2025-12-11 11:47:31.594 INFO  [10984] [CAuthorization::StartCheckThread@208] StartCheckThread begin.

2025-12-11 11:47:31.594 INFO  [10984] [CAuthorization::StartCheckThread@234] StartCheckThread end.

2025-12-11 11:47:31.594 INFO  [10984] [CAuthorization::Init@119] Init end.

2025-12-11 11:47:31.595 INFO  [28540] [CAuthorization::DoAuthCheck@260] DoAuthCheck begin.

2025-12-11 11:47:31.596 ERROR [28540] [CDongleV4::GetLicenseWithState@412] MVIE_GetLicense return[-2]

2025-12-11 11:47:31.596 ERROR [28540] [CDongleV4::GetLicenseInfo@473] GetLicenseWithState fail.

2025-12-11 11:47:31.596 ERROR [28540] [CAuthorization::DoAuthCheck@273] Can not find v4 dongle

2025-12-11 11:47:31.601 ERROR [28540] [CDongleV5::Login@70] MV_LoginLicense fail, dongle type[0](0:dongle, 2:soft lock, 3:remote dongle) ret[5], msg[There are no available local locks.]

2025-12-11 11:47:31.601 ERROR [28540] [CDongleV5::GetLicenseInfo@242] Login fail. nRet[e0000700]

2025-12-11 11:47:31.602 ERROR [28540] [CAuthorization::DoAuthCheck@296] Can not find v5 dongle and smart camera

2025-12-11 11:47:32.577 INFO  [10984] [CAuthorization::StopCheckThead@245] StopCheckThead begin.

2025-12-11 11:47:32.577 INFO  [28540] [CAuthorization::DoAuthCheck@358] DoAuthCheck end.

2025-12-11 11:47:32.578 INFO  [10984] [CAuthorization::StopCheckThead@250] StopCheckThead end.

2025-12-11 11:47:32.578 INFO  [10984] [CAuthorization::Uninit@134] Uninit end

2025-12-11 11:47:31.599 INFO  [10984] [InitPluginInstance@33] InitPluginInstance - Begin

2025-12-11 11:47:31.599 INFO  [10984] [CMonitorResourceUsage::Init@47] Init begin.

2025-12-11 11:47:31.599 INFO  [10984] [GetDllFilePath@262] path[D:\Program Files\VMV4.4.0_240813\VM4.3.0_240813_setup\VisionMaster4.3.0\Applications\Server]

2025-12-11 11:47:31.599 INFO  [10984] [CMonitorResourceUsage::LoadCfgParam@449] Now resource monitor interval[5]

2025-12-11 11:47:31.599 INFO  [10984] [CMonitorResourceUsage::StartMonitorThread@90] StartMonitorThread begin.

2025-12-11 11:47:31.600 INFO  [10984] [CMonitorResourceUsage::StartMonitorThread@121] StartCheckThread end.

2025-12-11 11:47:31.600 INFO  [10984] [InitPluginInstance@39] InitPluginInstance - End

2025-12-11 11:47:31.600 INFO  [18420] [CMonitorResourceUsage::DoMonitorRes@176] DoMonitorResource begin.

2025-12-11 11:47:31.600 INFO  [18420] [CMonitorResourceUsage::SystemVersionMoreThanWin10@155] MajorVersion[6] MinorVersion[2], 6.2 is win10

2025-12-11 11:47:31.600 INFO  [18420] [CMonitorResourceUsage::DoMonitorRes@200] Do not check process resource

2025-12-11 11:47:32.578 INFO  [10984] [UnitPluginInstance@51] UnitPluginInstance - Begin

2025-12-11 11:47:32.578 INFO  [10984] [CMonitorResourceUsage::StopMonitorThead@132] StopMonitorThead begin.

2025-12-11 11:47:32.604 INFO  [18420] [CMonitorResourceUsage::DoMonitorRes@229] DoMonitorResource end, m_bExitMonitorThread is true

2025-12-11 11:47:32.605 INFO  [10984] [CMonitorResourceUsage::StopMonitorThead@145] StopMonitorThead end.

2025-12-11 11:47:32.605 INFO  [10984] [UnitPluginInstance@55] UnitPluginInstance - End

2025-12-11 11:50:42.773 INFO  [26320] [CAuthorization::Init@57] Init begin.

2025-12-11 11:50:42.773 INFO  [26320] [GetDllFilePath@262] path[D:\Program Files\VMV4.4.0_240813\VM4.3.0_240813_setup\VisionMaster4.3.0\Applications\Server]

2025-12-11 11:50:42.773 ERROR [26320] [CDongleV4::LoadCfgParam@363] Load auth name file fail, [D:\Program Files\VMV4.4.0_240813\VM4.3.0_240813_setup\VisionMaster4.3.0\Applications\Server\ServerAuthName.ini].

2025-12-11 11:50:42.782 ERROR [26320] [CDongleV4::GetLicenseWithState@412] MVIE_GetLicense return[-2]

2025-12-11 11:50:42.782 ERROR [26320] [CDongleV4::GetLicenseInfo@473] GetLicenseWithState fail.

2025-12-11 11:50:42.826 ERROR [26320] [CDongleV5::Login@70] MV_LoginLicense fail, dongle type[0](0:dongle, 2:soft lock, 3:remote dongle) ret[5], msg[There are no available local locks.]

2025-12-11 11:50:42.826 ERROR [26320] [CDongleV5::GetLicenseInfo@242] Login fail. nRet[e0000700]

2025-12-11 11:50:42.827 ERROR [26320] [CAuthorization::Init@110] Init MVIE_GetBurnParam failure.

2025-12-11 11:50:42.827 ERROR [26320] [CAuthorization::Init@115] Not found usable dongle

2025-12-11 11:50:42.827 INFO  [26320] [CAuthorization::StartCheckThread@208] StartCheckThread begin.

2025-12-11 11:50:42.827 INFO  [26320] [CAuthorization::StartCheckThread@234] StartCheckThread end.

2025-12-11 11:50:42.827 INFO  [26320] [CAuthorization::Init@119] Init end.

2025-12-11 11:50:42.828 INFO  [28500] [CAuthorization::DoAuthCheck@260] DoAuthCheck begin.

2025-12-11 11:50:42.829 ERROR [28500] [CDongleV4::GetLicenseWithState@412] MVIE_GetLicense return[-2]

2025-12-11 11:50:42.829 ERROR [28500] [CDongleV4::GetLicenseInfo@473] GetLicenseWithState fail.

2025-12-11 11:50:42.829 ERROR [28500] [CAuthorization::DoAuthCheck@273] Can not find v4 dongle

2025-12-11 11:50:42.834 ERROR [28500] [CDongleV5::Login@70] MV_LoginLicense fail, dongle type[0](0:dongle, 2:soft lock, 3:remote dongle) ret[5], msg[There are no available local locks.]

2025-12-11 11:50:42.834 ERROR [28500] [CDongleV5::GetLicenseInfo@242] Login fail. nRet[e0000700]

2025-12-11 11:50:42.835 ERROR [28500] [CAuthorization::DoAuthCheck@296] Can not find v5 dongle and smart camera

2025-12-11 11:50:43.846 INFO  [26320] [CAuthorization::StopCheckThead@245] StopCheckThead begin.

2025-12-11 11:50:43.846 INFO  [28500] [CAuthorization::DoAuthCheck@358] DoAuthCheck end.

2025-12-11 11:50:43.847 INFO  [26320] [CAuthorization::StopCheckThead@250] StopCheckThead end.

2025-12-11 11:50:43.847 INFO  [26320] [CAuthorization::Uninit@134] Uninit end

2025-12-11 11:50:42.831 INFO  [26320] [InitPluginInstance@33] InitPluginInstance - Begin

2025-12-11 11:50:42.831 INFO  [26320] [CMonitorResourceUsage::Init@47] Init begin.

2025-12-11 11:50:42.831 INFO  [26320] [GetDllFilePath@262] path[D:\Program Files\VMV4.4.0_240813\VM4.3.0_240813_setup\VisionMaster4.3.0\Applications\Server]

2025-12-11 11:50:42.832 INFO  [26320] [CMonitorResourceUsage::LoadCfgParam@449] Now resource monitor interval[5]

2025-12-11 11:50:42.832 INFO  [26320] [CMonitorResourceUsage::StartMonitorThread@90] StartMonitorThread begin.

2025-12-11 11:50:42.832 INFO  [26320] [CMonitorResourceUsage::StartMonitorThread@121] StartCheckThread end.

2025-12-11 11:50:42.832 INFO  [26320] [InitPluginInstance@39] InitPluginInstance - End

2025-12-11 11:50:42.832 INFO  [26592] [CMonitorResourceUsage::DoMonitorRes@176] DoMonitorResource begin.

2025-12-11 11:50:42.832 INFO  [26592] [CMonitorResourceUsage::SystemVersionMoreThanWin10@155] MajorVersion[6] MinorVersion[2], 6.2 is win10

2025-12-11 11:50:42.832 INFO  [26592] [CMonitorResourceUsage::DoMonitorRes@200] Do not check process resource

2025-12-11 11:50:43.847 INFO  [26320] [UnitPluginInstance@51] UnitPluginInstance - Begin

2025-12-11 11:50:43.847 INFO  [26320] [CMonitorResourceUsage::StopMonitorThead@132] StopMonitorThead begin.

2025-12-11 11:50:43.874 INFO  [26592] [CMonitorResourceUsage::DoMonitorRes@229] DoMonitorResource end, m_bExitMonitorThread is true

2025-12-11 11:50:43.875 INFO  [26320] [CMonitorResourceUsage::StopMonitorThead@145] StopMonitorThead end.

2025-12-11 11:50:43.875 INFO  [26320] [UnitPluginInstance@55] UnitPluginInstance - End

2025-12-11 15:56:05.191 INFO  [23820] [CAuthorization::Init@57] Init begin.

2025-12-11 15:56:05.191 INFO  [23820] [GetDllFilePath@262] path[D:\Program Files\VMV4.4.0_240813\VM4.3.0_240813_setup\VisionMaster4.3.0\Applications\Server]

2025-12-11 15:56:05.191 ERROR [23820] [CDongleV4::LoadCfgParam@363] Load auth name file fail, [D:\Program Files\VMV4.4.0_240813\VM4.3.0_240813_setup\VisionMaster4.3.0\Applications\Server\ServerAuthName.ini].

2025-12-11 15:56:05.197 ERROR [23820] [CDongleV4::GetLicenseWithState@412] MVIE_GetLicense return[-2]

2025-12-11 15:56:05.197 ERROR [23820] [CDongleV4::GetLicenseInfo@473] GetLicenseWithState fail.

2025-12-11 15:56:05.238 ERROR [23820] [CDongleV5::Login@70] MV_LoginLicense fail, dongle type[0](0:dongle, 2:soft lock, 3:remote dongle) ret[5], msg[There are no available local locks.]

2025-12-11 15:56:05.238 ERROR [23820] [CDongleV5::GetLicenseInfo@242] Login fail. nRet[e0000700]

2025-12-11 15:56:05.239 ERROR [23820] [CAuthorization::Init@110] Init MVIE_GetBurnParam failure.

2025-12-11 15:56:05.239 ERROR [23820] [CAuthorization::Init@115] Not found usable dongle

2025-12-11 15:56:05.239 INFO  [23820] [CAuthorization::StartCheckThread@208] StartCheckThread begin.

2025-12-11 15:56:05.239 INFO  [23820] [CAuthorization::StartCheckThread@234] StartCheckThread end.

2025-12-11 15:56:05.239 INFO  [23820] [CAuthorization::Init@119] Init end.

2025-12-11 15:56:05.241 INFO  [9808] [CAuthorization::DoAuthCheck@260] DoAuthCheck begin.

2025-12-11 15:56:05.242 ERROR [9808] [CDongleV4::GetLicenseWithState@412] MVIE_GetLicense return[-2]

2025-12-11 15:56:05.242 ERROR [9808] [CDongleV4::GetLicenseInfo@473] GetLicenseWithState fail.

2025-12-11 15:56:05.242 ERROR [9808] [CAuthorization::DoAuthCheck@273] Can not find v4 dongle

2025-12-11 15:56:05.246 ERROR [9808] [CDongleV5::Login@70] MV_LoginLicense fail, dongle type[0](0:dongle, 2:soft lock, 3:remote dongle) ret[5], msg[There are no available local locks.]

2025-12-11 15:56:05.246 ERROR [9808] [CDongleV5::GetLicenseInfo@242] Login fail. nRet[e0000700]

2025-12-11 15:56:05.247 ERROR [9808] [CAuthorization::DoAuthCheck@296] Can not find v5 dongle and smart camera

2025-12-11 15:56:06.529 INFO  [23820] [CAuthorization::StopCheckThead@245] StopCheckThead begin.

2025-12-11 15:56:06.529 INFO  [9808] [CAuthorization::DoAuthCheck@358] DoAuthCheck end.

2025-12-11 15:56:06.529 INFO  [23820] [CAuthorization::StopCheckThead@250] StopCheckThead end.

2025-12-11 15:56:06.529 INFO  [23820] [CAuthorization::Uninit@134] Uninit end

2025-12-11 15:56:05.242 INFO  [23820] [InitPluginInstance@33] InitPluginInstance - Begin

2025-12-11 15:56:05.242 INFO  [23820] [CMonitorResourceUsage::Init@47] Init begin.

2025-12-11 15:56:05.242 INFO  [23820] [GetDllFilePath@262] path[D:\Program Files\VMV4.4.0_240813\VM4.3.0_240813_setup\VisionMaster4.3.0\Applications\Server]

2025-12-11 15:56:05.243 INFO  [23820] [CMonitorResourceUsage::LoadCfgParam@449] Now resource monitor interval[5]

2025-12-11 15:56:05.243 INFO  [23820] [CMonitorResourceUsage::StartMonitorThread@90] StartMonitorThread begin.

2025-12-11 15:56:05.243 INFO  [23820] [CMonitorResourceUsage::StartMonitorThread@121] StartCheckThread end.

2025-12-11 15:56:05.243 INFO  [23820] [InitPluginInstance@39] InitPluginInstance - End

2025-12-11 15:56:05.246 INFO  [11248] [CMonitorResourceUsage::DoMonitorRes@176] DoMonitorResource begin.

2025-12-11 15:56:05.246 INFO  [11248] [CMonitorResourceUsage::SystemVersionMoreThanWin10@155] MajorVersion[6] MinorVersion[2], 6.2 is win10

2025-12-11 15:56:05.246 INFO  [11248] [CMonitorResourceUsage::DoMonitorRes@200] Do not check process resource

2025-12-11 15:56:06.530 INFO  [23820] [UnitPluginInstance@51] UnitPluginInstance - Begin

2025-12-11 15:56:06.530 INFO  [23820] [CMonitorResourceUsage::StopMonitorThead@132] StopMonitorThead begin.

2025-12-11 15:56:06.543 INFO  [11248] [CMonitorResourceUsage::DoMonitorRes@229] DoMonitorResource end, m_bExitMonitorThread is true

2025-12-11 15:56:06.544 INFO  [23820] [CMonitorResourceUsage::StopMonitorThead@145] StopMonitorThead end.

2025-12-11 15:56:06.544 INFO  [23820] [UnitPluginInstance@55] UnitPluginInstance - End

2025-12-11 16:02:56.434 INFO  [26616] [CAuthorization::Init@57] Init begin.

2025-12-11 16:02:56.434 INFO  [26616] [GetDllFilePath@262] path[D:\Program Files\VMV4.4.0_240813\VM4.3.0_240813_setup\VisionMaster4.3.0\Applications\Server]

2025-12-11 16:02:56.434 ERROR [26616] [CDongleV4::LoadCfgParam@363] Load auth name file fail, [D:\Program Files\VMV4.4.0_240813\VM4.3.0_240813_setup\VisionMaster4.3.0\Applications\Server\ServerAuthName.ini].

2025-12-11 16:02:56.443 ERROR [26616] [CDongleV4::GetLicenseWithState@412] MVIE_GetLicense return[-2]

2025-12-11 16:02:56.443 ERROR [26616] [CDongleV4::GetLicenseInfo@473] GetLicenseWithState fail.

2025-12-11 16:02:56.482 ERROR [26616] [CDongleV5::Login@70] MV_LoginLicense fail, dongle type[0](0:dongle, 2:soft lock, 3:remote dongle) ret[5], msg[There are no available local locks.]

2025-12-11 16:02:56.482 ERROR [26616] [CDongleV5::GetLicenseInfo@242] Login fail. nRet[e0000700]

2025-12-11 16:02:56.482 ERROR [26616] [CAuthorization::Init@110] Init MVIE_GetBurnParam failure.

2025-12-11 16:02:56.482 ERROR [26616] [CAuthorization::Init@115] Not found usable dongle

2025-12-11 16:02:56.482 INFO  [26616] [CAuthorization::StartCheckThread@208] StartCheckThread begin.

2025-12-11 16:02:56.483 INFO  [26616] [CAuthorization::StartCheckThread@234] StartCheckThread end.

2025-12-11 16:02:56.483 INFO  [26616] [CAuthorization::Init@119] Init end.

2025-12-11 16:02:56.483 INFO  [21380] [CAuthorization::DoAuthCheck@260] DoAuthCheck begin.

2025-12-11 16:02:56.485 ERROR [21380] [CDongleV4::GetLicenseWithState@412] MVIE_GetLicense return[-2]

2025-12-11 16:02:56.485 ERROR [21380] [CDongleV4::GetLicenseInfo@473] GetLicenseWithState fail.

2025-12-11 16:02:56.485 ERROR [21380] [CAuthorization::DoAuthCheck@273] Can not find v4 dongle

2025-12-11 16:02:56.489 ERROR [21380] [CDongleV5::Login@70] MV_LoginLicense fail, dongle type[0](0:dongle, 2:soft lock, 3:remote dongle) ret[5], msg[There are no available local locks.]

2025-12-11 16:02:56.489 ERROR [21380] [CDongleV5::GetLicenseInfo@242] Login fail. nRet[e0000700]

2025-12-11 16:02:56.489 ERROR [21380] [CAuthorization::DoAuthCheck@296] Can not find v5 dongle and smart camera

2025-12-11 16:02:57.468 INFO  [26616] [CAuthorization::StopCheckThead@245] StopCheckThead begin.

2025-12-11 16:02:57.468 INFO  [21380] [CAuthorization::DoAuthCheck@358] DoAuthCheck end.

2025-12-11 16:02:57.468 INFO  [26616] [CAuthorization::StopCheckThead@250] StopCheckThead end.

2025-12-11 16:02:57.468 INFO  [26616] [CAuthorization::Uninit@134] Uninit end

2025-12-11 16:02:56.487 INFO  [26616] [InitPluginInstance@33] InitPluginInstance - Begin

2025-12-11 16:02:56.487 INFO  [26616] [CMonitorResourceUsage::Init@47] Init begin.

2025-12-11 16:02:56.487 INFO  [26616] [GetDllFilePath@262] path[D:\Program Files\VMV4.4.0_240813\VM4.3.0_240813_setup\VisionMaster4.3.0\Applications\Server]

2025-12-11 16:02:56.488 INFO  [26616] [CMonitorResourceUsage::LoadCfgParam@449] Now resource monitor interval[5]

2025-12-11 16:02:56.488 INFO  [26616] [CMonitorResourceUsage::StartMonitorThread@90] StartMonitorThread begin.

2025-12-11 16:02:56.488 INFO  [26616] [CMonitorResourceUsage::StartMonitorThread@121] StartCheckThread end.

2025-12-11 16:02:56.488 INFO  [26616] [InitPluginInstance@39] InitPluginInstance - End

2025-12-11 16:02:56.488 INFO  [17636] [CMonitorResourceUsage::DoMonitorRes@176] DoMonitorResource begin.

2025-12-11 16:02:56.488 INFO  [17636] [CMonitorResourceUsage::SystemVersionMoreThanWin10@155] MajorVersion[6] MinorVersion[2], 6.2 is win10

2025-12-11 16:02:56.488 INFO  [17636] [CMonitorResourceUsage::DoMonitorRes@200] Do not check process resource

2025-12-11 16:02:57.469 INFO  [26616] [UnitPluginInstance@51] UnitPluginInstance - Begin

2025-12-11 16:02:57.469 INFO  [26616] [CMonitorResourceUsage::StopMonitorThead@132] StopMonitorThead begin.

2025-12-11 16:02:57.474 INFO  [17636] [CMonitorResourceUsage::DoMonitorRes@229] DoMonitorResource end, m_bExitMonitorThread is true

2025-12-11 16:02:57.474 INFO  [26616] [CMonitorResourceUsage::StopMonitorThead@145] StopMonitorThead end.

2025-12-11 16:02:57.474 INFO  [26616] [UnitPluginInstance@55] UnitPluginInstance - End

2025-12-11 16:05:33.566 INFO  [20684] [CAuthorization::Init@57] Init begin.

2025-12-11 16:05:33.566 INFO  [20684] [GetDllFilePath@262] path[D:\Program Files\VMV4.4.0_240813\VM4.3.0_240813_setup\VisionMaster4.3.0\Applications\Server]

2025-12-11 16:05:33.566 ERROR [20684] [CDongleV4::LoadCfgParam@363] Load auth name file fail, [D:\Program Files\VMV4.4.0_240813\VM4.3.0_240813_setup\VisionMaster4.3.0\Applications\Server\ServerAuthName.ini].

2025-12-11 16:05:33.575 ERROR [20684] [CDongleV4::GetLicenseWithState@412] MVIE_GetLicense return[-2]

2025-12-11 16:05:33.575 ERROR [20684] [CDongleV4::GetLicenseInfo@473] GetLicenseWithState fail.

2025-12-11 16:05:33.623 ERROR [20684] [CDongleV5::Login@70] MV_LoginLicense fail, dongle type[0](0:dongle, 2:soft lock, 3:remote dongle) ret[5], msg[There are no available local locks.]

2025-12-11 16:05:33.623 ERROR [20684] [CDongleV5::GetLicenseInfo@242] Login fail. nRet[e0000700]

2025-12-11 16:05:33.624 ERROR [20684] [CAuthorization::Init@110] Init MVIE_GetBurnParam failure.

2025-12-11 16:05:33.624 ERROR [20684] [CAuthorization::Init@115] Not found usable dongle

2025-12-11 16:05:33.624 INFO  [20684] [CAuthorization::StartCheckThread@208] StartCheckThread begin.

2025-12-11 16:05:33.624 INFO  [20684] [CAuthorization::StartCheckThread@234] StartCheckThread end.

2025-12-11 16:05:33.624 INFO  [20684] [CAuthorization::Init@119] Init end.

2025-12-11 16:05:33.624 INFO  [27708] [CAuthorization::DoAuthCheck@260] DoAuthCheck begin.

2025-12-11 16:05:33.625 ERROR [27708] [CDongleV4::GetLicenseWithState@412] MVIE_GetLicense return[-2]

2025-12-11 16:05:33.625 ERROR [27708] [CDongleV4::GetLicenseInfo@473] GetLicenseWithState fail.

2025-12-11 16:05:33.625 ERROR [27708] [CAuthorization::DoAuthCheck@273] Can not find v4 dongle

2025-12-11 16:05:33.630 ERROR [27708] [CDongleV5::Login@70] MV_LoginLicense fail, dongle type[0](0:dongle, 2:soft lock, 3:remote dongle) ret[5], msg[There are no available local locks.]

2025-12-11 16:05:33.630 ERROR [27708] [CDongleV5::GetLicenseInfo@242] Login fail. nRet[e0000700]

2025-12-11 16:05:33.630 ERROR [27708] [CAuthorization::DoAuthCheck@296] Can not find v5 dongle and smart camera

2025-12-11 16:05:34.609 INFO  [20684] [CAuthorization::StopCheckThead@245] StopCheckThead begin.

2025-12-11 16:05:34.609 INFO  [27708] [CAuthorization::DoAuthCheck@358] DoAuthCheck end.

2025-12-11 16:05:34.610 INFO  [20684] [CAuthorization::StopCheckThead@250] StopCheckThead end.

2025-12-11 16:05:34.610 INFO  [20684] [CAuthorization::Uninit@134] Uninit end

2025-12-11 16:05:33.628 INFO  [20684] [InitPluginInstance@33] InitPluginInstance - Begin

2025-12-11 16:05:33.628 INFO  [20684] [CMonitorResourceUsage::Init@47] Init begin.

2025-12-11 16:05:33.628 INFO  [20684] [GetDllFilePath@262] path[D:\Program Files\VMV4.4.0_240813\VM4.3.0_240813_setup\VisionMaster4.3.0\Applications\Server]

2025-12-11 16:05:33.628 INFO  [20684] [CMonitorResourceUsage::LoadCfgParam@449] Now resource monitor interval[5]

2025-12-11 16:05:33.628 INFO  [20684] [CMonitorResourceUsage::StartMonitorThread@90] StartMonitorThread begin.

2025-12-11 16:05:33.628 INFO  [20684] [CMonitorResourceUsage::StartMonitorThread@121] StartCheckThread end.

2025-12-11 16:05:33.628 INFO  [20684] [InitPluginInstance@39] InitPluginInstance - End

2025-12-11 16:05:33.629 INFO  [6516] [CMonitorResourceUsage::DoMonitorRes@176] DoMonitorResource begin.

2025-12-11 16:05:33.629 INFO  [6516] [CMonitorResourceUsage::SystemVersionMoreThanWin10@155] MajorVersion[6] MinorVersion[2], 6.2 is win10

2025-12-11 16:05:33.629 INFO  [6516] [CMonitorResourceUsage::DoMonitorRes@200] Do not check process resource

2025-12-11 16:05:34.611 INFO  [20684] [UnitPluginInstance@51] UnitPluginInstance - Begin

2025-12-11 16:05:34.611 INFO  [20684] [CMonitorResourceUsage::StopMonitorThead@132] StopMonitorThead begin.

2025-12-11 16:05:34.667 INFO  [6516] [CMonitorResourceUsage::DoMonitorRes@229] DoMonitorResource end, m_bExitMonitorThread is true

2025-12-11 16:05:34.668 INFO  [20684] [CMonitorResourceUsage::StopMonitorThead@145] StopMonitorThead end.

2025-12-11 16:05:34.668 INFO  [20684] [UnitPluginInstance@55] UnitPluginInstance - End

2025-12-11 16:25:49.180 INFO  [13568] [CAuthorization::Init@57] Init begin.

2025-12-11 16:25:49.180 INFO  [13568] [GetDllFilePath@262] path[D:\Program Files\VMV4.4.0_240813\VM4.3.0_240813_setup\VisionMaster4.3.0\Applications\Server]

2025-12-11 16:25:49.181 ERROR [13568] [CDongleV4::LoadCfgParam@363] Load auth name file fail, [D:\Program Files\VMV4.4.0_240813\VM4.3.0_240813_setup\VisionMaster4.3.0\Applications\Server\ServerAuthName.ini].

2025-12-11 16:25:49.190 ERROR [13568] [CDongleV4::GetLicenseWithState@412] MVIE_GetLicense return[-2]

2025-12-11 16:25:49.190 ERROR [13568] [CDongleV4::GetLicenseInfo@473] GetLicenseWithState fail.

2025-12-11 16:25:49.232 ERROR [13568] [CDongleV5::Login@70] MV_LoginLicense fail, dongle type[0](0:dongle, 2:soft lock, 3:remote dongle) ret[5], msg[There are no available local locks.]

2025-12-11 16:25:49.232 ERROR [13568] [CDongleV5::GetLicenseInfo@242] Login fail. nRet[e0000700]

2025-12-11 16:25:49.233 ERROR [13568] [CAuthorization::Init@110] Init MVIE_GetBurnParam failure.

2025-12-11 16:25:49.233 ERROR [13568] [CAuthorization::Init@115] Not found usable dongle

2025-12-11 16:25:49.233 INFO  [13568] [CAuthorization::StartCheckThread@208] StartCheckThread begin.

2025-12-11 16:25:49.233 INFO  [13568] [CAuthorization::StartCheckThread@234] StartCheckThread end.

2025-12-11 16:25:49.233 INFO  [13568] [CAuthorization::Init@119] Init end.

2025-12-11 16:25:49.234 INFO  [29188] [CAuthorization::DoAuthCheck@260] DoAuthCheck begin.

2025-12-11 16:25:49.235 ERROR [29188] [CDongleV4::GetLicenseWithState@412] MVIE_GetLicense return[-2]

2025-12-11 16:25:49.235 ERROR [29188] [CDongleV4::GetLicenseInfo@473] GetLicenseWithState fail.

2025-12-11 16:25:49.235 ERROR [29188] [CAuthorization::DoAuthCheck@273] Can not find v4 dongle

2025-12-11 16:25:49.240 ERROR [29188] [CDongleV5::Login@70] MV_LoginLicense fail, dongle type[0](0:dongle, 2:soft lock, 3:remote dongle) ret[5], msg[There are no available local locks.]

2025-12-11 16:25:49.240 ERROR [29188] [CDongleV5::GetLicenseInfo@242] Login fail. nRet[e0000700]

2025-12-11 16:25:49.241 ERROR [29188] [CAuthorization::DoAuthCheck@296] Can not find v5 dongle and smart camera

2025-12-11 16:25:50.251 INFO  [13568] [CAuthorization::StopCheckThead@245] StopCheckThead begin.

2025-12-11 16:25:50.251 INFO  [29188] [CAuthorization::DoAuthCheck@358] DoAuthCheck end.

2025-12-11 16:25:50.251 INFO  [13568] [CAuthorization::StopCheckThead@250] StopCheckThead end.

2025-12-11 16:25:50.251 INFO  [13568] [CAuthorization::Uninit@134] Uninit end

2025-12-11 16:25:49.237 INFO  [13568] [InitPluginInstance@33] InitPluginInstance - Begin

2025-12-11 16:25:49.237 INFO  [13568] [CMonitorResourceUsage::Init@47] Init begin.

2025-12-11 16:25:49.237 INFO  [13568] [GetDllFilePath@262] path[D:\Program Files\VMV4.4.0_240813\VM4.3.0_240813_setup\VisionMaster4.3.0\Applications\Server]

2025-12-11 16:25:49.238 INFO  [13568] [CMonitorResourceUsage::LoadCfgParam@449] Now resource monitor interval[5]

2025-12-11 16:25:49.238 INFO  [13568] [CMonitorResourceUsage::StartMonitorThread@90] StartMonitorThread begin.

2025-12-11 16:25:49.238 INFO  [13568] [CMonitorResourceUsage::StartMonitorThread@121] StartCheckThread end.

2025-12-11 16:25:49.238 INFO  [13568] [InitPluginInstance@39] InitPluginInstance - End

2025-12-11 16:25:49.239 INFO  [23716] [CMonitorResourceUsage::DoMonitorRes@176] DoMonitorResource begin.

2025-12-11 16:25:49.239 INFO  [23716] [CMonitorResourceUsage::SystemVersionMoreThanWin10@155] MajorVersion[6] MinorVersion[2], 6.2 is win10

2025-12-11 16:25:49.239 INFO  [23716] [CMonitorResourceUsage::DoMonitorRes@200] Do not check process resource

2025-12-11 16:25:50.252 INFO  [13568] [UnitPluginInstance@51] UnitPluginInstance - Begin

2025-12-11 16:25:50.252 INFO  [13568] [CMonitorResourceUsage::StopMonitorThead@132] StopMonitorThead begin.

2025-12-11 16:25:50.279 INFO  [23716] [CMonitorResourceUsage::DoMonitorRes@229] DoMonitorResource end, m_bExitMonitorThread is true

2025-12-11 16:25:50.281 INFO  [13568] [CMonitorResourceUsage::StopMonitorThead@145] StopMonitorThead end.

2025-12-11 16:25:50.281 INFO  [13568] [UnitPluginInstance@55] UnitPluginInstance - End

2025-12-11 16:29:33.190 INFO  [17104] [CAuthorization::Init@57] Init begin.

2025-12-11 16:29:33.190 INFO  [17104] [GetDllFilePath@262] path[D:\Program Files\VMV4.4.0_240813\VM4.3.0_240813_setup\VisionMaster4.3.0\Applications\Server]

2025-12-11 16:29:33.190 ERROR [17104] [CDongleV4::LoadCfgParam@363] Load auth name file fail, [D:\Program Files\VMV4.4.0_240813\VM4.3.0_240813_setup\VisionMaster4.3.0\Applications\Server\ServerAuthName.ini].

2025-12-11 16:29:33.198 ERROR [17104] [CDongleV4::GetLicenseWithState@412] MVIE_GetLicense return[-2]

2025-12-11 16:29:33.198 ERROR [17104] [CDongleV4::GetLicenseInfo@473] GetLicenseWithState fail.

2025-12-11 16:29:33.239 ERROR [17104] [CDongleV5::Login@70] MV_LoginLicense fail, dongle type[0](0:dongle, 2:soft lock, 3:remote dongle) ret[5], msg[There are no available local locks.]

2025-12-11 16:29:33.239 ERROR [17104] [CDongleV5::GetLicenseInfo@242] Login fail. nRet[e0000700]

2025-12-11 16:29:33.239 ERROR [17104] [CAuthorization::Init@110] Init MVIE_GetBurnParam failure.

2025-12-11 16:29:33.239 ERROR [17104] [CAuthorization::Init@115] Not found usable dongle

2025-12-11 16:29:33.239 INFO  [17104] [CAuthorization::StartCheckThread@208] StartCheckThread begin.

2025-12-11 16:29:33.240 INFO  [17104] [CAuthorization::StartCheckThread@234] StartCheckThread end.

2025-12-11 16:29:33.240 INFO  [17104] [CAuthorization::Init@119] Init end.

2025-12-11 16:29:33.240 INFO  [7640] [CAuthorization::DoAuthCheck@260] DoAuthCheck begin.

2025-12-11 16:29:33.241 ERROR [7640] [CDongleV4::GetLicenseWithState@412] MVIE_GetLicense return[-2]

2025-12-11 16:29:33.241 ERROR [7640] [CDongleV4::GetLicenseInfo@473] GetLicenseWithState fail.

2025-12-11 16:29:33.241 ERROR [7640] [CAuthorization::DoAuthCheck@273] Can not find v4 dongle

2025-12-11 16:29:33.246 ERROR [7640] [CDongleV5::Login@70] MV_LoginLicense fail, dongle type[0](0:dongle, 2:soft lock, 3:remote dongle) ret[5], msg[There are no available local locks.]

2025-12-11 16:29:33.246 ERROR [7640] [CDongleV5::GetLicenseInfo@242] Login fail. nRet[e0000700]

2025-12-11 16:29:33.246 ERROR [7640] [CAuthorization::DoAuthCheck@296] Can not find v5 dongle and smart camera

2025-12-11 16:29:34.196 INFO  [17104] [CAuthorization::StopCheckThead@245] StopCheckThead begin.

2025-12-11 16:29:34.196 INFO  [7640] [CAuthorization::DoAuthCheck@358] DoAuthCheck end.

2025-12-11 16:29:34.196 INFO  [17104] [CAuthorization::StopCheckThead@250] StopCheckThead end.

2025-12-11 16:29:34.196 INFO  [17104] [CAuthorization::Uninit@134] Uninit end

2025-12-11 16:29:33.243 INFO  [17104] [InitPluginInstance@33] InitPluginInstance - Begin

2025-12-11 16:29:33.243 INFO  [17104] [CMonitorResourceUsage::Init@47] Init begin.

2025-12-11 16:29:33.243 INFO  [17104] [GetDllFilePath@262] path[D:\Program Files\VMV4.4.0_240813\VM4.3.0_240813_setup\VisionMaster4.3.0\Applications\Server]

2025-12-11 16:29:33.244 INFO  [17104] [CMonitorResourceUsage::LoadCfgParam@449] Now resource monitor interval[5]

2025-12-11 16:29:33.244 INFO  [17104] [CMonitorResourceUsage::StartMonitorThread@90] StartMonitorThread begin.

2025-12-11 16:29:33.244 INFO  [17104] [CMonitorResourceUsage::StartMonitorThread@121] StartCheckThread end.

2025-12-11 16:29:33.244 INFO  [17104] [InitPluginInstance@39] InitPluginInstance - End

2025-12-11 16:29:33.245 INFO  [3068] [CMonitorResourceUsage::DoMonitorRes@176] DoMonitorResource begin.

2025-12-11 16:29:33.245 INFO  [3068] [CMonitorResourceUsage::SystemVersionMoreThanWin10@155] MajorVersion[6] MinorVersion[2], 6.2 is win10

2025-12-11 16:29:33.245 INFO  [3068] [CMonitorResourceUsage::DoMonitorRes@200] Do not check process resource

2025-12-11 16:29:34.197 INFO  [17104] [UnitPluginInstance@51] UnitPluginInstance - Begin

2025-12-11 16:29:34.197 INFO  [17104] [CMonitorResourceUsage::StopMonitorThead@132] StopMonitorThead begin.

2025-12-11 16:29:34.220 INFO  [3068] [CMonitorResourceUsage::DoMonitorRes@229] DoMonitorResource end, m_bExitMonitorThread is true

2025-12-11 16:29:34.220 INFO  [17104] [CMonitorResourceUsage::StopMonitorThead@145] StopMonitorThead end.

2025-12-11 16:29:34.220 INFO  [17104] [UnitPluginInstance@55] UnitPluginInstance - End

2025-12-11 16:40:27.256 INFO  [26176] [CAuthorization::Init@57] Init begin.

2025-12-11 16:40:27.256 INFO  [26176] [GetDllFilePath@262] path[D:\Program Files\VMV4.4.0_240813\VM4.3.0_240813_setup\VisionMaster4.3.0\Applications\Server]

2025-12-11 16:40:27.257 ERROR [26176] [CDongleV4::LoadCfgParam@363] Load auth name file fail, [D:\Program Files\VMV4.4.0_240813\VM4.3.0_240813_setup\VisionMaster4.3.0\Applications\Server\ServerAuthName.ini].

2025-12-11 16:40:27.267 ERROR [26176] [CDongleV4::GetLicenseWithState@412] MVIE_GetLicense return[-2]

2025-12-11 16:40:27.267 ERROR [26176] [CDongleV4::GetLicenseInfo@473] GetLicenseWithState fail.

2025-12-11 16:40:27.310 ERROR [26176] [CDongleV5::Login@70] MV_LoginLicense fail, dongle type[0](0:dongle, 2:soft lock, 3:remote dongle) ret[5], msg[There are no available local locks.]

2025-12-11 16:40:27.310 ERROR [26176] [CDongleV5::GetLicenseInfo@242] Login fail. nRet[e0000700]

2025-12-11 16:40:27.311 ERROR [26176] [CAuthorization::Init@110] Init MVIE_GetBurnParam failure.

2025-12-11 16:40:27.311 ERROR [26176] [CAuthorization::Init@115] Not found usable dongle

2025-12-11 16:40:27.311 INFO  [26176] [CAuthorization::StartCheckThread@208] StartCheckThread begin.

2025-12-11 16:40:27.311 INFO  [26176] [CAuthorization::StartCheckThread@234] StartCheckThread end.

2025-12-11 16:40:27.311 INFO  [26176] [CAuthorization::Init@119] Init end.

2025-12-11 16:40:27.312 INFO  [28780] [CAuthorization::DoAuthCheck@260] DoAuthCheck begin.

2025-12-11 16:40:27.312 ERROR [28780] [CDongleV4::GetLicenseWithState@412] MVIE_GetLicense return[-2]

2025-12-11 16:40:27.312 ERROR [28780] [CDongleV4::GetLicenseInfo@473] GetLicenseWithState fail.

2025-12-11 16:40:27.312 ERROR [28780] [CAuthorization::DoAuthCheck@273] Can not find v4 dongle

2025-12-11 16:40:27.317 ERROR [28780] [CDongleV5::Login@70] MV_LoginLicense fail, dongle type[0](0:dongle, 2:soft lock, 3:remote dongle) ret[5], msg[There are no available local locks.]

2025-12-11 16:40:27.317 ERROR [28780] [CDongleV5::GetLicenseInfo@242] Login fail. nRet[e0000700]

2025-12-11 16:40:27.318 ERROR [28780] [CAuthorization::DoAuthCheck@296] Can not find v5 dongle and smart camera

2025-12-11 16:40:28.266 INFO  [26176] [CAuthorization::StopCheckThead@245] StopCheckThead begin.

2025-12-11 16:40:28.266 INFO  [28780] [CAuthorization::DoAuthCheck@358] DoAuthCheck end.

2025-12-11 16:40:28.266 INFO  [26176] [CAuthorization::StopCheckThead@250] StopCheckThead end.

2025-12-11 16:40:28.266 INFO  [26176] [CAuthorization::Uninit@134] Uninit end

2025-12-11 16:40:27.314 INFO  [26176] [InitPluginInstance@33] InitPluginInstance - Begin

2025-12-11 16:40:27.314 INFO  [26176] [CMonitorResourceUsage::Init@47] Init begin.

2025-12-11 16:40:27.314 INFO  [26176] [GetDllFilePath@262] path[D:\Program Files\VMV4.4.0_240813\VM4.3.0_240813_setup\VisionMaster4.3.0\Applications\Server]

2025-12-11 16:40:27.315 INFO  [26176] [CMonitorResourceUsage::LoadCfgParam@449] Now resource monitor interval[5]

2025-12-11 16:40:27.315 INFO  [26176] [CMonitorResourceUsage::StartMonitorThread@90] StartMonitorThread begin.

2025-12-11 16:40:27.315 INFO  [26176] [CMonitorResourceUsage::StartMonitorThread@121] StartCheckThread end.

2025-12-11 16:40:27.315 INFO  [26176] [InitPluginInstance@39] InitPluginInstance - End

2025-12-11 16:40:27.316 INFO  [23772] [CMonitorResourceUsage::DoMonitorRes@176] DoMonitorResource begin.

2025-12-11 16:40:27.316 INFO  [23772] [CMonitorResourceUsage::SystemVersionMoreThanWin10@155] MajorVersion[6] MinorVersion[2], 6.2 is win10

2025-12-11 16:40:27.316 INFO  [23772] [CMonitorResourceUsage::DoMonitorRes@200] Do not check process resource

2025-12-11 16:40:28.267 INFO  [26176] [UnitPluginInstance@51] UnitPluginInstance - Begin

2025-12-11 16:40:28.267 INFO  [26176] [CMonitorResourceUsage::StopMonitorThead@132] StopMonitorThead begin.

2025-12-11 16:40:28.313 INFO  [23772] [CMonitorResourceUsage::DoMonitorRes@229] DoMonitorResource end, m_bExitMonitorThread is true

2025-12-11 16:40:28.313 INFO  [26176] [CMonitorResourceUsage::StopMonitorThead@145] StopMonitorThead end.

2025-12-11 16:40:28.313 INFO  [26176] [UnitPluginInstance@55] UnitPluginInstance - End

2025-12-11 17:19:16.150 INFO  [10972] [CAuthorization::Init@57] Init begin.

2025-12-11 17:19:16.150 INFO  [10972] [GetDllFilePath@262] path[D:\Program Files\VMV4.4.0_240813\VM4.3.0_240813_setup\VisionMaster4.3.0\Applications\Server]

2025-12-11 17:19:16.151 ERROR [10972] [CDongleV4::LoadCfgParam@363] Load auth name file fail, [D:\Program Files\VMV4.4.0_240813\VM4.3.0_240813_setup\VisionMaster4.3.0\Applications\Server\ServerAuthName.ini].

2025-12-11 17:19:16.159 ERROR [10972] [CDongleV4::GetLicenseWithState@412] MVIE_GetLicense return[-2]

2025-12-11 17:19:16.159 ERROR [10972] [CDongleV4::GetLicenseInfo@473] GetLicenseWithState fail.

2025-12-11 17:19:16.200 ERROR [10972] [CDongleV5::Login@70] MV_LoginLicense fail, dongle type[0](0:dongle, 2:soft lock, 3:remote dongle) ret[5], msg[There are no available local locks.]

2025-12-11 17:19:16.200 ERROR [10972] [CDongleV5::GetLicenseInfo@242] Login fail. nRet[e0000700]

2025-12-11 17:19:16.200 ERROR [10972] [CAuthorization::Init@110] Init MVIE_GetBurnParam failure.

2025-12-11 17:19:16.200 ERROR [10972] [CAuthorization::Init@115] Not found usable dongle

2025-12-11 17:19:16.200 INFO  [10972] [CAuthorization::StartCheckThread@208] StartCheckThread begin.

2025-12-11 17:19:16.200 INFO  [10972] [CAuthorization::StartCheckThread@234] StartCheckThread end.

2025-12-11 17:19:16.201 INFO  [10972] [CAuthorization::Init@119] Init end.

2025-12-11 17:19:16.201 INFO  [19932] [CAuthorization::DoAuthCheck@260] DoAuthCheck begin.

2025-12-11 17:19:16.202 ERROR [19932] [CDongleV4::GetLicenseWithState@412] MVIE_GetLicense return[-2]

2025-12-11 17:19:16.202 ERROR [19932] [CDongleV4::GetLicenseInfo@473] GetLicenseWithState fail.

2025-12-11 17:19:16.202 ERROR [19932] [CAuthorization::DoAuthCheck@273] Can not find v4 dongle

2025-12-11 17:19:16.207 ERROR [19932] [CDongleV5::Login@70] MV_LoginLicense fail, dongle type[0](0:dongle, 2:soft lock, 3:remote dongle) ret[5], msg[There are no available local locks.]

2025-12-11 17:19:16.207 ERROR [19932] [CDongleV5::GetLicenseInfo@242] Login fail. nRet[e0000700]

2025-12-11 17:19:16.208 ERROR [19932] [CAuthorization::DoAuthCheck@296] Can not find v5 dongle and smart camera

2025-12-11 17:19:17.139 INFO  [10972] [CAuthorization::StopCheckThead@245] StopCheckThead begin.

2025-12-11 17:19:17.139 INFO  [19932] [CAuthorization::DoAuthCheck@358] DoAuthCheck end.

2025-12-11 17:19:17.140 INFO  [10972] [CAuthorization::StopCheckThead@250] StopCheckThead end.

2025-12-11 17:19:17.140 INFO  [10972] [CAuthorization::Uninit@134] Uninit end

2025-12-11 17:19:16.204 INFO  [10972] [InitPluginInstance@33] InitPluginInstance - Begin

2025-12-11 17:19:16.204 INFO  [10972] [CMonitorResourceUsage::Init@47] Init begin.

2025-12-11 17:19:16.204 INFO  [10972] [GetDllFilePath@262] path[D:\Program Files\VMV4.4.0_240813\VM4.3.0_240813_setup\VisionMaster4.3.0\Applications\Server]

2025-12-11 17:19:16.205 INFO  [10972] [CMonitorResourceUsage::LoadCfgParam@449] Now resource monitor interval[5]

2025-12-11 17:19:16.205 INFO  [10972] [CMonitorResourceUsage::StartMonitorThread@90] StartMonitorThread begin.

2025-12-11 17:19:16.205 INFO  [10972] [CMonitorResourceUsage::StartMonitorThread@121] StartCheckThread end.

2025-12-11 17:19:16.205 INFO  [10972] [InitPluginInstance@39] InitPluginInstance - End

2025-12-11 17:19:16.206 INFO  [25980] [CMonitorResourceUsage::DoMonitorRes@176] DoMonitorResource begin.

2025-12-11 17:19:16.206 INFO  [25980] [CMonitorResourceUsage::SystemVersionMoreThanWin10@155] MajorVersion[6] MinorVersion[2], 6.2 is win10

2025-12-11 17:19:16.206 INFO  [25980] [CMonitorResourceUsage::DoMonitorRes@200] Do not check process resource

2025-12-11 17:19:17.140 INFO  [10972] [UnitPluginInstance@51] UnitPluginInstance - Begin

2025-12-11 17:19:17.140 INFO  [10972] [CMonitorResourceUsage::StopMonitorThead@132] StopMonitorThead begin.

2025-12-11 17:19:17.184 INFO  [25980] [CMonitorResourceUsage::DoMonitorRes@229] DoMonitorResource end, m_bExitMonitorThread is true

2025-12-11 17:19:17.185 INFO  [10972] [CMonitorResourceUsage::StopMonitorThead@145] StopMonitorThead end.

2025-12-11 17:19:17.185 INFO  [10972] [UnitPluginInstance@55] UnitPluginInstance - End

2025-12-12 10:53:27.719 INFO  [29552] [CAuthorization::Init@57] Init begin.

2025-12-12 10:53:27.719 INFO  [29552] [GetDllFilePath@262] path[D:\Program Files\VMV4.4.0_240813\VM4.3.0_240813_setup\VisionMaster4.3.0\Applications\Server]

2025-12-12 10:53:27.719 ERROR [29552] [CDongleV4::LoadCfgParam@363] Load auth name file fail, [D:\Program Files\VMV4.4.0_240813\VM4.3.0_240813_setup\VisionMaster4.3.0\Applications\Server\ServerAuthName.ini].

2025-12-12 10:53:27.728 ERROR [29552] [CDongleV4::GetLicenseWithState@412] MVIE_GetLicense return[-2]

2025-12-12 10:53:27.728 ERROR [29552] [CDongleV4::GetLicenseInfo@473] GetLicenseWithState fail.

2025-12-12 10:53:27.774 ERROR [29552] [CDongleV5::Login@70] MV_LoginLicense fail, dongle type[0](0:dongle, 2:soft lock, 3:remote dongle) ret[5], msg[There are no available local locks.]

2025-12-12 10:53:27.774 ERROR [29552] [CDongleV5::GetLicenseInfo@242] Login fail. nRet[e0000700]

2025-12-12 10:53:27.775 ERROR [29552] [CAuthorization::Init@110] Init MVIE_GetBurnParam failure.

2025-12-12 10:53:27.775 ERROR [29552] [CAuthorization::Init@115] Not found usable dongle

2025-12-12 10:53:27.775 INFO  [29552] [CAuthorization::StartCheckThread@208] StartCheckThread begin.

2025-12-12 10:53:27.775 INFO  [29552] [CAuthorization::StartCheckThread@234] StartCheckThread end.

2025-12-12 10:53:27.775 INFO  [29552] [CAuthorization::Init@119] Init end.

2025-12-12 10:53:27.783 INFO  [27316] [CAuthorization::DoAuthCheck@260] DoAuthCheck begin.

2025-12-12 10:53:27.784 ERROR [27316] [CDongleV4::GetLicenseWithState@412] MVIE_GetLicense return[-2]

2025-12-12 10:53:27.784 ERROR [27316] [CDongleV4::GetLicenseInfo@473] GetLicenseWithState fail.

2025-12-12 10:53:27.784 ERROR [27316] [CAuthorization::DoAuthCheck@273] Can not find v4 dongle

2025-12-12 10:53:27.788 ERROR [27316] [CDongleV5::Login@70] MV_LoginLicense fail, dongle type[0](0:dongle, 2:soft lock, 3:remote dongle) ret[5], msg[There are no available local locks.]

2025-12-12 10:53:27.788 ERROR [27316] [CDongleV5::GetLicenseInfo@242] Login fail. nRet[e0000700]

2025-12-12 10:53:27.789 ERROR [27316] [CAuthorization::DoAuthCheck@296] Can not find v5 dongle and smart camera

2025-12-12 10:53:29.613 INFO  [29552] [CAuthorization::StopCheckThead@245] StopCheckThead begin.

2025-12-12 10:53:29.613 INFO  [27316] [CAuthorization::DoAuthCheck@358] DoAuthCheck end.

2025-12-12 10:53:29.615 INFO  [29552] [CAuthorization::StopCheckThead@250] StopCheckThead end.

2025-12-12 10:53:29.615 INFO  [29552] [CAuthorization::Uninit@134] Uninit end

2025-12-12 10:53:27.784 INFO  [29552] [InitPluginInstance@33] InitPluginInstance - Begin

2025-12-12 10:53:27.784 INFO  [29552] [CMonitorResourceUsage::Init@47] Init begin.

2025-12-12 10:53:27.784 INFO  [29552] [GetDllFilePath@262] path[D:\Program Files\VMV4.4.0_240813\VM4.3.0_240813_setup\VisionMaster4.3.0\Applications\Server]

2025-12-12 10:53:27.785 INFO  [29552] [CMonitorResourceUsage::LoadCfgParam@449] Now resource monitor interval[5]

2025-12-12 10:53:27.785 INFO  [29552] [CMonitorResourceUsage::StartMonitorThread@90] StartMonitorThread begin.

2025-12-12 10:53:27.785 INFO  [29552] [CMonitorResourceUsage::StartMonitorThread@121] StartCheckThread end.

2025-12-12 10:53:27.785 INFO  [29552] [InitPluginInstance@39] InitPluginInstance - End

2025-12-12 10:53:27.788 INFO  [17708] [CMonitorResourceUsage::DoMonitorRes@176] DoMonitorResource begin.

2025-12-12 10:53:27.788 INFO  [17708] [CMonitorResourceUsage::SystemVersionMoreThanWin10@155] MajorVersion[6] MinorVersion[2], 6.2 is win10

2025-12-12 10:53:27.788 INFO  [17708] [CMonitorResourceUsage::DoMonitorRes@200] Do not check process resource

2025-12-12 10:53:29.616 INFO  [29552] [UnitPluginInstance@51] UnitPluginInstance - Begin

2025-12-12 10:53:29.616 INFO  [29552] [CMonitorResourceUsage::StopMonitorThead@132] StopMonitorThead begin.

2025-12-12 10:53:29.658 INFO  [17708] [CMonitorResourceUsage::DoMonitorRes@229] DoMonitorResource end, m_bExitMonitorThread is true

2025-12-12 10:53:29.660 INFO  [29552] [CMonitorResourceUsage::StopMonitorThead@145] StopMonitorThead end.

2025-12-12 10:53:29.660 INFO  [29552] [UnitPluginInstance@55] UnitPluginInstance - End

2025-12-12 10:56:21.963 INFO  [29012] [CAuthorization::Init@57] Init begin.

2025-12-12 10:56:21.963 INFO  [29012] [GetDllFilePath@262] path[D:\Program Files\VMV4.4.0_240813\VM4.3.0_240813_setup\VisionMaster4.3.0\Applications\Server]

2025-12-12 10:56:21.964 ERROR [29012] [CDongleV4::LoadCfgParam@363] Load auth name file fail, [D:\Program Files\VMV4.4.0_240813\VM4.3.0_240813_setup\VisionMaster4.3.0\Applications\Server\ServerAuthName.ini].

2025-12-12 10:56:21.972 ERROR [29012] [CDongleV4::GetLicenseWithState@412] MVIE_GetLicense return[-2]

2025-12-12 10:56:21.972 ERROR [29012] [CDongleV4::GetLicenseInfo@473] GetLicenseWithState fail.

2025-12-12 10:56:22.015 ERROR [29012] [CDongleV5::Login@70] MV_LoginLicense fail, dongle type[0](0:dongle, 2:soft lock, 3:remote dongle) ret[5], msg[There are no available local locks.]

2025-12-12 10:56:22.015 ERROR [29012] [CDongleV5::GetLicenseInfo@242] Login fail. nRet[e0000700]

2025-12-12 10:56:22.016 ERROR [29012] [CAuthorization::Init@110] Init MVIE_GetBurnParam failure.

2025-12-12 10:56:22.016 ERROR [29012] [CAuthorization::Init@115] Not found usable dongle

2025-12-12 10:56:22.016 INFO  [29012] [CAuthorization::StartCheckThread@208] StartCheckThread begin.

2025-12-12 10:56:22.016 INFO  [29012] [CAuthorization::StartCheckThread@234] StartCheckThread end.

2025-12-12 10:56:22.016 INFO  [29012] [CAuthorization::Init@119] Init end.

2025-12-12 10:56:22.017 INFO  [11432] [CAuthorization::DoAuthCheck@260] DoAuthCheck begin.

2025-12-12 10:56:22.018 ERROR [11432] [CDongleV4::GetLicenseWithState@412] MVIE_GetLicense return[-2]

2025-12-12 10:56:22.018 ERROR [11432] [CDongleV4::GetLicenseInfo@473] GetLicenseWithState fail.

2025-12-12 10:56:22.018 ERROR [11432] [CAuthorization::DoAuthCheck@273] Can not find v4 dongle

2025-12-12 10:56:22.022 ERROR [11432] [CDongleV5::Login@70] MV_LoginLicense fail, dongle type[0](0:dongle, 2:soft lock, 3:remote dongle) ret[5], msg[There are no available local locks.]

2025-12-12 10:56:22.022 ERROR [11432] [CDongleV5::GetLicenseInfo@242] Login fail. nRet[e0000700]

2025-12-12 10:56:22.023 ERROR [11432] [CAuthorization::DoAuthCheck@296] Can not find v5 dongle and smart camera

2025-12-12 10:56:22.989 INFO  [29012] [CAuthorization::StopCheckThead@245] StopCheckThead begin.

2025-12-12 10:56:22.989 INFO  [11432] [CAuthorization::DoAuthCheck@358] DoAuthCheck end.

2025-12-12 10:56:22.990 INFO  [29012] [CAuthorization::StopCheckThead@250] StopCheckThead end.

2025-12-12 10:56:22.990 INFO  [29012] [CAuthorization::Uninit@134] Uninit end

2025-12-12 10:56:22.019 INFO  [29012] [InitPluginInstance@33] InitPluginInstance - Begin

2025-12-12 10:56:22.019 INFO  [29012] [CMonitorResourceUsage::Init@47] Init begin.

2025-12-12 10:56:22.019 INFO  [29012] [GetDllFilePath@262] path[D:\Program Files\VMV4.4.0_240813\VM4.3.0_240813_setup\VisionMaster4.3.0\Applications\Server]

2025-12-12 10:56:22.020 INFO  [29012] [CMonitorResourceUsage::LoadCfgParam@449] Now resource monitor interval[5]

2025-12-12 10:56:22.020 INFO  [29012] [CMonitorResourceUsage::StartMonitorThread@90] StartMonitorThread begin.

2025-12-12 10:56:22.020 INFO  [29012] [CMonitorResourceUsage::StartMonitorThread@121] StartCheckThread end.

2025-12-12 10:56:22.020 INFO  [29012] [InitPluginInstance@39] InitPluginInstance - End

2025-12-12 10:56:22.020 INFO  [8252] [CMonitorResourceUsage::DoMonitorRes@176] DoMonitorResource begin.

2025-12-12 10:56:22.020 INFO  [8252] [CMonitorResourceUsage::SystemVersionMoreThanWin10@155] MajorVersion[6] MinorVersion[2], 6.2 is win10

2025-12-12 10:56:22.020 INFO  [8252] [CMonitorResourceUsage::DoMonitorRes@200] Do not check process resource

2025-12-12 10:56:22.991 INFO  [29012] [UnitPluginInstance@51] UnitPluginInstance - Begin

2025-12-12 10:56:22.991 INFO  [29012] [CMonitorResourceUsage::StopMonitorThead@132] StopMonitorThead begin.

2025-12-12 10:56:22.994 INFO  [8252] [CMonitorResourceUsage::DoMonitorRes@229] DoMonitorResource end, m_bExitMonitorThread is true

2025-12-12 10:56:22.994 INFO  [29012] [CMonitorResourceUsage::StopMonitorThead@145] StopMonitorThead end.

2025-12-12 10:56:22.994 INFO  [29012] [UnitPluginInstance@55] UnitPluginInstance - End

2025-12-12 12:54:10.632 INFO  [7124] [CAuthorization::Init@57] Init begin.

2025-12-12 12:54:10.632 INFO  [7124] [GetDllFilePath@262] path[D:\Program Files\VMV4.4.0_240813\VM4.3.0_240813_setup\VisionMaster4.3.0\Applications\Server]

2025-12-12 12:54:10.632 ERROR [7124] [CDongleV4::LoadCfgParam@363] Load auth name file fail, [D:\Program Files\VMV4.4.0_240813\VM4.3.0_240813_setup\VisionMaster4.3.0\Applications\Server\ServerAuthName.ini].

2025-12-12 12:54:10.640 ERROR [7124] [CDongleV4::GetLicenseWithState@412] MVIE_GetLicense return[-2]

2025-12-12 12:54:10.640 ERROR [7124] [CDongleV4::GetLicenseInfo@473] GetLicenseWithState fail.

2025-12-12 12:54:10.681 ERROR [7124] [CDongleV5::Login@70] MV_LoginLicense fail, dongle type[0](0:dongle, 2:soft lock, 3:remote dongle) ret[5], msg[There are no available local locks.]

2025-12-12 12:54:10.681 ERROR [7124] [CDongleV5::GetLicenseInfo@242] Login fail. nRet[e0000700]

2025-12-12 12:54:10.682 ERROR [7124] [CAuthorization::Init@110] Init MVIE_GetBurnParam failure.

2025-12-12 12:54:10.682 ERROR [7124] [CAuthorization::Init@115] Not found usable dongle

2025-12-12 12:54:10.682 INFO  [7124] [CAuthorization::StartCheckThread@208] StartCheckThread begin.

2025-12-12 12:54:10.682 INFO  [7124] [CAuthorization::StartCheckThread@234] StartCheckThread end.

2025-12-12 12:54:10.682 INFO  [7124] [CAuthorization::Init@119] Init end.

2025-12-12 12:54:10.683 INFO  [21524] [CAuthorization::DoAuthCheck@260] DoAuthCheck begin.

2025-12-12 12:54:10.684 ERROR [21524] [CDongleV4::GetLicenseWithState@412] MVIE_GetLicense return[-2]

2025-12-12 12:54:10.684 ERROR [21524] [CDongleV4::GetLicenseInfo@473] GetLicenseWithState fail.

2025-12-12 12:54:10.684 ERROR [21524] [CAuthorization::DoAuthCheck@273] Can not find v4 dongle

2025-12-12 12:54:10.689 ERROR [21524] [CDongleV5::Login@70] MV_LoginLicense fail, dongle type[0](0:dongle, 2:soft lock, 3:remote dongle) ret[5], msg[There are no available local locks.]

2025-12-12 12:54:10.689 ERROR [21524] [CDongleV5::GetLicenseInfo@242] Login fail. nRet[e0000700]

2025-12-12 12:54:10.690 ERROR [21524] [CAuthorization::DoAuthCheck@296] Can not find v5 dongle and smart camera

2025-12-12 12:54:11.647 INFO  [7124] [CAuthorization::StopCheckThead@245] StopCheckThead begin.

2025-12-12 12:54:11.647 INFO  [21524] [CAuthorization::DoAuthCheck@358] DoAuthCheck end.

2025-12-12 12:54:11.648 INFO  [7124] [CAuthorization::StopCheckThead@250] StopCheckThead end.

2025-12-12 12:54:11.648 INFO  [7124] [CAuthorization::Uninit@134] Uninit end

2025-12-12 12:54:10.686 INFO  [7124] [InitPluginInstance@33] InitPluginInstance - Begin

2025-12-12 12:54:10.686 INFO  [7124] [CMonitorResourceUsage::Init@47] Init begin.

2025-12-12 12:54:10.687 INFO  [7124] [GetDllFilePath@262] path[D:\Program Files\VMV4.4.0_240813\VM4.3.0_240813_setup\VisionMaster4.3.0\Applications\Server]

2025-12-12 12:54:10.687 INFO  [7124] [CMonitorResourceUsage::LoadCfgParam@449] Now resource monitor interval[5]

2025-12-12 12:54:10.687 INFO  [7124] [CMonitorResourceUsage::StartMonitorThread@90] StartMonitorThread begin.

2025-12-12 12:54:10.687 INFO  [7124] [CMonitorResourceUsage::StartMonitorThread@121] StartCheckThread end.

2025-12-12 12:54:10.687 INFO  [7124] [InitPluginInstance@39] InitPluginInstance - End

2025-12-12 12:54:10.688 INFO  [23408] [CMonitorResourceUsage::DoMonitorRes@176] DoMonitorResource begin.

2025-12-12 12:54:10.688 INFO  [23408] [CMonitorResourceUsage::SystemVersionMoreThanWin10@155] MajorVersion[6] MinorVersion[2], 6.2 is win10

2025-12-12 12:54:10.688 INFO  [23408] [CMonitorResourceUsage::DoMonitorRes@200] Do not check process resource

2025-12-12 12:54:11.649 INFO  [7124] [UnitPluginInstance@51] UnitPluginInstance - Begin

2025-12-12 12:54:11.649 INFO  [7124] [CMonitorResourceUsage::StopMonitorThead@132] StopMonitorThead begin.

2025-12-12 12:54:11.673 INFO  [23408] [CMonitorResourceUsage::DoMonitorRes@229] DoMonitorResource end, m_bExitMonitorThread is true

2025-12-12 12:54:11.673 INFO  [7124] [CMonitorResourceUsage::StopMonitorThead@145] StopMonitorThead end.

2025-12-12 12:54:11.673 INFO  [7124] [UnitPluginInstance@55] UnitPluginInstance - End

2025-12-12 13:27:25.044 INFO  [25580] [CAuthorization::Init@57] Init begin.

2025-12-12 13:27:25.044 INFO  [25580] [GetDllFilePath@262] path[D:\Program Files\VMV4.4.0_240813\VM4.3.0_240813_setup\VisionMaster4.3.0\Applications\Server]

2025-12-12 13:27:25.045 ERROR [25580] [CDongleV4::LoadCfgParam@363] Load auth name file fail, [D:\Program Files\VMV4.4.0_240813\VM4.3.0_240813_setup\VisionMaster4.3.0\Applications\Server\ServerAuthName.ini].

2025-12-12 13:27:25.073 ERROR [25580] [CDongleV4::GetLicenseWithState@412] MVIE_GetLicense return[-2]

2025-12-12 13:27:25.074 ERROR [25580] [CDongleV4::GetLicenseInfo@473] GetLicenseWithState fail.

2025-12-12 13:27:25.116 ERROR [25580] [CDongleV5::Login@70] MV_LoginLicense fail, dongle type[0](0:dongle, 2:soft lock, 3:remote dongle) ret[5], msg[There are no available local locks.]

2025-12-12 13:27:25.116 ERROR [25580] [CDongleV5::GetLicenseInfo@242] Login fail. nRet[e0000700]

2025-12-12 13:27:25.117 ERROR [25580] [CAuthorization::Init@110] Init MVIE_GetBurnParam failure.

2025-12-12 13:27:25.117 ERROR [25580] [CAuthorization::Init@115] Not found usable dongle

2025-12-12 13:27:25.117 INFO  [25580] [CAuthorization::StartCheckThread@208] StartCheckThread begin.

2025-12-12 13:27:25.117 INFO  [25580] [CAuthorization::StartCheckThread@234] StartCheckThread end.

2025-12-12 13:27:25.117 INFO  [25580] [CAuthorization::Init@119] Init end.

2025-12-12 13:27:25.117 INFO  [18640] [CAuthorization::DoAuthCheck@260] DoAuthCheck begin.

2025-12-12 13:27:25.118 ERROR [18640] [CDongleV4::GetLicenseWithState@412] MVIE_GetLicense return[-2]

2025-12-12 13:27:25.118 ERROR [18640] [CDongleV4::GetLicenseInfo@473] GetLicenseWithState fail.

2025-12-12 13:27:25.118 ERROR [18640] [CAuthorization::DoAuthCheck@273] Can not find v4 dongle

2025-12-12 13:27:25.123 ERROR [18640] [CDongleV5::Login@70] MV_LoginLicense fail, dongle type[0](0:dongle, 2:soft lock, 3:remote dongle) ret[5], msg[There are no available local locks.]

2025-12-12 13:27:25.123 ERROR [18640] [CDongleV5::GetLicenseInfo@242] Login fail. nRet[e0000700]

2025-12-12 13:27:25.123 ERROR [18640] [CAuthorization::DoAuthCheck@296] Can not find v5 dongle and smart camera

2025-12-12 13:27:26.099 INFO  [25580] [CAuthorization::StopCheckThead@245] StopCheckThead begin.

2025-12-12 13:27:26.099 INFO  [18640] [CAuthorization::DoAuthCheck@358] DoAuthCheck end.

2025-12-12 13:27:26.100 INFO  [25580] [CAuthorization::StopCheckThead@250] StopCheckThead end.

2025-12-12 13:27:26.100 INFO  [25580] [CAuthorization::Uninit@134] Uninit end

2025-12-12 13:27:25.120 INFO  [25580] [InitPluginInstance@33] InitPluginInstance - Begin

2025-12-12 13:27:25.120 INFO  [25580] [CMonitorResourceUsage::Init@47] Init begin.

2025-12-12 13:27:25.120 INFO  [25580] [GetDllFilePath@262] path[D:\Program Files\VMV4.4.0_240813\VM4.3.0_240813_setup\VisionMaster4.3.0\Applications\Server]

2025-12-12 13:27:25.120 INFO  [25580] [CMonitorResourceUsage::LoadCfgParam@449] Now resource monitor interval[5]

2025-12-12 13:27:25.120 INFO  [25580] [CMonitorResourceUsage::StartMonitorThread@90] StartMonitorThread begin.

2025-12-12 13:27:25.120 INFO  [25580] [CMonitorResourceUsage::StartMonitorThread@121] StartCheckThread end.

2025-12-12 13:27:25.120 INFO  [25580] [InitPluginInstance@39] InitPluginInstance - End

2025-12-12 13:27:25.121 INFO  [16764] [CMonitorResourceUsage::DoMonitorRes@176] DoMonitorResource begin.

2025-12-12 13:27:25.121 INFO  [16764] [CMonitorResourceUsage::SystemVersionMoreThanWin10@155] MajorVersion[6] MinorVersion[2], 6.2 is win10

2025-12-12 13:27:25.121 INFO  [16764] [CMonitorResourceUsage::DoMonitorRes@200] Do not check process resource

2025-12-12 13:27:26.100 INFO  [25580] [UnitPluginInstance@51] UnitPluginInstance - Begin

2025-12-12 13:27:26.100 INFO  [25580] [CMonitorResourceUsage::StopMonitorThead@132] StopMonitorThead begin.

2025-12-12 13:27:26.113 INFO  [16764] [CMonitorResourceUsage::DoMonitorRes@229] DoMonitorResource end, m_bExitMonitorThread is true

2025-12-12 13:27:26.114 INFO  [25580] [CMonitorResourceUsage::StopMonitorThead@145] StopMonitorThead end.

2025-12-12 13:27:26.114 INFO  [25580] [UnitPluginInstance@55] UnitPluginInstance - End

2025-12-12 13:31:30.455 INFO  [28984] [CAuthorization::Init@57] Init begin.

2025-12-12 13:31:30.455 INFO  [28984] [GetDllFilePath@262] path[D:\Program Files\VMV4.4.0_240813\VM4.3.0_240813_setup\VisionMaster4.3.0\Applications\Server]

2025-12-12 13:31:30.455 ERROR [28984] [CDongleV4::LoadCfgParam@363] Load auth name file fail, [D:\Program Files\VMV4.4.0_240813\VM4.3.0_240813_setup\VisionMaster4.3.0\Applications\Server\ServerAuthName.ini].

2025-12-12 13:31:30.464 ERROR [28984] [CDongleV4::GetLicenseWithState@412] MVIE_GetLicense return[-2]

2025-12-12 13:31:30.464 ERROR [28984] [CDongleV4::GetLicenseInfo@473] GetLicenseWithState fail.

2025-12-12 13:31:30.505 ERROR [28984] [CDongleV5::Login@70] MV_LoginLicense fail, dongle type[0](0:dongle, 2:soft lock, 3:remote dongle) ret[5], msg[There are no available local locks.]

2025-12-12 13:31:30.505 ERROR [28984] [CDongleV5::GetLicenseInfo@242] Login fail. nRet[e0000700]

2025-12-12 13:31:30.506 ERROR [28984] [CAuthorization::Init@110] Init MVIE_GetBurnParam failure.

2025-12-12 13:31:30.506 ERROR [28984] [CAuthorization::Init@115] Not found usable dongle

2025-12-12 13:31:30.506 INFO  [28984] [CAuthorization::StartCheckThread@208] StartCheckThread begin.

2025-12-12 13:31:30.506 INFO  [28984] [CAuthorization::StartCheckThread@234] StartCheckThread end.

2025-12-12 13:31:30.506 INFO  [28984] [CAuthorization::Init@119] Init end.

2025-12-12 13:31:30.507 INFO  [15108] [CAuthorization::DoAuthCheck@260] DoAuthCheck begin.

2025-12-12 13:31:30.508 ERROR [15108] [CDongleV4::GetLicenseWithState@412] MVIE_GetLicense return[-2]

2025-12-12 13:31:30.508 ERROR [15108] [CDongleV4::GetLicenseInfo@473] GetLicenseWithState fail.

2025-12-12 13:31:30.508 ERROR [15108] [CAuthorization::DoAuthCheck@273] Can not find v4 dongle

2025-12-12 13:31:30.513 ERROR [15108] [CDongleV5::Login@70] MV_LoginLicense fail, dongle type[0](0:dongle, 2:soft lock, 3:remote dongle) ret[5], msg[There are no available local locks.]

2025-12-12 13:31:30.513 ERROR [15108] [CDongleV5::GetLicenseInfo@242] Login fail. nRet[e0000700]

2025-12-12 13:31:30.513 ERROR [15108] [CAuthorization::DoAuthCheck@296] Can not find v5 dongle and smart camera

2025-12-12 13:31:31.464 INFO  [28984] [CAuthorization::StopCheckThead@245] StopCheckThead begin.

2025-12-12 13:31:31.464 INFO  [15108] [CAuthorization::DoAuthCheck@358] DoAuthCheck end.

2025-12-12 13:31:31.465 INFO  [28984] [CAuthorization::StopCheckThead@250] StopCheckThead end.

2025-12-12 13:31:31.465 INFO  [28984] [CAuthorization::Uninit@134] Uninit end

2025-12-12 13:31:30.510 INFO  [28984] [InitPluginInstance@33] InitPluginInstance - Begin

2025-12-12 13:31:30.510 INFO  [28984] [CMonitorResourceUsage::Init@47] Init begin.

2025-12-12 13:31:30.510 INFO  [28984] [GetDllFilePath@262] path[D:\Program Files\VMV4.4.0_240813\VM4.3.0_240813_setup\VisionMaster4.3.0\Applications\Server]

2025-12-12 13:31:30.511 INFO  [28984] [CMonitorResourceUsage::LoadCfgParam@449] Now resource monitor interval[5]

2025-12-12 13:31:30.511 INFO  [28984] [CMonitorResourceUsage::StartMonitorThread@90] StartMonitorThread begin.

2025-12-12 13:31:30.511 INFO  [28984] [CMonitorResourceUsage::StartMonitorThread@121] StartCheckThread end.

2025-12-12 13:31:30.511 INFO  [28984] [InitPluginInstance@39] InitPluginInstance - End

2025-12-12 13:31:30.512 INFO  [25220] [CMonitorResourceUsage::DoMonitorRes@176] DoMonitorResource begin.

2025-12-12 13:31:30.512 INFO  [25220] [CMonitorResourceUsage::SystemVersionMoreThanWin10@155] MajorVersion[6] MinorVersion[2], 6.2 is win10

2025-12-12 13:31:30.512 INFO  [25220] [CMonitorResourceUsage::DoMonitorRes@200] Do not check process resource

2025-12-12 13:31:31.465 INFO  [28984] [UnitPluginInstance@51] UnitPluginInstance - Begin

2025-12-12 13:31:31.465 INFO  [28984] [CMonitorResourceUsage::StopMonitorThead@132] StopMonitorThead begin.

2025-12-12 13:31:31.516 INFO  [25220] [CMonitorResourceUsage::DoMonitorRes@229] DoMonitorResource end, m_bExitMonitorThread is true

2025-12-12 13:31:31.517 INFO  [28984] [CMonitorResourceUsage::StopMonitorThead@145] StopMonitorThead end.

2025-12-12 13:31:31.517 INFO  [28984] [UnitPluginInstance@55] UnitPluginInstance - End

2025-12-12 14:33:52.698 INFO  [25260] [CAuthorization::Init@57] Init begin.

2025-12-12 14:33:52.698 INFO  [25260] [GetDllFilePath@262] path[D:\Program Files\VMV4.4.0_240813\VM4.3.0_240813_setup\VisionMaster4.3.0\Applications\Server]

2025-12-12 14:33:52.699 ERROR [25260] [CDongleV4::LoadCfgParam@363] Load auth name file fail, [D:\Program Files\VMV4.4.0_240813\VM4.3.0_240813_setup\VisionMaster4.3.0\Applications\Server\ServerAuthName.ini].

2025-12-12 14:33:52.708 ERROR [25260] [CDongleV4::GetLicenseWithState@412] MVIE_GetLicense return[-2]

2025-12-12 14:33:52.708 ERROR [25260] [CDongleV4::GetLicenseInfo@473] GetLicenseWithState fail.

2025-12-12 14:33:52.751 ERROR [25260] [CDongleV5::Login@70] MV_LoginLicense fail, dongle type[0](0:dongle, 2:soft lock, 3:remote dongle) ret[5], msg[There are no available local locks.]

2025-12-12 14:33:52.751 ERROR [25260] [CDongleV5::GetLicenseInfo@242] Login fail. nRet[e0000700]

2025-12-12 14:33:52.751 ERROR [25260] [CAuthorization::Init@110] Init MVIE_GetBurnParam failure.

2025-12-12 14:33:52.751 ERROR [25260] [CAuthorization::Init@115] Not found usable dongle

2025-12-12 14:33:52.751 INFO  [25260] [CAuthorization::StartCheckThread@208] StartCheckThread begin.

2025-12-12 14:33:52.751 INFO  [25260] [CAuthorization::StartCheckThread@234] StartCheckThread end.

2025-12-12 14:33:52.751 INFO  [25260] [CAuthorization::Init@119] Init end.

2025-12-12 14:33:52.752 INFO  [27544] [CAuthorization::DoAuthCheck@260] DoAuthCheck begin.

2025-12-12 14:33:52.753 ERROR [27544] [CDongleV4::GetLicenseWithState@412] MVIE_GetLicense return[-2]

2025-12-12 14:33:52.753 ERROR [27544] [CDongleV4::GetLicenseInfo@473] GetLicenseWithState fail.

2025-12-12 14:33:52.753 ERROR [27544] [CAuthorization::DoAuthCheck@273] Can not find v4 dongle

2025-12-12 14:33:52.759 ERROR [27544] [CDongleV5::Login@70] MV_LoginLicense fail, dongle type[0](0:dongle, 2:soft lock, 3:remote dongle) ret[5], msg[There are no available local locks.]

2025-12-12 14:33:52.759 ERROR [27544] [CDongleV5::GetLicenseInfo@242] Login fail. nRet[e0000700]

2025-12-12 14:33:52.760 ERROR [27544] [CAuthorization::DoAuthCheck@296] Can not find v5 dongle and smart camera

2025-12-12 14:33:53.992 INFO  [25260] [CAuthorization::StopCheckThead@245] StopCheckThead begin.

2025-12-12 14:33:53.992 INFO  [27544] [CAuthorization::DoAuthCheck@358] DoAuthCheck end.

2025-12-12 14:33:53.992 INFO  [25260] [CAuthorization::StopCheckThead@250] StopCheckThead end.

2025-12-12 14:33:53.992 INFO  [25260] [CAuthorization::Uninit@134] Uninit end

2025-12-12 14:33:52.756 INFO  [25260] [InitPluginInstance@33] InitPluginInstance - Begin

2025-12-12 14:33:52.756 INFO  [25260] [CMonitorResourceUsage::Init@47] Init begin.

2025-12-12 14:33:52.756 INFO  [25260] [GetDllFilePath@262] path[D:\Program Files\VMV4.4.0_240813\VM4.3.0_240813_setup\VisionMaster4.3.0\Applications\Server]

2025-12-12 14:33:52.757 INFO  [25260] [CMonitorResourceUsage::LoadCfgParam@449] Now resource monitor interval[5]

2025-12-12 14:33:52.757 INFO  [25260] [CMonitorResourceUsage::StartMonitorThread@90] StartMonitorThread begin.

2025-12-12 14:33:52.757 INFO  [25260] [CMonitorResourceUsage::StartMonitorThread@121] StartCheckThread end.

2025-12-12 14:33:52.757 INFO  [25260] [InitPluginInstance@39] InitPluginInstance - End

2025-12-12 14:33:52.758 INFO  [11528] [CMonitorResourceUsage::DoMonitorRes@176] DoMonitorResource begin.

2025-12-12 14:33:52.758 INFO  [11528] [CMonitorResourceUsage::SystemVersionMoreThanWin10@155] MajorVersion[6] MinorVersion[2], 6.2 is win10

2025-12-12 14:33:52.758 INFO  [11528] [CMonitorResourceUsage::DoMonitorRes@200] Do not check process resource

2025-12-12 14:33:53.993 INFO  [25260] [UnitPluginInstance@51] UnitPluginInstance - Begin

2025-12-12 14:33:53.993 INFO  [25260] [CMonitorResourceUsage::StopMonitorThead@132] StopMonitorThead begin.

2025-12-12 14:33:54.032 INFO  [11528] [CMonitorResourceUsage::DoMonitorRes@229] DoMonitorResource end, m_bExitMonitorThread is true

2025-12-12 14:33:54.032 INFO  [25260] [CMonitorResourceUsage::StopMonitorThead@145] StopMonitorThead end.

2025-12-12 14:33:54.032 INFO  [25260] [UnitPluginInstance@55] UnitPluginInstance - End

2025-12-12 14:51:13.138 INFO  [24396] [CAuthorization::Init@57] Init begin.

2025-12-12 14:51:13.138 INFO  [24396] [GetDllFilePath@262] path[D:\Program Files\VMV4.4.0_240813\VM4.3.0_240813_setup\VisionMaster4.3.0\Applications\Server]

2025-12-12 14:51:13.139 ERROR [24396] [CDongleV4::LoadCfgParam@363] Load auth name file fail, [D:\Program Files\VMV4.4.0_240813\VM4.3.0_240813_setup\VisionMaster4.3.0\Applications\Server\ServerAuthName.ini].

2025-12-12 14:51:13.146 ERROR [24396] [CDongleV4::GetLicenseWithState@412] MVIE_GetLicense return[-2]

2025-12-12 14:51:13.146 ERROR [24396] [CDongleV4::GetLicenseInfo@473] GetLicenseWithState fail.

2025-12-12 14:51:13.192 ERROR [24396] [CDongleV5::Login@70] MV_LoginLicense fail, dongle type[0](0:dongle, 2:soft lock, 3:remote dongle) ret[5], msg[There are no available local locks.]

2025-12-12 14:51:13.192 ERROR [24396] [CDongleV5::GetLicenseInfo@242] Login fail. nRet[e0000700]

2025-12-12 14:51:13.193 ERROR [24396] [CAuthorization::Init@110] Init MVIE_GetBurnParam failure.

2025-12-12 14:51:13.193 ERROR [24396] [CAuthorization::Init@115] Not found usable dongle

2025-12-12 14:51:13.193 INFO  [24396] [CAuthorization::StartCheckThread@208] StartCheckThread begin.

2025-12-12 14:51:13.193 INFO  [24396] [CAuthorization::StartCheckThread@234] StartCheckThread end.

2025-12-12 14:51:13.193 INFO  [24396] [CAuthorization::Init@119] Init end.

2025-12-12 14:51:13.194 INFO  [18112] [CAuthorization::DoAuthCheck@260] DoAuthCheck begin.

2025-12-12 14:51:13.195 ERROR [18112] [CDongleV4::GetLicenseWithState@412] MVIE_GetLicense return[-2]

2025-12-12 14:51:13.195 ERROR [18112] [CDongleV4::GetLicenseInfo@473] GetLicenseWithState fail.

2025-12-12 14:51:13.195 ERROR [18112] [CAuthorization::DoAuthCheck@273] Can not find v4 dongle

2025-12-12 14:51:13.199 ERROR [18112] [CDongleV5::Login@70] MV_LoginLicense fail, dongle type[0](0:dongle, 2:soft lock, 3:remote dongle) ret[5], msg[There are no available local locks.]

2025-12-12 14:51:13.199 ERROR [18112] [CDongleV5::GetLicenseInfo@242] Login fail. nRet[e0000700]

2025-12-12 14:51:13.199 ERROR [18112] [CAuthorization::DoAuthCheck@296] Can not find v5 dongle and smart camera

2025-12-12 14:51:14.450 INFO  [24396] [CAuthorization::StopCheckThead@245] StopCheckThead begin.

2025-12-12 14:51:14.450 INFO  [18112] [CAuthorization::DoAuthCheck@358] DoAuthCheck end.

2025-12-12 14:51:14.450 INFO  [24396] [CAuthorization::StopCheckThead@250] StopCheckThead end.

2025-12-12 14:51:14.450 INFO  [24396] [CAuthorization::Uninit@134] Uninit end

2025-12-12 14:51:13.197 INFO  [24396] [InitPluginInstance@33] InitPluginInstance - Begin

2025-12-12 14:51:13.197 INFO  [24396] [CMonitorResourceUsage::Init@47] Init begin.

2025-12-12 14:51:13.197 INFO  [24396] [GetDllFilePath@262] path[D:\Program Files\VMV4.4.0_240813\VM4.3.0_240813_setup\VisionMaster4.3.0\Applications\Server]

2025-12-12 14:51:13.197 INFO  [24396] [CMonitorResourceUsage::LoadCfgParam@449] Now resource monitor interval[5]

2025-12-12 14:51:13.197 INFO  [24396] [CMonitorResourceUsage::StartMonitorThread@90] StartMonitorThread begin.

2025-12-12 14:51:13.198 INFO  [24396] [CMonitorResourceUsage::StartMonitorThread@121] StartCheckThread end.

2025-12-12 14:51:13.198 INFO  [24396] [InitPluginInstance@39] InitPluginInstance - End

2025-12-12 14:51:13.199 INFO  [21556] [CMonitorResourceUsage::DoMonitorRes@176] DoMonitorResource begin.

2025-12-12 14:51:13.199 INFO  [21556] [CMonitorResourceUsage::SystemVersionMoreThanWin10@155] MajorVersion[6] MinorVersion[2], 6.2 is win10

2025-12-12 14:51:13.199 INFO  [21556] [CMonitorResourceUsage::DoMonitorRes@200] Do not check process resource

2025-12-12 14:51:14.451 INFO  [24396] [UnitPluginInstance@51] UnitPluginInstance - Begin

2025-12-12 14:51:14.451 INFO  [24396] [CMonitorResourceUsage::StopMonitorThead@132] StopMonitorThead begin.

2025-12-12 14:51:14.476 INFO  [21556] [CMonitorResourceUsage::DoMonitorRes@229] DoMonitorResource end, m_bExitMonitorThread is true

2025-12-12 14:51:14.476 INFO  [24396] [CMonitorResourceUsage::StopMonitorThead@145] StopMonitorThead end.

2025-12-12 14:51:14.476 INFO  [24396] [UnitPluginInstance@55] UnitPluginInstance - End

2025-12-12 15:10:36.820 INFO  [27748] [CAuthorization::Init@57] Init begin.

2025-12-12 15:10:36.820 INFO  [27748] [GetDllFilePath@262] path[D:\Program Files\VMV4.4.0_240813\VM4.3.0_240813_setup\VisionMaster4.3.0\Applications\Server]

2025-12-12 15:10:36.820 ERROR [27748] [CDongleV4::LoadCfgParam@363] Load auth name file fail, [D:\Program Files\VMV4.4.0_240813\VM4.3.0_240813_setup\VisionMaster4.3.0\Applications\Server\ServerAuthName.ini].

2025-12-12 15:10:36.831 ERROR [27748] [CDongleV4::GetLicenseWithState@412] MVIE_GetLicense return[-2]

2025-12-12 15:10:36.831 ERROR [27748] [CDongleV4::GetLicenseInfo@473] GetLicenseWithState fail.

2025-12-12 15:10:36.875 ERROR [27748] [CDongleV5::Login@70] MV_LoginLicense fail, dongle type[0](0:dongle, 2:soft lock, 3:remote dongle) ret[5], msg[There are no available local locks.]

2025-12-12 15:10:36.875 ERROR [27748] [CDongleV5::GetLicenseInfo@242] Login fail. nRet[e0000700]

2025-12-12 15:10:36.876 ERROR [27748] [CAuthorization::Init@110] Init MVIE_GetBurnParam failure.

2025-12-12 15:10:36.876 ERROR [27748] [CAuthorization::Init@115] Not found usable dongle

2025-12-12 15:10:36.876 INFO  [27748] [CAuthorization::StartCheckThread@208] StartCheckThread begin.

2025-12-12 15:10:36.876 INFO  [27748] [CAuthorization::StartCheckThread@234] StartCheckThread end.

2025-12-12 15:10:36.876 INFO  [27748] [CAuthorization::Init@119] Init end.

2025-12-12 15:10:36.876 INFO  [25444] [CAuthorization::DoAuthCheck@260] DoAuthCheck begin.

2025-12-12 15:10:36.877 ERROR [25444] [CDongleV4::GetLicenseWithState@412] MVIE_GetLicense return[-2]

2025-12-12 15:10:36.877 ERROR [25444] [CDongleV4::GetLicenseInfo@473] GetLicenseWithState fail.

2025-12-12 15:10:36.877 ERROR [25444] [CAuthorization::DoAuthCheck@273] Can not find v4 dongle

2025-12-12 15:10:36.882 ERROR [25444] [CDongleV5::Login@70] MV_LoginLicense fail, dongle type[0](0:dongle, 2:soft lock, 3:remote dongle) ret[5], msg[There are no available local locks.]

2025-12-12 15:10:36.882 ERROR [25444] [CDongleV5::GetLicenseInfo@242] Login fail. nRet[e0000700]

2025-12-12 15:10:36.883 ERROR [25444] [CAuthorization::DoAuthCheck@296] Can not find v5 dongle and smart camera

2025-12-12 15:10:38.445 INFO  [27748] [CAuthorization::StopCheckThead@245] StopCheckThead begin.

2025-12-12 15:10:38.445 INFO  [25444] [CAuthorization::DoAuthCheck@358] DoAuthCheck end.

2025-12-12 15:10:38.446 INFO  [27748] [CAuthorization::StopCheckThead@250] StopCheckThead end.

2025-12-12 15:10:38.446 INFO  [27748] [CAuthorization::Uninit@134] Uninit end

2025-12-12 15:10:36.880 INFO  [27748] [InitPluginInstance@33] InitPluginInstance - Begin

2025-12-12 15:10:36.880 INFO  [27748] [CMonitorResourceUsage::Init@47] Init begin.

2025-12-12 15:10:36.880 INFO  [27748] [GetDllFilePath@262] path[D:\Program Files\VMV4.4.0_240813\VM4.3.0_240813_setup\VisionMaster4.3.0\Applications\Server]

2025-12-12 15:10:36.881 INFO  [27748] [CMonitorResourceUsage::LoadCfgParam@449] Now resource monitor interval[5]

2025-12-12 15:10:36.881 INFO  [27748] [CMonitorResourceUsage::StartMonitorThread@90] StartMonitorThread begin.

2025-12-12 15:10:36.881 INFO  [27748] [CMonitorResourceUsage::StartMonitorThread@121] StartCheckThread end.

2025-12-12 15:10:36.881 INFO  [27748] [InitPluginInstance@39] InitPluginInstance - End

2025-12-12 15:10:36.882 INFO  [8252] [CMonitorResourceUsage::DoMonitorRes@176] DoMonitorResource begin.

2025-12-12 15:10:36.882 INFO  [8252] [CMonitorResourceUsage::SystemVersionMoreThanWin10@155] MajorVersion[6] MinorVersion[2], 6.2 is win10

2025-12-12 15:10:36.882 INFO  [8252] [CMonitorResourceUsage::DoMonitorRes@200] Do not check process resource

2025-12-12 15:10:38.446 INFO  [27748] [UnitPluginInstance@51] UnitPluginInstance - Begin

2025-12-12 15:10:38.446 INFO  [27748] [CMonitorResourceUsage::StopMonitorThead@132] StopMonitorThead begin.

2025-12-12 15:10:38.483 INFO  [8252] [CMonitorResourceUsage::DoMonitorRes@229] DoMonitorResource end, m_bExitMonitorThread is true

2025-12-12 15:10:38.483 INFO  [27748] [CMonitorResourceUsage::StopMonitorThead@145] StopMonitorThead end.

2025-12-12 15:10:38.483 INFO  [27748] [UnitPluginInstance@55] UnitPluginInstance - End

2025-12-12 15:13:26.878 INFO  [19096] [CAuthorization::Init@57] Init begin.

2025-12-12 15:13:26.878 INFO  [19096] [GetDllFilePath@262] path[D:\Program Files\VMV4.4.0_240813\VM4.3.0_240813_setup\VisionMaster4.3.0\Applications\Server]

2025-12-12 15:13:26.878 ERROR [19096] [CDongleV4::LoadCfgParam@363] Load auth name file fail, [D:\Program Files\VMV4.4.0_240813\VM4.3.0_240813_setup\VisionMaster4.3.0\Applications\Server\ServerAuthName.ini].

2025-12-12 15:13:26.894 ERROR [19096] [CDongleV4::GetLicenseWithState@412] MVIE_GetLicense return[-2]

2025-12-12 15:13:26.894 ERROR [19096] [CDongleV4::GetLicenseInfo@473] GetLicenseWithState fail.

2025-12-12 15:13:26.959 ERROR [19096] [CDongleV5::Login@70] MV_LoginLicense fail, dongle type[0](0:dongle, 2:soft lock, 3:remote dongle) ret[5], msg[There are no available local locks.]

2025-12-12 15:13:26.959 ERROR [19096] [CDongleV5::GetLicenseInfo@242] Login fail. nRet[e0000700]

2025-12-12 15:13:26.960 ERROR [19096] [CAuthorization::Init@110] Init MVIE_GetBurnParam failure.

2025-12-12 15:13:26.960 ERROR [19096] [CAuthorization::Init@115] Not found usable dongle

2025-12-12 15:13:26.960 INFO  [19096] [CAuthorization::StartCheckThread@208] StartCheckThread begin.

2025-12-12 15:13:26.960 INFO  [19096] [CAuthorization::StartCheckThread@234] StartCheckThread end.

2025-12-12 15:13:26.960 INFO  [19096] [CAuthorization::Init@119] Init end.

2025-12-12 15:13:26.960 INFO  [16568] [CAuthorization::DoAuthCheck@260] DoAuthCheck begin.

2025-12-12 15:13:26.961 ERROR [16568] [CDongleV4::GetLicenseWithState@412] MVIE_GetLicense return[-2]

2025-12-12 15:13:26.961 ERROR [16568] [CDongleV4::GetLicenseInfo@473] GetLicenseWithState fail.

2025-12-12 15:13:26.961 ERROR [16568] [CAuthorization::DoAuthCheck@273] Can not find v4 dongle

2025-12-12 15:13:26.966 ERROR [16568] [CDongleV5::Login@70] MV_LoginLicense fail, dongle type[0](0:dongle, 2:soft lock, 3:remote dongle) ret[5], msg[There are no available local locks.]

2025-12-12 15:13:26.966 ERROR [16568] [CDongleV5::GetLicenseInfo@242] Login fail. nRet[e0000700]

2025-12-12 15:13:26.967 ERROR [16568] [CAuthorization::DoAuthCheck@296] Can not find v5 dongle and smart camera

2025-12-12 15:13:28.706 INFO  [19096] [CAuthorization::StopCheckThead@245] StopCheckThead begin.

2025-12-12 15:13:28.706 INFO  [16568] [CAuthorization::DoAuthCheck@358] DoAuthCheck end.

2025-12-12 15:13:28.706 INFO  [19096] [CAuthorization::StopCheckThead@250] StopCheckThead end.

2025-12-12 15:13:28.706 INFO  [19096] [CAuthorization::Uninit@134] Uninit end

2025-12-12 15:13:26.964 INFO  [19096] [InitPluginInstance@33] InitPluginInstance - Begin

2025-12-12 15:13:26.964 INFO  [19096] [CMonitorResourceUsage::Init@47] Init begin.

2025-12-12 15:13:26.964 INFO  [19096] [GetDllFilePath@262] path[D:\Program Files\VMV4.4.0_240813\VM4.3.0_240813_setup\VisionMaster4.3.0\Applications\Server]

2025-12-12 15:13:26.965 INFO  [19096] [CMonitorResourceUsage::LoadCfgParam@449] Now resource monitor interval[5]

2025-12-12 15:13:26.965 INFO  [19096] [CMonitorResourceUsage::StartMonitorThread@90] StartMonitorThread begin.

2025-12-12 15:13:26.966 INFO  [19096] [CMonitorResourceUsage::StartMonitorThread@121] StartCheckThread end.

2025-12-12 15:13:26.966 INFO  [19096] [InitPluginInstance@39] InitPluginInstance - End

2025-12-12 15:13:26.967 INFO  [29468] [CMonitorResourceUsage::DoMonitorRes@176] DoMonitorResource begin.

2025-12-12 15:13:26.967 INFO  [29468] [CMonitorResourceUsage::SystemVersionMoreThanWin10@155] MajorVersion[6] MinorVersion[2], 6.2 is win10

2025-12-12 15:13:26.967 INFO  [29468] [CMonitorResourceUsage::DoMonitorRes@200] Do not check process resource

2025-12-12 15:13:28.707 INFO  [19096] [UnitPluginInstance@51] UnitPluginInstance - Begin

2025-12-12 15:13:28.707 INFO  [19096] [CMonitorResourceUsage::StopMonitorThead@132] StopMonitorThead begin.

2025-12-12 15:13:28.754 INFO  [29468] [CMonitorResourceUsage::DoMonitorRes@229] DoMonitorResource end, m_bExitMonitorThread is true

2025-12-12 15:13:28.756 INFO  [19096] [CMonitorResourceUsage::StopMonitorThead@145] StopMonitorThead end.

2025-12-12 15:13:28.756 INFO  [19096] [UnitPluginInstance@55] UnitPluginInstance - End

2025-12-12 15:15:00.579 INFO  [6372] [CAuthorization::Init@57] Init begin.

2025-12-12 15:15:00.579 INFO  [6372] [GetDllFilePath@262] path[D:\Program Files\VMV4.4.0_240813\VM4.3.0_240813_setup\VisionMaster4.3.0\Applications\Server]

2025-12-12 15:15:00.580 ERROR [6372] [CDongleV4::LoadCfgParam@363] Load auth name file fail, [D:\Program Files\VMV4.4.0_240813\VM4.3.0_240813_setup\VisionMaster4.3.0\Applications\Server\ServerAuthName.ini].

2025-12-12 15:15:00.593 ERROR [6372] [CDongleV4::GetLicenseWithState@412] MVIE_GetLicense return[-2]

2025-12-12 15:15:00.593 ERROR [6372] [CDongleV4::GetLicenseInfo@473] GetLicenseWithState fail.

2025-12-12 15:15:00.637 ERROR [6372] [CDongleV5::Login@70] MV_LoginLicense fail, dongle type[0](0:dongle, 2:soft lock, 3:remote dongle) ret[5], msg[There are no available local locks.]

2025-12-12 15:15:00.637 ERROR [6372] [CDongleV5::GetLicenseInfo@242] Login fail. nRet[e0000700]

2025-12-12 15:15:00.637 ERROR [6372] [CAuthorization::Init@110] Init MVIE_GetBurnParam failure.

2025-12-12 15:15:00.637 ERROR [6372] [CAuthorization::Init@115] Not found usable dongle

2025-12-12 15:15:00.637 INFO  [6372] [CAuthorization::StartCheckThread@208] StartCheckThread begin.

2025-12-12 15:15:00.638 INFO  [6372] [CAuthorization::StartCheckThread@234] StartCheckThread end.

2025-12-12 15:15:00.638 INFO  [6372] [CAuthorization::Init@119] Init end.

2025-12-12 15:15:00.638 INFO  [13000] [CAuthorization::DoAuthCheck@260] DoAuthCheck begin.

2025-12-12 15:15:00.639 ERROR [13000] [CDongleV4::GetLicenseWithState@412] MVIE_GetLicense return[-2]

2025-12-12 15:15:00.639 ERROR [13000] [CDongleV4::GetLicenseInfo@473] GetLicenseWithState fail.

2025-12-12 15:15:00.639 ERROR [13000] [CAuthorization::DoAuthCheck@273] Can not find v4 dongle

2025-12-12 15:15:00.643 ERROR [13000] [CDongleV5::Login@70] MV_LoginLicense fail, dongle type[0](0:dongle, 2:soft lock, 3:remote dongle) ret[5], msg[There are no available local locks.]

2025-12-12 15:15:00.643 ERROR [13000] [CDongleV5::GetLicenseInfo@242] Login fail. nRet[e0000700]

2025-12-12 15:15:00.644 ERROR [13000] [CAuthorization::DoAuthCheck@296] Can not find v5 dongle and smart camera

2025-12-12 15:15:02.205 INFO  [6372] [CAuthorization::StopCheckThead@245] StopCheckThead begin.

2025-12-12 15:15:02.205 INFO  [13000] [CAuthorization::DoAuthCheck@358] DoAuthCheck end.

2025-12-12 15:15:02.206 INFO  [6372] [CAuthorization::StopCheckThead@250] StopCheckThead end.

2025-12-12 15:15:02.206 INFO  [6372] [CAuthorization::Uninit@134] Uninit end

2025-12-12 15:15:00.642 INFO  [6372] [InitPluginInstance@33] InitPluginInstance - Begin

2025-12-12 15:15:00.642 INFO  [6372] [CMonitorResourceUsage::Init@47] Init begin.

2025-12-12 15:15:00.642 INFO  [6372] [GetDllFilePath@262] path[D:\Program Files\VMV4.4.0_240813\VM4.3.0_240813_setup\VisionMaster4.3.0\Applications\Server]

2025-12-12 15:15:00.643 INFO  [6372] [CMonitorResourceUsage::LoadCfgParam@449] Now resource monitor interval[5]

2025-12-12 15:15:00.643 INFO  [6372] [CMonitorResourceUsage::StartMonitorThread@90] StartMonitorThread begin.

2025-12-12 15:15:00.643 INFO  [6372] [CMonitorResourceUsage::StartMonitorThread@121] StartCheckThread end.

2025-12-12 15:15:00.643 INFO  [6372] [InitPluginInstance@39] InitPluginInstance - End

2025-12-12 15:15:00.644 INFO  [29412] [CMonitorResourceUsage::DoMonitorRes@176] DoMonitorResource begin.

2025-12-12 15:15:00.644 INFO  [29412] [CMonitorResourceUsage::SystemVersionMoreThanWin10@155] MajorVersion[6] MinorVersion[2], 6.2 is win10

2025-12-12 15:15:00.644 INFO  [29412] [CMonitorResourceUsage::DoMonitorRes@200] Do not check process resource

2025-12-12 15:15:02.206 INFO  [6372] [UnitPluginInstance@51] UnitPluginInstance - Begin

2025-12-12 15:15:02.206 INFO  [6372] [CMonitorResourceUsage::StopMonitorThead@132] StopMonitorThead begin.

2025-12-12 15:15:02.258 INFO  [29412] [CMonitorResourceUsage::DoMonitorRes@229] DoMonitorResource end, m_bExitMonitorThread is true

2025-12-12 15:15:02.258 INFO  [6372] [CMonitorResourceUsage::StopMonitorThead@145] StopMonitorThead end.

2025-12-12 15:15:02.258 INFO  [6372] [UnitPluginInstance@55] UnitPluginInstance - End

2025-12-12 15:20:34.465 INFO  [1788] [CAuthorization::Init@57] Init begin.

2025-12-12 15:20:34.465 INFO  [1788] [GetDllFilePath@262] path[D:\Program Files\VMV4.4.0_240813\VM4.3.0_240813_setup\VisionMaster4.3.0\Applications\Server]

2025-12-12 15:20:34.466 ERROR [1788] [CDongleV4::LoadCfgParam@363] Load auth name file fail, [D:\Program Files\VMV4.4.0_240813\VM4.3.0_240813_setup\VisionMaster4.3.0\Applications\Server\ServerAuthName.ini].

2025-12-12 15:20:34.477 ERROR [1788] [CDongleV4::GetLicenseWithState@412] MVIE_GetLicense return[-2]

2025-12-12 15:20:34.477 ERROR [1788] [CDongleV4::GetLicenseInfo@473] GetLicenseWithState fail.

2025-12-12 15:20:34.522 ERROR [1788] [CDongleV5::Login@70] MV_LoginLicense fail, dongle type[0](0:dongle, 2:soft lock, 3:remote dongle) ret[5], msg[There are no available local locks.]

2025-12-12 15:20:34.522 ERROR [1788] [CDongleV5::GetLicenseInfo@242] Login fail. nRet[e0000700]

2025-12-12 15:20:34.523 ERROR [1788] [CAuthorization::Init@110] Init MVIE_GetBurnParam failure.

2025-12-12 15:20:34.523 ERROR [1788] [CAuthorization::Init@115] Not found usable dongle

2025-12-12 15:20:34.523 INFO  [1788] [CAuthorization::StartCheckThread@208] StartCheckThread begin.

2025-12-12 15:20:34.523 INFO  [1788] [CAuthorization::StartCheckThread@234] StartCheckThread end.

2025-12-12 15:20:34.523 INFO  [1788] [CAuthorization::Init@119] Init end.

2025-12-12 15:20:34.524 INFO  [30404] [CAuthorization::DoAuthCheck@260] DoAuthCheck begin.

2025-12-12 15:20:34.524 ERROR [30404] [CDongleV4::GetLicenseWithState@412] MVIE_GetLicense return[-2]

2025-12-12 15:20:34.524 ERROR [30404] [CDongleV4::GetLicenseInfo@473] GetLicenseWithState fail.

2025-12-12 15:20:34.524 ERROR [30404] [CAuthorization::DoAuthCheck@273] Can not find v4 dongle

2025-12-12 15:20:34.528 ERROR [30404] [CDongleV5::Login@70] MV_LoginLicense fail, dongle type[0](0:dongle, 2:soft lock, 3:remote dongle) ret[5], msg[There are no available local locks.]

2025-12-12 15:20:34.528 ERROR [30404] [CDongleV5::GetLicenseInfo@242] Login fail. nRet[e0000700]

2025-12-12 15:20:34.529 ERROR [30404] [CAuthorization::DoAuthCheck@296] Can not find v5 dongle and smart camera

2025-12-12 15:20:36.179 INFO  [1788] [CAuthorization::StopCheckThead@245] StopCheckThead begin.

2025-12-12 15:20:36.179 INFO  [30404] [CAuthorization::DoAuthCheck@358] DoAuthCheck end.

2025-12-12 15:20:36.179 INFO  [1788] [CAuthorization::StopCheckThead@250] StopCheckThead end.

2025-12-12 15:20:36.179 INFO  [1788] [CAuthorization::Uninit@134] Uninit end

2025-12-12 15:20:34.527 INFO  [1788] [InitPluginInstance@33] InitPluginInstance - Begin

2025-12-12 15:20:34.527 INFO  [1788] [CMonitorResourceUsage::Init@47] Init begin.

2025-12-12 15:20:34.527 INFO  [1788] [GetDllFilePath@262] path[D:\Program Files\VMV4.4.0_240813\VM4.3.0_240813_setup\VisionMaster4.3.0\Applications\Server]

2025-12-12 15:20:34.528 INFO  [1788] [CMonitorResourceUsage::LoadCfgParam@449] Now resource monitor interval[5]

2025-12-12 15:20:34.528 INFO  [1788] [CMonitorResourceUsage::StartMonitorThread@90] StartMonitorThread begin.

2025-12-12 15:20:34.528 INFO  [1788] [CMonitorResourceUsage::StartMonitorThread@121] StartCheckThread end.

2025-12-12 15:20:34.528 INFO  [1788] [InitPluginInstance@39] InitPluginInstance - End

2025-12-12 15:20:34.530 INFO  [24064] [CMonitorResourceUsage::DoMonitorRes@176] DoMonitorResource begin.

2025-12-12 15:20:34.530 INFO  [24064] [CMonitorResourceUsage::SystemVersionMoreThanWin10@155] MajorVersion[6] MinorVersion[2], 6.2 is win10

2025-12-12 15:20:34.530 INFO  [24064] [CMonitorResourceUsage::DoMonitorRes@200] Do not check process resource

2025-12-12 15:20:36.180 INFO  [1788] [UnitPluginInstance@51] UnitPluginInstance - Begin

2025-12-12 15:20:36.180 INFO  [1788] [CMonitorResourceUsage::StopMonitorThead@132] StopMonitorThead begin.

2025-12-12 15:20:36.191 INFO  [24064] [CMonitorResourceUsage::DoMonitorRes@229] DoMonitorResource end, m_bExitMonitorThread is true

2025-12-12 15:20:36.191 INFO  [1788] [CMonitorResourceUsage::StopMonitorThead@145] StopMonitorThead end.

2025-12-12 15:20:36.191 INFO  [1788] [UnitPluginInstance@55] UnitPluginInstance - End

2025-12-12 15:23:58.550 INFO  [7436] [CAuthorization::Init@57] Init begin.

2025-12-12 15:23:58.550 INFO  [7436] [GetDllFilePath@262] path[D:\Program Files\VMV4.4.0_240813\VM4.3.0_240813_setup\VisionMaster4.3.0\Applications\Server]

2025-12-12 15:23:58.550 ERROR [7436] [CDongleV4::LoadCfgParam@363] Load auth name file fail, [D:\Program Files\VMV4.4.0_240813\VM4.3.0_240813_setup\VisionMaster4.3.0\Applications\Server\ServerAuthName.ini].

2025-12-12 15:23:58.558 ERROR [7436] [CDongleV4::GetLicenseWithState@412] MVIE_GetLicense return[-2]

2025-12-12 15:23:58.558 ERROR [7436] [CDongleV4::GetLicenseInfo@473] GetLicenseWithState fail.

2025-12-12 15:23:58.603 ERROR [7436] [CDongleV5::Login@70] MV_LoginLicense fail, dongle type[0](0:dongle, 2:soft lock, 3:remote dongle) ret[5], msg[There are no available local locks.]

2025-12-12 15:23:58.603 ERROR [7436] [CDongleV5::GetLicenseInfo@242] Login fail. nRet[e0000700]

2025-12-12 15:23:58.604 ERROR [7436] [CAuthorization::Init@110] Init MVIE_GetBurnParam failure.

2025-12-12 15:23:58.604 ERROR [7436] [CAuthorization::Init@115] Not found usable dongle

2025-12-12 15:23:58.604 INFO  [7436] [CAuthorization::StartCheckThread@208] StartCheckThread begin.

2025-12-12 15:23:58.604 INFO  [7436] [CAuthorization::StartCheckThread@234] StartCheckThread end.

2025-12-12 15:23:58.604 INFO  [7436] [CAuthorization::Init@119] Init end.

2025-12-12 15:23:58.604 INFO  [26528] [CAuthorization::DoAuthCheck@260] DoAuthCheck begin.

2025-12-12 15:23:58.605 ERROR [26528] [CDongleV4::GetLicenseWithState@412] MVIE_GetLicense return[-2]

2025-12-12 15:23:58.605 ERROR [26528] [CDongleV4::GetLicenseInfo@473] GetLicenseWithState fail.

2025-12-12 15:23:58.605 ERROR [26528] [CAuthorization::DoAuthCheck@273] Can not find v4 dongle

2025-12-12 15:23:58.609 ERROR [26528] [CDongleV5::Login@70] MV_LoginLicense fail, dongle type[0](0:dongle, 2:soft lock, 3:remote dongle) ret[5], msg[There are no available local locks.]

2025-12-12 15:23:58.609 ERROR [26528] [CDongleV5::GetLicenseInfo@242] Login fail. nRet[e0000700]

2025-12-12 15:23:58.610 ERROR [26528] [CAuthorization::DoAuthCheck@296] Can not find v5 dongle and smart camera

2025-12-12 15:23:59.876 INFO  [7436] [CAuthorization::StopCheckThead@245] StopCheckThead begin.

2025-12-12 15:23:59.876 INFO  [26528] [CAuthorization::DoAuthCheck@358] DoAuthCheck end.

2025-12-12 15:23:59.877 INFO  [7436] [CAuthorization::StopCheckThead@250] StopCheckThead end.

2025-12-12 15:23:59.877 INFO  [7436] [CAuthorization::Uninit@134] Uninit end

2025-12-12 15:23:58.608 INFO  [7436] [InitPluginInstance@33] InitPluginInstance - Begin

2025-12-12 15:23:58.608 INFO  [7436] [CMonitorResourceUsage::Init@47] Init begin.

2025-12-12 15:23:58.608 INFO  [7436] [GetDllFilePath@262] path[D:\Program Files\VMV4.4.0_240813\VM4.3.0_240813_setup\VisionMaster4.3.0\Applications\Server]

2025-12-12 15:23:58.608 INFO  [7436] [CMonitorResourceUsage::LoadCfgParam@449] Now resource monitor interval[5]

2025-12-12 15:23:58.608 INFO  [7436] [CMonitorResourceUsage::StartMonitorThread@90] StartMonitorThread begin.

2025-12-12 15:23:58.609 INFO  [7436] [CMonitorResourceUsage::StartMonitorThread@121] StartCheckThread end.

2025-12-12 15:23:58.609 INFO  [7436] [InitPluginInstance@39] InitPluginInstance - End

2025-12-12 15:23:58.609 INFO  [11208] [CMonitorResourceUsage::DoMonitorRes@176] DoMonitorResource begin.

2025-12-12 15:23:58.609 INFO  [11208] [CMonitorResourceUsage::SystemVersionMoreThanWin10@155] MajorVersion[6] MinorVersion[2], 6.2 is win10

2025-12-12 15:23:58.609 INFO  [11208] [CMonitorResourceUsage::DoMonitorRes@200] Do not check process resource

2025-12-12 15:23:59.877 INFO  [7436] [UnitPluginInstance@51] UnitPluginInstance - Begin

2025-12-12 15:23:59.877 INFO  [7436] [CMonitorResourceUsage::StopMonitorThead@132] StopMonitorThead begin.

2025-12-12 15:23:59.891 INFO  [11208] [CMonitorResourceUsage::DoMonitorRes@229] DoMonitorResource end, m_bExitMonitorThread is true

2025-12-12 15:23:59.891 INFO  [7436] [CMonitorResourceUsage::StopMonitorThead@145] StopMonitorThead end.

2025-12-12 15:23:59.891 INFO  [7436] [UnitPluginInstance@55] UnitPluginInstance - End

2025-12-12 15:25:43.233 INFO  [28360] [CAuthorization::Init@57] Init begin.

2025-12-12 15:25:43.233 INFO  [28360] [GetDllFilePath@262] path[D:\Program Files\VMV4.4.0_240813\VM4.3.0_240813_setup\VisionMaster4.3.0\Applications\Server]

2025-12-12 15:25:43.233 ERROR [28360] [CDongleV4::LoadCfgParam@363] Load auth name file fail, [D:\Program Files\VMV4.4.0_240813\VM4.3.0_240813_setup\VisionMaster4.3.0\Applications\Server\ServerAuthName.ini].

2025-12-12 15:25:43.241 ERROR [28360] [CDongleV4::GetLicenseWithState@412] MVIE_GetLicense return[-2]

2025-12-12 15:25:43.241 ERROR [28360] [CDongleV4::GetLicenseInfo@473] GetLicenseWithState fail.

2025-12-12 15:25:43.286 ERROR [28360] [CDongleV5::Login@70] MV_LoginLicense fail, dongle type[0](0:dongle, 2:soft lock, 3:remote dongle) ret[5], msg[There are no available local locks.]

2025-12-12 15:25:43.286 ERROR [28360] [CDongleV5::GetLicenseInfo@242] Login fail. nRet[e0000700]

2025-12-12 15:25:43.286 ERROR [28360] [CAuthorization::Init@110] Init MVIE_GetBurnParam failure.

2025-12-12 15:25:43.286 ERROR [28360] [CAuthorization::Init@115] Not found usable dongle

2025-12-12 15:25:43.286 INFO  [28360] [CAuthorization::StartCheckThread@208] StartCheckThread begin.

2025-12-12 15:25:43.286 INFO  [28360] [CAuthorization::StartCheckThread@234] StartCheckThread end.

2025-12-12 15:25:43.287 INFO  [28360] [CAuthorization::Init@119] Init end.

2025-12-12 15:25:43.287 INFO  [6192] [CAuthorization::DoAuthCheck@260] DoAuthCheck begin.

2025-12-12 15:25:43.288 ERROR [6192] [CDongleV4::GetLicenseWithState@412] MVIE_GetLicense return[-2]

2025-12-12 15:25:43.288 ERROR [6192] [CDongleV4::GetLicenseInfo@473] GetLicenseWithState fail.

2025-12-12 15:25:43.288 ERROR [6192] [CAuthorization::DoAuthCheck@273] Can not find v4 dongle

2025-12-12 15:25:43.292 ERROR [6192] [CDongleV5::Login@70] MV_LoginLicense fail, dongle type[0](0:dongle, 2:soft lock, 3:remote dongle) ret[5], msg[There are no available local locks.]

2025-12-12 15:25:43.292 ERROR [6192] [CDongleV5::GetLicenseInfo@242] Login fail. nRet[e0000700]

2025-12-12 15:25:43.293 ERROR [6192] [CAuthorization::DoAuthCheck@296] Can not find v5 dongle and smart camera

2025-12-12 15:25:44.605 INFO  [28360] [CAuthorization::StopCheckThead@245] StopCheckThead begin.

2025-12-12 15:25:44.605 INFO  [6192] [CAuthorization::DoAuthCheck@358] DoAuthCheck end.

2025-12-12 15:25:44.605 INFO  [28360] [CAuthorization::StopCheckThead@250] StopCheckThead end.

2025-12-12 15:25:44.605 INFO  [28360] [CAuthorization::Uninit@134] Uninit end

2025-12-12 15:25:43.290 INFO  [28360] [InitPluginInstance@33] InitPluginInstance - Begin

2025-12-12 15:25:43.290 INFO  [28360] [CMonitorResourceUsage::Init@47] Init begin.

2025-12-12 15:25:43.290 INFO  [28360] [GetDllFilePath@262] path[D:\Program Files\VMV4.4.0_240813\VM4.3.0_240813_setup\VisionMaster4.3.0\Applications\Server]

2025-12-12 15:25:43.291 INFO  [28360] [CMonitorResourceUsage::LoadCfgParam@449] Now resource monitor interval[5]

2025-12-12 15:25:43.291 INFO  [28360] [CMonitorResourceUsage::StartMonitorThread@90] StartMonitorThread begin.

2025-12-12 15:25:43.291 INFO  [28360] [CMonitorResourceUsage::StartMonitorThread@121] StartCheckThread end.

2025-12-12 15:25:43.291 INFO  [28360] [InitPluginInstance@39] InitPluginInstance - End

2025-12-12 15:25:43.292 INFO  [3532] [CMonitorResourceUsage::DoMonitorRes@176] DoMonitorResource begin.

2025-12-12 15:25:43.292 INFO  [3532] [CMonitorResourceUsage::SystemVersionMoreThanWin10@155] MajorVersion[6] MinorVersion[2], 6.2 is win10

2025-12-12 15:25:43.292 INFO  [3532] [CMonitorResourceUsage::DoMonitorRes@200] Do not check process resource

2025-12-12 15:25:44.606 INFO  [28360] [UnitPluginInstance@51] UnitPluginInstance - Begin

2025-12-12 15:25:44.606 INFO  [28360] [CMonitorResourceUsage::StopMonitorThead@132] StopMonitorThead begin.

2025-12-12 15:25:44.636 INFO  [3532] [CMonitorResourceUsage::DoMonitorRes@229] DoMonitorResource end, m_bExitMonitorThread is true

2025-12-12 15:25:44.636 INFO  [28360] [CMonitorResourceUsage::StopMonitorThead@145] StopMonitorThead end.

2025-12-12 15:25:44.636 INFO  [28360] [UnitPluginInstance@55] UnitPluginInstance - End

2025-12-12 15:30:29.809 INFO  [27956] [CAuthorization::Init@57] Init begin.

2025-12-12 15:30:29.809 INFO  [27956] [GetDllFilePath@262] path[D:\Program Files\VMV4.4.0_240813\VM4.3.0_240813_setup\VisionMaster4.3.0\Applications\Server]

2025-12-12 15:30:29.809 ERROR [27956] [CDongleV4::LoadCfgParam@363] Load auth name file fail, [D:\Program Files\VMV4.4.0_240813\VM4.3.0_240813_setup\VisionMaster4.3.0\Applications\Server\ServerAuthName.ini].

2025-12-12 15:30:29.818 ERROR [27956] [CDongleV4::GetLicenseWithState@412] MVIE_GetLicense return[-2]

2025-12-12 15:30:29.818 ERROR [27956] [CDongleV4::GetLicenseInfo@473] GetLicenseWithState fail.

2025-12-12 15:30:29.871 ERROR [27956] [CDongleV5::Login@70] MV_LoginLicense fail, dongle type[0](0:dongle, 2:soft lock, 3:remote dongle) ret[5], msg[There are no available local locks.]

2025-12-12 15:30:29.871 ERROR [27956] [CDongleV5::GetLicenseInfo@242] Login fail. nRet[e0000700]

2025-12-12 15:30:29.871 ERROR [27956] [CAuthorization::Init@110] Init MVIE_GetBurnParam failure.

2025-12-12 15:30:29.871 ERROR [27956] [CAuthorization::Init@115] Not found usable dongle

2025-12-12 15:30:29.871 INFO  [27956] [CAuthorization::StartCheckThread@208] StartCheckThread begin.

2025-12-12 15:30:29.871 INFO  [27956] [CAuthorization::StartCheckThread@234] StartCheckThread end.

2025-12-12 15:30:29.871 INFO  [27956] [CAuthorization::Init@119] Init end.

2025-12-12 15:30:29.872 INFO  [16500] [CAuthorization::DoAuthCheck@260] DoAuthCheck begin.

2025-12-12 15:30:29.873 ERROR [16500] [CDongleV4::GetLicenseWithState@412] MVIE_GetLicense return[-2]

2025-12-12 15:30:29.873 ERROR [16500] [CDongleV4::GetLicenseInfo@473] GetLicenseWithState fail.

2025-12-12 15:30:29.873 ERROR [16500] [CAuthorization::DoAuthCheck@273] Can not find v4 dongle

2025-12-12 15:30:29.877 ERROR [16500] [CDongleV5::Login@70] MV_LoginLicense fail, dongle type[0](0:dongle, 2:soft lock, 3:remote dongle) ret[5], msg[There are no available local locks.]

2025-12-12 15:30:29.877 ERROR [16500] [CDongleV5::GetLicenseInfo@242] Login fail. nRet[e0000700]

2025-12-12 15:30:29.878 ERROR [16500] [CAuthorization::DoAuthCheck@296] Can not find v5 dongle and smart camera

2025-12-12 15:30:31.237 INFO  [27956] [CAuthorization::StopCheckThead@245] StopCheckThead begin.

2025-12-12 15:30:31.238 INFO  [16500] [CAuthorization::DoAuthCheck@358] DoAuthCheck end.

2025-12-12 15:30:31.238 INFO  [27956] [CAuthorization::StopCheckThead@250] StopCheckThead end.

2025-12-12 15:30:31.238 INFO  [27956] [CAuthorization::Uninit@134] Uninit end

2025-12-12 15:30:29.875 INFO  [27956] [InitPluginInstance@33] InitPluginInstance - Begin

2025-12-12 15:30:29.875 INFO  [27956] [CMonitorResourceUsage::Init@47] Init begin.

2025-12-12 15:30:29.875 INFO  [27956] [GetDllFilePath@262] path[D:\Program Files\VMV4.4.0_240813\VM4.3.0_240813_setup\VisionMaster4.3.0\Applications\Server]

2025-12-12 15:30:29.876 INFO  [27956] [CMonitorResourceUsage::LoadCfgParam@449] Now resource monitor interval[5]

2025-12-12 15:30:29.876 INFO  [27956] [CMonitorResourceUsage::StartMonitorThread@90] StartMonitorThread begin.

2025-12-12 15:30:29.876 INFO  [27956] [CMonitorResourceUsage::StartMonitorThread@121] StartCheckThread end.

2025-12-12 15:30:29.876 INFO  [27956] [InitPluginInstance@39] InitPluginInstance - End

2025-12-12 15:30:29.877 INFO  [30612] [CMonitorResourceUsage::DoMonitorRes@176] DoMonitorResource begin.

2025-12-12 15:30:29.877 INFO  [30612] [CMonitorResourceUsage::SystemVersionMoreThanWin10@155] MajorVersion[6] MinorVersion[2], 6.2 is win10

2025-12-12 15:30:29.877 INFO  [30612] [CMonitorResourceUsage::DoMonitorRes@200] Do not check process resource

2025-12-12 15:30:31.238 INFO  [27956] [UnitPluginInstance@51] UnitPluginInstance - Begin

2025-12-12 15:30:31.238 INFO  [27956] [CMonitorResourceUsage::StopMonitorThead@132] StopMonitorThead begin.

2025-12-12 15:30:31.294 INFO  [30612] [CMonitorResourceUsage::DoMonitorRes@229] DoMonitorResource end, m_bExitMonitorThread is true

2025-12-12 15:30:31.294 INFO  [27956] [CMonitorResourceUsage::StopMonitorThead@145] StopMonitorThead end.

2025-12-12 15:30:31.294 INFO  [27956] [UnitPluginInstance@55] UnitPluginInstance - End

2025-12-12 15:32:02.284 INFO  [26468] [CAuthorization::Init@57] Init begin.

2025-12-12 15:32:02.284 INFO  [26468] [GetDllFilePath@262] path[D:\Program Files\VMV4.4.0_240813\VM4.3.0_240813_setup\VisionMaster4.3.0\Applications\Server]

2025-12-12 15:32:02.285 ERROR [26468] [CDongleV4::LoadCfgParam@363] Load auth name file fail, [D:\Program Files\VMV4.4.0_240813\VM4.3.0_240813_setup\VisionMaster4.3.0\Applications\Server\ServerAuthName.ini].

2025-12-12 15:32:02.292 ERROR [26468] [CDongleV4::GetLicenseWithState@412] MVIE_GetLicense return[-2]

2025-12-12 15:32:02.292 ERROR [26468] [CDongleV4::GetLicenseInfo@473] GetLicenseWithState fail.

2025-12-12 15:32:02.332 ERROR [26468] [CDongleV5::Login@70] MV_LoginLicense fail, dongle type[0](0:dongle, 2:soft lock, 3:remote dongle) ret[5], msg[There are no available local locks.]

2025-12-12 15:32:02.332 ERROR [26468] [CDongleV5::GetLicenseInfo@242] Login fail. nRet[e0000700]

2025-12-12 15:32:02.333 ERROR [26468] [CAuthorization::Init@110] Init MVIE_GetBurnParam failure.

2025-12-12 15:32:02.333 ERROR [26468] [CAuthorization::Init@115] Not found usable dongle

2025-12-12 15:32:02.333 INFO  [26468] [CAuthorization::StartCheckThread@208] StartCheckThread begin.

2025-12-12 15:32:02.333 INFO  [26468] [CAuthorization::StartCheckThread@234] StartCheckThread end.

2025-12-12 15:32:02.333 INFO  [26468] [CAuthorization::Init@119] Init end.

2025-12-12 15:32:02.333 INFO  [16264] [CAuthorization::DoAuthCheck@260] DoAuthCheck begin.

2025-12-12 15:32:02.334 ERROR [16264] [CDongleV4::GetLicenseWithState@412] MVIE_GetLicense return[-2]

2025-12-12 15:32:02.334 ERROR [16264] [CDongleV4::GetLicenseInfo@473] GetLicenseWithState fail.

2025-12-12 15:32:02.334 ERROR [16264] [CAuthorization::DoAuthCheck@273] Can not find v4 dongle

2025-12-12 15:32:02.338 ERROR [16264] [CDongleV5::Login@70] MV_LoginLicense fail, dongle type[0](0:dongle, 2:soft lock, 3:remote dongle) ret[5], msg[There are no available local locks.]

2025-12-12 15:32:02.338 ERROR [16264] [CDongleV5::GetLicenseInfo@242] Login fail. nRet[e0000700]

2025-12-12 15:32:02.339 ERROR [16264] [CAuthorization::DoAuthCheck@296] Can not find v5 dongle and smart camera

2025-12-12 15:32:03.615 INFO  [26468] [CAuthorization::StopCheckThead@245] StopCheckThead begin.

2025-12-12 15:32:03.615 INFO  [16264] [CAuthorization::DoAuthCheck@358] DoAuthCheck end.

2025-12-12 15:32:03.616 INFO  [26468] [CAuthorization::StopCheckThead@250] StopCheckThead end.

2025-12-12 15:32:03.616 INFO  [26468] [CAuthorization::Uninit@134] Uninit end

2025-12-12 15:32:02.336 INFO  [26468] [InitPluginInstance@33] InitPluginInstance - Begin

2025-12-12 15:32:02.336 INFO  [26468] [CMonitorResourceUsage::Init@47] Init begin.

2025-12-12 15:32:02.336 INFO  [26468] [GetDllFilePath@262] path[D:\Program Files\VMV4.4.0_240813\VM4.3.0_240813_setup\VisionMaster4.3.0\Applications\Server]

2025-12-12 15:32:02.337 INFO  [26468] [CMonitorResourceUsage::LoadCfgParam@449] Now resource monitor interval[5]

2025-12-12 15:32:02.337 INFO  [26468] [CMonitorResourceUsage::StartMonitorThread@90] StartMonitorThread begin.

2025-12-12 15:32:02.337 INFO  [26468] [CMonitorResourceUsage::StartMonitorThread@121] StartCheckThread end.

2025-12-12 15:32:02.337 INFO  [26468] [InitPluginInstance@39] InitPluginInstance - End

2025-12-12 15:32:02.338 INFO  [5884] [CMonitorResourceUsage::DoMonitorRes@176] DoMonitorResource begin.

2025-12-12 15:32:02.338 INFO  [5884] [CMonitorResourceUsage::SystemVersionMoreThanWin10@155] MajorVersion[6] MinorVersion[2], 6.2 is win10

2025-12-12 15:32:02.338 INFO  [5884] [CMonitorResourceUsage::DoMonitorRes@200] Do not check process resource

2025-12-12 15:32:03.616 INFO  [26468] [UnitPluginInstance@51] UnitPluginInstance - Begin

2025-12-12 15:32:03.616 INFO  [26468] [CMonitorResourceUsage::StopMonitorThead@132] StopMonitorThead begin.

2025-12-12 15:32:03.667 INFO  [5884] [CMonitorResourceUsage::DoMonitorRes@229] DoMonitorResource end, m_bExitMonitorThread is true

2025-12-12 15:32:03.667 INFO  [26468] [CMonitorResourceUsage::StopMonitorThead@145] StopMonitorThead end.

2025-12-12 15:32:03.667 INFO  [26468] [UnitPluginInstance@55] UnitPluginInstance - End

2025-12-12 15:55:43.808 INFO  [11288] [CAuthorization::Init@57] Init begin.

2025-12-12 15:55:43.808 INFO  [11288] [GetDllFilePath@262] path[D:\Program Files\VMV4.4.0_240813\VM4.3.0_240813_setup\VisionMaster4.3.0\Applications\Server]

2025-12-12 15:55:43.808 ERROR [11288] [CDongleV4::LoadCfgParam@363] Load auth name file fail, [D:\Program Files\VMV4.4.0_240813\VM4.3.0_240813_setup\VisionMaster4.3.0\Applications\Server\ServerAuthName.ini].

2025-12-12 15:55:43.853 ERROR [11288] [CDongleV4::GetLicenseWithState@412] MVIE_GetLicense return[-2]

2025-12-12 15:55:43.853 ERROR [11288] [CDongleV4::GetLicenseInfo@473] GetLicenseWithState fail.

2025-12-12 15:55:43.913 ERROR [11288] [CDongleV5::Login@70] MV_LoginLicense fail, dongle type[0](0:dongle, 2:soft lock, 3:remote dongle) ret[5], msg[There are no available local locks.]

2025-12-12 15:55:43.913 ERROR [11288] [CDongleV5::GetLicenseInfo@242] Login fail. nRet[e0000700]

2025-12-12 15:55:43.914 ERROR [11288] [CAuthorization::Init@110] Init MVIE_GetBurnParam failure.

2025-12-12 15:55:43.914 ERROR [11288] [CAuthorization::Init@115] Not found usable dongle

2025-12-12 15:55:43.914 INFO  [11288] [CAuthorization::StartCheckThread@208] StartCheckThread begin.

2025-12-12 15:55:43.914 INFO  [11288] [CAuthorization::StartCheckThread@234] StartCheckThread end.

2025-12-12 15:55:43.914 INFO  [11288] [CAuthorization::Init@119] Init end.

2025-12-12 15:55:43.919 INFO  [5068] [CAuthorization::DoAuthCheck@260] DoAuthCheck begin.

2025-12-12 15:55:43.923 ERROR [5068] [CDongleV4::GetLicenseWithState@412] MVIE_GetLicense return[-2]

2025-12-12 15:55:43.923 ERROR [5068] [CDongleV4::GetLicenseInfo@473] GetLicenseWithState fail.

2025-12-12 15:55:43.923 ERROR [5068] [CAuthorization::DoAuthCheck@273] Can not find v4 dongle

2025-12-12 15:55:43.944 ERROR [5068] [CDongleV5::Login@70] MV_LoginLicense fail, dongle type[0](0:dongle, 2:soft lock, 3:remote dongle) ret[5], msg[There are no available local locks.]

2025-12-12 15:55:43.944 ERROR [5068] [CDongleV5::GetLicenseInfo@242] Login fail. nRet[e0000700]

2025-12-12 15:55:43.945 ERROR [5068] [CAuthorization::DoAuthCheck@296] Can not find v5 dongle and smart camera

2025-12-12 15:55:46.752 INFO  [11288] [CAuthorization::StopCheckThead@245] StopCheckThead begin.

2025-12-12 15:55:46.752 INFO  [5068] [CAuthorization::DoAuthCheck@358] DoAuthCheck end.

2025-12-12 15:55:46.752 INFO  [11288] [CAuthorization::StopCheckThead@250] StopCheckThead end.

2025-12-12 15:55:46.752 INFO  [11288] [CAuthorization::Uninit@134] Uninit end

2025-12-12 15:55:43.926 INFO  [11288] [InitPluginInstance@33] InitPluginInstance - Begin

2025-12-12 15:55:43.926 INFO  [11288] [CMonitorResourceUsage::Init@47] Init begin.

2025-12-12 15:55:43.926 INFO  [11288] [GetDllFilePath@262] path[D:\Program Files\VMV4.4.0_240813\VM4.3.0_240813_setup\VisionMaster4.3.0\Applications\Server]

2025-12-12 15:55:43.927 INFO  [11288] [CMonitorResourceUsage::LoadCfgParam@449] Now resource monitor interval[5]

2025-12-12 15:55:43.927 INFO  [11288] [CMonitorResourceUsage::StartMonitorThread@90] StartMonitorThread begin.

2025-12-12 15:55:43.927 INFO  [11288] [CMonitorResourceUsage::StartMonitorThread@121] StartCheckThread end.

2025-12-12 15:55:43.927 INFO  [11288] [InitPluginInstance@39] InitPluginInstance - End

2025-12-12 15:55:43.937 INFO  [23396] [CMonitorResourceUsage::DoMonitorRes@176] DoMonitorResource begin.

2025-12-12 15:55:43.937 INFO  [23396] [CMonitorResourceUsage::SystemVersionMoreThanWin10@155] MajorVersion[6] MinorVersion[2], 6.2 is win10

2025-12-12 15:55:43.937 INFO  [23396] [CMonitorResourceUsage::DoMonitorRes@200] Do not check process resource

2025-12-12 15:55:45.445 ERROR [23396] [CalcCpuUsageRate@201] CalcCpuUsageRate cpu [120] > 100

2025-12-12 15:55:45.445 INFO  [23396] [CMonitorResourceUsage::DoMonitorRes@264] DoMonitorResource memoryUsage[37] CPU[100] DiskFreeMB[126895].

2025-12-12 15:55:46.753 INFO  [11288] [UnitPluginInstance@51] UnitPluginInstance - Begin

2025-12-12 15:55:46.753 INFO  [11288] [CMonitorResourceUsage::StopMonitorThead@132] StopMonitorThead begin.

2025-12-12 15:55:46.786 INFO  [23396] [CMonitorResourceUsage::DoMonitorRes@229] DoMonitorResource end, m_bExitMonitorThread is true

2025-12-12 15:55:46.790 INFO  [11288] [CMonitorResourceUsage::StopMonitorThead@145] StopMonitorThead end.

2025-12-12 15:55:46.790 INFO  [11288] [UnitPluginInstance@55] UnitPluginInstance - End

2025-12-12 16:04:40.643 INFO  [11176] [CAuthorization::Init@57] Init begin.

2025-12-12 16:04:40.643 INFO  [11176] [GetDllFilePath@262] path[D:\Program Files\VMV4.4.0_240813\VM4.3.0_240813_setup\VisionMaster4.3.0\Applications\Server]

2025-12-12 16:04:40.643 ERROR [11176] [CDongleV4::LoadCfgParam@363] Load auth name file fail, [D:\Program Files\VMV4.4.0_240813\VM4.3.0_240813_setup\VisionMaster4.3.0\Applications\Server\ServerAuthName.ini].

2025-12-12 16:04:40.654 ERROR [11176] [CDongleV4::GetLicenseWithState@412] MVIE_GetLicense return[-2]

2025-12-12 16:04:40.654 ERROR [11176] [CDongleV4::GetLicenseInfo@473] GetLicenseWithState fail.

2025-12-12 16:04:40.708 ERROR [11176] [CDongleV5::Login@70] MV_LoginLicense fail, dongle type[0](0:dongle, 2:soft lock, 3:remote dongle) ret[5], msg[There are no available local locks.]

2025-12-12 16:04:40.708 ERROR [11176] [CDongleV5::GetLicenseInfo@242] Login fail. nRet[e0000700]

2025-12-12 16:04:40.709 ERROR [11176] [CAuthorization::Init@110] Init MVIE_GetBurnParam failure.

2025-12-12 16:04:40.709 ERROR [11176] [CAuthorization::Init@115] Not found usable dongle

2025-12-12 16:04:40.709 INFO  [11176] [CAuthorization::StartCheckThread@208] StartCheckThread begin.

2025-12-12 16:04:40.709 INFO  [11176] [CAuthorization::StartCheckThread@234] StartCheckThread end.

2025-12-12 16:04:40.709 INFO  [11176] [CAuthorization::Init@119] Init end.

2025-12-12 16:04:40.710 INFO  [16380] [CAuthorization::DoAuthCheck@260] DoAuthCheck begin.

2025-12-12 16:04:40.711 ERROR [16380] [CDongleV4::GetLicenseWithState@412] MVIE_GetLicense return[-2]

2025-12-12 16:04:40.712 ERROR [16380] [CDongleV4::GetLicenseInfo@473] GetLicenseWithState fail.

2025-12-12 16:04:40.712 ERROR [16380] [CAuthorization::DoAuthCheck@273] Can not find v4 dongle

2025-12-12 16:04:40.716 ERROR [16380] [CDongleV5::Login@70] MV_LoginLicense fail, dongle type[0](0:dongle, 2:soft lock, 3:remote dongle) ret[5], msg[There are no available local locks.]

2025-12-12 16:04:40.716 ERROR [16380] [CDongleV5::GetLicenseInfo@242] Login fail. nRet[e0000700]

2025-12-12 16:04:40.717 ERROR [16380] [CAuthorization::DoAuthCheck@296] Can not find v5 dongle and smart camera

2025-12-12 16:04:42.056 INFO  [11176] [CAuthorization::StopCheckThead@245] StopCheckThead begin.

2025-12-12 16:04:42.056 INFO  [16380] [CAuthorization::DoAuthCheck@358] DoAuthCheck end.

2025-12-12 16:04:42.057 INFO  [11176] [CAuthorization::StopCheckThead@250] StopCheckThead end.

2025-12-12 16:04:42.057 INFO  [11176] [CAuthorization::Uninit@134] Uninit end

2025-12-12 16:04:40.715 INFO  [11176] [InitPluginInstance@33] InitPluginInstance - Begin

2025-12-12 16:04:40.715 INFO  [11176] [CMonitorResourceUsage::Init@47] Init begin.

2025-12-12 16:04:40.715 INFO  [11176] [GetDllFilePath@262] path[D:\Program Files\VMV4.4.0_240813\VM4.3.0_240813_setup\VisionMaster4.3.0\Applications\Server]

2025-12-12 16:04:40.716 INFO  [11176] [CMonitorResourceUsage::LoadCfgParam@449] Now resource monitor interval[5]

2025-12-12 16:04:40.716 INFO  [11176] [CMonitorResourceUsage::StartMonitorThread@90] StartMonitorThread begin.

2025-12-12 16:04:40.716 INFO  [11176] [CMonitorResourceUsage::StartMonitorThread@121] StartCheckThread end.

2025-12-12 16:04:40.716 INFO  [11176] [InitPluginInstance@39] InitPluginInstance - End

2025-12-12 16:04:40.717 INFO  [15736] [CMonitorResourceUsage::DoMonitorRes@176] DoMonitorResource begin.

2025-12-12 16:04:40.717 INFO  [15736] [CMonitorResourceUsage::SystemVersionMoreThanWin10@155] MajorVersion[6] MinorVersion[2], 6.2 is win10

2025-12-12 16:04:40.717 INFO  [15736] [CMonitorResourceUsage::DoMonitorRes@200] Do not check process resource

2025-12-12 16:04:42.057 INFO  [11176] [UnitPluginInstance@51] UnitPluginInstance - Begin

2025-12-12 16:04:42.057 INFO  [11176] [CMonitorResourceUsage::StopMonitorThead@132] StopMonitorThead begin.

2025-12-12 16:04:42.066 INFO  [15736] [CMonitorResourceUsage::DoMonitorRes@229] DoMonitorResource end, m_bExitMonitorThread is true

2025-12-12 16:04:42.066 INFO  [11176] [CMonitorResourceUsage::StopMonitorThead@145] StopMonitorThead end.

2025-12-12 16:04:42.066 INFO  [11176] [UnitPluginInstance@55] UnitPluginInstance - End

2025-12-12 16:23:18.912 INFO  [23716] [CAuthorization::Init@57] Init begin.

2025-12-12 16:23:18.912 INFO  [23716] [GetDllFilePath@262] path[D:\Program Files\VMV4.4.0_240813\VM4.3.0_240813_setup\VisionMaster4.3.0\Applications\Server]

2025-12-12 16:23:18.912 ERROR [23716] [CDongleV4::LoadCfgParam@363] Load auth name file fail, [D:\Program Files\VMV4.4.0_240813\VM4.3.0_240813_setup\VisionMaster4.3.0\Applications\Server\ServerAuthName.ini].

2025-12-12 16:23:18.920 ERROR [23716] [CDongleV4::GetLicenseWithState@412] MVIE_GetLicense return[-2]

2025-12-12 16:23:18.920 ERROR [23716] [CDongleV4::GetLicenseInfo@473] GetLicenseWithState fail.

2025-12-12 16:23:18.971 ERROR [23716] [CDongleV5::Login@70] MV_LoginLicense fail, dongle type[0](0:dongle, 2:soft lock, 3:remote dongle) ret[5], msg[There are no available local locks.]

2025-12-12 16:23:18.971 ERROR [23716] [CDongleV5::GetLicenseInfo@242] Login fail. nRet[e0000700]

2025-12-12 16:23:18.972 ERROR [23716] [CAuthorization::Init@110] Init MVIE_GetBurnParam failure.

2025-12-12 16:23:18.972 ERROR [23716] [CAuthorization::Init@115] Not found usable dongle

2025-12-12 16:23:18.972 INFO  [23716] [CAuthorization::StartCheckThread@208] StartCheckThread begin.

2025-12-12 16:23:18.972 INFO  [23716] [CAuthorization::StartCheckThread@234] StartCheckThread end.

2025-12-12 16:23:18.972 INFO  [23716] [CAuthorization::Init@119] Init end.

2025-12-12 16:23:18.972 INFO  [19280] [CAuthorization::DoAuthCheck@260] DoAuthCheck begin.

2025-12-12 16:23:18.973 ERROR [19280] [CDongleV4::GetLicenseWithState@412] MVIE_GetLicense return[-2]

2025-12-12 16:23:18.973 ERROR [19280] [CDongleV4::GetLicenseInfo@473] GetLicenseWithState fail.

2025-12-12 16:23:18.973 ERROR [19280] [CAuthorization::DoAuthCheck@273] Can not find v4 dongle

2025-12-12 16:23:18.977 ERROR [19280] [CDongleV5::Login@70] MV_LoginLicense fail, dongle type[0](0:dongle, 2:soft lock, 3:remote dongle) ret[5], msg[There are no available local locks.]

2025-12-12 16:23:18.977 ERROR [19280] [CDongleV5::GetLicenseInfo@242] Login fail. nRet[e0000700]

2025-12-12 16:23:18.978 ERROR [19280] [CAuthorization::DoAuthCheck@296] Can not find v5 dongle and smart camera

2025-12-12 16:23:20.311 INFO  [23716] [CAuthorization::StopCheckThead@245] StopCheckThead begin.

2025-12-12 16:23:20.311 INFO  [19280] [CAuthorization::DoAuthCheck@358] DoAuthCheck end.

2025-12-12 16:23:20.311 INFO  [23716] [CAuthorization::StopCheckThead@250] StopCheckThead end.

2025-12-12 16:23:20.311 INFO  [23716] [CAuthorization::Uninit@134] Uninit end

2025-12-12 16:23:18.976 INFO  [23716] [InitPluginInstance@33] InitPluginInstance - Begin

2025-12-12 16:23:18.976 INFO  [23716] [CMonitorResourceUsage::Init@47] Init begin.

2025-12-12 16:23:18.976 INFO  [23716] [GetDllFilePath@262] path[D:\Program Files\VMV4.4.0_240813\VM4.3.0_240813_setup\VisionMaster4.3.0\Applications\Server]

2025-12-12 16:23:18.976 INFO  [23716] [CMonitorResourceUsage::LoadCfgParam@449] Now resource monitor interval[5]

2025-12-12 16:23:18.976 INFO  [23716] [CMonitorResourceUsage::StartMonitorThread@90] StartMonitorThread begin.

2025-12-12 16:23:18.976 INFO  [23716] [CMonitorResourceUsage::StartMonitorThread@121] StartCheckThread end.

2025-12-12 16:23:18.977 INFO  [23716] [InitPluginInstance@39] InitPluginInstance - End

2025-12-12 16:23:18.977 INFO  [2948] [CMonitorResourceUsage::DoMonitorRes@176] DoMonitorResource begin.

2025-12-12 16:23:18.977 INFO  [2948] [CMonitorResourceUsage::SystemVersionMoreThanWin10@155] MajorVersion[6] MinorVersion[2], 6.2 is win10

2025-12-12 16:23:18.977 INFO  [2948] [CMonitorResourceUsage::DoMonitorRes@200] Do not check process resource

2025-12-12 16:23:20.311 INFO  [23716] [UnitPluginInstance@51] UnitPluginInstance - Begin

2025-12-12 16:23:20.311 INFO  [23716] [CMonitorResourceUsage::StopMonitorThead@132] StopMonitorThead begin.

2025-12-12 16:23:20.359 INFO  [2948] [CMonitorResourceUsage::DoMonitorRes@229] DoMonitorResource end, m_bExitMonitorThread is true

2025-12-12 16:23:20.360 INFO  [23716] [CMonitorResourceUsage::StopMonitorThead@145] StopMonitorThead end.

2025-12-12 16:23:20.360 INFO  [23716] [UnitPluginInstance@55] UnitPluginInstance - End

2025-12-12 17:10:36.753 INFO  [19540] [CAuthorization::Init@57] Init begin.

2025-12-12 17:10:36.753 INFO  [19540] [GetDllFilePath@262] path[D:\Program Files\VMV4.4.0_240813\VM4.3.0_240813_setup\VisionMaster4.3.0\Applications\Server]

2025-12-12 17:10:36.753 ERROR [19540] [CDongleV4::LoadCfgParam@363] Load auth name file fail, [D:\Program Files\VMV4.4.0_240813\VM4.3.0_240813_setup\VisionMaster4.3.0\Applications\Server\ServerAuthName.ini].

2025-12-12 17:10:36.761 ERROR [19540] [CDongleV4::GetLicenseWithState@412] MVIE_GetLicense return[-2]

2025-12-12 17:10:36.761 ERROR [19540] [CDongleV4::GetLicenseInfo@473] GetLicenseWithState fail.

2025-12-12 17:10:36.807 ERROR [19540] [CDongleV5::Login@70] MV_LoginLicense fail, dongle type[0](0:dongle, 2:soft lock, 3:remote dongle) ret[5], msg[There are no available local locks.]

2025-12-12 17:10:36.807 ERROR [19540] [CDongleV5::GetLicenseInfo@242] Login fail. nRet[e0000700]

2025-12-12 17:10:36.808 ERROR [19540] [CAuthorization::Init@110] Init MVIE_GetBurnParam failure.

2025-12-12 17:10:36.808 ERROR [19540] [CAuthorization::Init@115] Not found usable dongle

2025-12-12 17:10:36.808 INFO  [19540] [CAuthorization::StartCheckThread@208] StartCheckThread begin.

2025-12-12 17:10:36.808 INFO  [19540] [CAuthorization::StartCheckThread@234] StartCheckThread end.

2025-12-12 17:10:36.808 INFO  [19540] [CAuthorization::Init@119] Init end.

2025-12-12 17:10:36.808 INFO  [24008] [CAuthorization::DoAuthCheck@260] DoAuthCheck begin.

2025-12-12 17:10:36.809 ERROR [24008] [CDongleV4::GetLicenseWithState@412] MVIE_GetLicense return[-2]

2025-12-12 17:10:36.809 ERROR [24008] [CDongleV4::GetLicenseInfo@473] GetLicenseWithState fail.

2025-12-12 17:10:36.809 ERROR [24008] [CAuthorization::DoAuthCheck@273] Can not find v4 dongle

2025-12-12 17:10:36.814 ERROR [24008] [CDongleV5::Login@70] MV_LoginLicense fail, dongle type[0](0:dongle, 2:soft lock, 3:remote dongle) ret[5], msg[There are no available local locks.]

2025-12-12 17:10:36.814 ERROR [24008] [CDongleV5::GetLicenseInfo@242] Login fail. nRet[e0000700]

2025-12-12 17:10:36.815 ERROR [24008] [CAuthorization::DoAuthCheck@296] Can not find v5 dongle and smart camera

2025-12-12 17:10:38.091 INFO  [19540] [CAuthorization::StopCheckThead@245] StopCheckThead begin.

2025-12-12 17:10:38.091 INFO  [24008] [CAuthorization::DoAuthCheck@358] DoAuthCheck end.

2025-12-12 17:10:38.091 INFO  [19540] [CAuthorization::StopCheckThead@250] StopCheckThead end.

2025-12-12 17:10:38.091 INFO  [19540] [CAuthorization::Uninit@134] Uninit end

2025-12-12 17:10:36.812 INFO  [19540] [InitPluginInstance@33] InitPluginInstance - Begin

2025-12-12 17:10:36.812 INFO  [19540] [CMonitorResourceUsage::Init@47] Init begin.

2025-12-12 17:10:36.812 INFO  [19540] [GetDllFilePath@262] path[D:\Program Files\VMV4.4.0_240813\VM4.3.0_240813_setup\VisionMaster4.3.0\Applications\Server]

2025-12-12 17:10:36.813 INFO  [19540] [CMonitorResourceUsage::LoadCfgParam@449] Now resource monitor interval[5]

2025-12-12 17:10:36.813 INFO  [19540] [CMonitorResourceUsage::StartMonitorThread@90] StartMonitorThread begin.

2025-12-12 17:10:36.813 INFO  [19540] [CMonitorResourceUsage::StartMonitorThread@121] StartCheckThread end.

2025-12-12 17:10:36.813 INFO  [19540] [InitPluginInstance@39] InitPluginInstance - End

2025-12-12 17:10:36.813 INFO  [17648] [CMonitorResourceUsage::DoMonitorRes@176] DoMonitorResource begin.

2025-12-12 17:10:36.813 INFO  [17648] [CMonitorResourceUsage::SystemVersionMoreThanWin10@155] MajorVersion[6] MinorVersion[2], 6.2 is win10

2025-12-12 17:10:36.813 INFO  [17648] [CMonitorResourceUsage::DoMonitorRes@200] Do not check process resource

2025-12-12 17:10:38.092 INFO  [19540] [UnitPluginInstance@51] UnitPluginInstance - Begin

2025-12-12 17:10:38.092 INFO  [19540] [CMonitorResourceUsage::StopMonitorThead@132] StopMonitorThead begin.

2025-12-12 17:10:38.132 INFO  [17648] [CMonitorResourceUsage::DoMonitorRes@229] DoMonitorResource end, m_bExitMonitorThread is true

2025-12-12 17:10:38.132 INFO  [19540] [CMonitorResourceUsage::StopMonitorThead@145] StopMonitorThead end.

2025-12-12 17:10:38.132 INFO  [19540] [UnitPluginInstance@55] UnitPluginInstance - End

2025-12-12 17:27:04.161 INFO  [13932] [CAuthorization::Init@57] Init begin.

2025-12-12 17:27:04.161 INFO  [13932] [GetDllFilePath@262] path[D:\Program Files\VMV4.4.0_240813\VM4.3.0_240813_setup\VisionMaster4.3.0\Applications\Server]

2025-12-12 17:27:04.161 ERROR [13932] [CDongleV4::LoadCfgParam@363] Load auth name file fail, [D:\Program Files\VMV4.4.0_240813\VM4.3.0_240813_setup\VisionMaster4.3.0\Applications\Server\ServerAuthName.ini].

2025-12-12 17:27:04.169 ERROR [13932] [CDongleV4::GetLicenseWithState@412] MVIE_GetLicense return[-2]

2025-12-12 17:27:04.169 ERROR [13932] [CDongleV4::GetLicenseInfo@473] GetLicenseWithState fail.

2025-12-12 17:27:04.213 ERROR [13932] [CDongleV5::Login@70] MV_LoginLicense fail, dongle type[0](0:dongle, 2:soft lock, 3:remote dongle) ret[5], msg[There are no available local locks.]

2025-12-12 17:27:04.213 ERROR [13932] [CDongleV5::GetLicenseInfo@242] Login fail. nRet[e0000700]

2025-12-12 17:27:04.214 ERROR [13932] [CAuthorization::Init@110] Init MVIE_GetBurnParam failure.

2025-12-12 17:27:04.214 ERROR [13932] [CAuthorization::Init@115] Not found usable dongle

2025-12-12 17:27:04.214 INFO  [13932] [CAuthorization::StartCheckThread@208] StartCheckThread begin.

2025-12-12 17:27:04.214 INFO  [13932] [CAuthorization::StartCheckThread@234] StartCheckThread end.

2025-12-12 17:27:04.214 INFO  [13932] [CAuthorization::Init@119] Init end.

2025-12-12 17:27:04.214 INFO  [15876] [CAuthorization::DoAuthCheck@260] DoAuthCheck begin.

2025-12-12 17:27:04.215 ERROR [15876] [CDongleV4::GetLicenseWithState@412] MVIE_GetLicense return[-2]

2025-12-12 17:27:04.215 ERROR [15876] [CDongleV4::GetLicenseInfo@473] GetLicenseWithState fail.

2025-12-12 17:27:04.216 ERROR [15876] [CAuthorization::DoAuthCheck@273] Can not find v4 dongle

2025-12-12 17:27:04.221 ERROR [15876] [CDongleV5::Login@70] MV_LoginLicense fail, dongle type[0](0:dongle, 2:soft lock, 3:remote dongle) ret[5], msg[There are no available local locks.]

2025-12-12 17:27:04.221 ERROR [15876] [CDongleV5::GetLicenseInfo@242] Login fail. nRet[e0000700]

2025-12-12 17:27:04.222 ERROR [15876] [CAuthorization::DoAuthCheck@296] Can not find v5 dongle and smart camera

2025-12-12 17:27:05.548 INFO  [13932] [CAuthorization::StopCheckThead@245] StopCheckThead begin.

2025-12-12 17:27:05.548 INFO  [15876] [CAuthorization::DoAuthCheck@358] DoAuthCheck end.

2025-12-12 17:27:05.548 INFO  [13932] [CAuthorization::StopCheckThead@250] StopCheckThead end.

2025-12-12 17:27:05.548 INFO  [13932] [CAuthorization::Uninit@134] Uninit end

2025-12-12 17:27:04.218 INFO  [13932] [InitPluginInstance@33] InitPluginInstance - Begin

2025-12-12 17:27:04.218 INFO  [13932] [CMonitorResourceUsage::Init@47] Init begin.

2025-12-12 17:27:04.218 INFO  [13932] [GetDllFilePath@262] path[D:\Program Files\VMV4.4.0_240813\VM4.3.0_240813_setup\VisionMaster4.3.0\Applications\Server]

2025-12-12 17:27:04.219 INFO  [13932] [CMonitorResourceUsage::LoadCfgParam@449] Now resource monitor interval[5]

2025-12-12 17:27:04.219 INFO  [13932] [CMonitorResourceUsage::StartMonitorThread@90] StartMonitorThread begin.

2025-12-12 17:27:04.219 INFO  [13932] [CMonitorResourceUsage::StartMonitorThread@121] StartCheckThread end.

2025-12-12 17:27:04.219 INFO  [13932] [InitPluginInstance@39] InitPluginInstance - End

2025-12-12 17:27:04.220 INFO  [18516] [CMonitorResourceUsage::DoMonitorRes@176] DoMonitorResource begin.

2025-12-12 17:27:04.220 INFO  [18516] [CMonitorResourceUsage::SystemVersionMoreThanWin10@155] MajorVersion[6] MinorVersion[2], 6.2 is win10

2025-12-12 17:27:04.220 INFO  [18516] [CMonitorResourceUsage::DoMonitorRes@200] Do not check process resource

2025-12-12 17:27:05.549 INFO  [13932] [UnitPluginInstance@51] UnitPluginInstance - Begin

2025-12-12 17:27:05.549 INFO  [13932] [CMonitorResourceUsage::StopMonitorThead@132] StopMonitorThead begin.

2025-12-12 17:27:05.568 INFO  [18516] [CMonitorResourceUsage::DoMonitorRes@229] DoMonitorResource end, m_bExitMonitorThread is true

2025-12-12 17:27:05.568 INFO  [13932] [CMonitorResourceUsage::StopMonitorThead@145] StopMonitorThead end.

2025-12-12 17:27:05.568 INFO  [13932] [UnitPluginInstance@55] UnitPluginInstance - End

2025-12-13 11:10:13.237 INFO  [45236] [CAuthorization::Init@57] Init begin.

2025-12-13 11:10:13.237 INFO  [45236] [GetDllFilePath@262] path[D:\Program Files\VMV4.4.0_240813\VM4.3.0_240813_setup\VisionMaster4.3.0\Applications\Server]

2025-12-13 11:10:13.238 ERROR [45236] [CDongleV4::LoadCfgParam@363] Load auth name file fail, [D:\Program Files\VMV4.4.0_240813\VM4.3.0_240813_setup\VisionMaster4.3.0\Applications\Server\ServerAuthName.ini].

2025-12-13 11:10:13.242 ERROR [45236] [CDongleV4::GetLicenseWithState@412] MVIE_GetLicense return[-2]

2025-12-13 11:10:13.242 ERROR [45236] [CDongleV4::GetLicenseInfo@473] GetLicenseWithState fail.

2025-12-13 11:10:13.289 ERROR [45236] [CDongleV5::Login@70] MV_LoginLicense fail, dongle type[0](0:dongle, 2:soft lock, 3:remote dongle) ret[5], msg[There are no available local locks.]

2025-12-13 11:10:13.289 ERROR [45236] [CDongleV5::GetLicenseInfo@242] Login fail. nRet[e0000700]

2025-12-13 11:10:13.289 ERROR [45236] [CAuthorization::Init@110] Init MVIE_GetBurnParam failure.

2025-12-13 11:10:13.289 ERROR [45236] [CAuthorization::Init@115] Not found usable dongle

2025-12-13 11:10:13.289 INFO  [45236] [CAuthorization::StartCheckThread@208] StartCheckThread begin.

2025-12-13 11:10:13.289 INFO  [45236] [CAuthorization::StartCheckThread@234] StartCheckThread end.

2025-12-13 11:10:13.289 INFO  [45236] [CAuthorization::Init@119] Init end.

2025-12-13 11:10:13.290 INFO  [16792] [CAuthorization::DoAuthCheck@260] DoAuthCheck begin.

2025-12-13 11:10:13.291 ERROR [16792] [CDongleV4::GetLicenseWithState@412] MVIE_GetLicense return[-2]

2025-12-13 11:10:13.291 ERROR [16792] [CDongleV4::GetLicenseInfo@473] GetLicenseWithState fail.

2025-12-13 11:10:13.291 ERROR [16792] [CAuthorization::DoAuthCheck@273] Can not find v4 dongle

2025-12-13 11:10:13.294 ERROR [16792] [CDongleV5::Login@70] MV_LoginLicense fail, dongle type[0](0:dongle, 2:soft lock, 3:remote dongle) ret[5], msg[There are no available local locks.]

2025-12-13 11:10:13.295 ERROR [16792] [CDongleV5::GetLicenseInfo@242] Login fail. nRet[e0000700]

2025-12-13 11:10:13.295 ERROR [16792] [CAuthorization::DoAuthCheck@296] Can not find v5 dongle and smart camera

2025-12-13 11:10:14.772 INFO  [45236] [CAuthorization::StopCheckThead@245] StopCheckThead begin.

2025-12-13 11:10:14.772 INFO  [16792] [CAuthorization::DoAuthCheck@358] DoAuthCheck end.

2025-12-13 11:10:14.773 INFO  [45236] [CAuthorization::StopCheckThead@250] StopCheckThead end.

2025-12-13 11:10:14.773 INFO  [45236] [CAuthorization::Uninit@134] Uninit end

2025-12-13 11:10:13.295 INFO  [45236] [InitPluginInstance@33] InitPluginInstance - Begin

2025-12-13 11:10:13.295 INFO  [45236] [CMonitorResourceUsage::Init@47] Init begin.

2025-12-13 11:10:13.296 INFO  [45236] [GetDllFilePath@262] path[D:\Program Files\VMV4.4.0_240813\VM4.3.0_240813_setup\VisionMaster4.3.0\Applications\Server]

2025-12-13 11:10:13.296 INFO  [45236] [CMonitorResourceUsage::LoadCfgParam@449] Now resource monitor interval[5]

2025-12-13 11:10:13.296 INFO  [45236] [CMonitorResourceUsage::StartMonitorThread@90] StartMonitorThread begin.

2025-12-13 11:10:13.296 INFO  [45236] [CMonitorResourceUsage::StartMonitorThread@121] StartCheckThread end.

2025-12-13 11:10:13.296 INFO  [45236] [InitPluginInstance@39] InitPluginInstance - End

2025-12-13 11:10:13.297 INFO  [38268] [CMonitorResourceUsage::DoMonitorRes@176] DoMonitorResource begin.

2025-12-13 11:10:13.297 INFO  [38268] [CMonitorResourceUsage::SystemVersionMoreThanWin10@155] MajorVersion[6] MinorVersion[2], 6.2 is win10

2025-12-13 11:10:13.297 INFO  [38268] [CMonitorResourceUsage::DoMonitorRes@200] Do not check process resource

2025-12-13 11:10:14.773 INFO  [45236] [UnitPluginInstance@51] UnitPluginInstance - Begin

2025-12-13 11:10:14.773 INFO  [45236] [CMonitorResourceUsage::StopMonitorThead@132] StopMonitorThead begin.

2025-12-13 11:10:14.789 INFO  [38268] [CMonitorResourceUsage::DoMonitorRes@229] DoMonitorResource end, m_bExitMonitorThread is true

2025-12-13 11:10:14.789 INFO  [45236] [CMonitorResourceUsage::StopMonitorThead@145] StopMonitorThead end.

2025-12-13 11:10:14.789 INFO  [45236] [UnitPluginInstance@55] UnitPluginInstance - End

2025-12-13 16:29:03.892 INFO  [52520] [CAuthorization::Init@57] Init begin.

2025-12-13 16:29:03.892 INFO  [52520] [GetDllFilePath@262] path[D:\Program Files\VMV4.4.0_240813\VM4.3.0_240813_setup\VisionMaster4.3.0\Applications\Server]

2025-12-13 16:29:03.892 ERROR [52520] [CDongleV4::LoadCfgParam@363] Load auth name file fail, [D:\Program Files\VMV4.4.0_240813\VM4.3.0_240813_setup\VisionMaster4.3.0\Applications\Server\ServerAuthName.ini].

2025-12-13 16:29:03.901 ERROR [52520] [CDongleV4::GetLicenseWithState@412] MVIE_GetLicense return[-2]

2025-12-13 16:29:03.901 ERROR [52520] [CDongleV4::GetLicenseInfo@473] GetLicenseWithState fail.

2025-12-13 16:29:03.944 ERROR [52520] [CDongleV5::Login@70] MV_LoginLicense fail, dongle type[0](0:dongle, 2:soft lock, 3:remote dongle) ret[5], msg[There are no available local locks.]

2025-12-13 16:29:03.944 ERROR [52520] [CDongleV5::GetLicenseInfo@242] Login fail. nRet[e0000700]

2025-12-13 16:29:03.944 ERROR [52520] [CAuthorization::Init@110] Init MVIE_GetBurnParam failure.

2025-12-13 16:29:03.944 ERROR [52520] [CAuthorization::Init@115] Not found usable dongle

2025-12-13 16:29:03.944 INFO  [52520] [CAuthorization::StartCheckThread@208] StartCheckThread begin.

2025-12-13 16:29:03.944 INFO  [52520] [CAuthorization::StartCheckThread@234] StartCheckThread end.

2025-12-13 16:29:03.944 INFO  [52520] [CAuthorization::Init@119] Init end.

2025-12-13 16:29:03.945 INFO  [29436] [CAuthorization::DoAuthCheck@260] DoAuthCheck begin.

2025-12-13 16:29:03.946 ERROR [29436] [CDongleV4::GetLicenseWithState@412] MVIE_GetLicense return[-2]

2025-12-13 16:29:03.946 ERROR [29436] [CDongleV4::GetLicenseInfo@473] GetLicenseWithState fail.

2025-12-13 16:29:03.946 ERROR [29436] [CAuthorization::DoAuthCheck@273] Can not find v4 dongle

2025-12-13 16:29:03.950 ERROR [29436] [CDongleV5::Login@70] MV_LoginLicense fail, dongle type[0](0:dongle, 2:soft lock, 3:remote dongle) ret[5], msg[There are no available local locks.]

2025-12-13 16:29:03.951 ERROR [29436] [CDongleV5::GetLicenseInfo@242] Login fail. nRet[e0000700]

2025-12-13 16:29:03.951 ERROR [29436] [CAuthorization::DoAuthCheck@296] Can not find v5 dongle and smart camera

2025-12-13 16:29:04.918 INFO  [52520] [CAuthorization::StopCheckThead@245] StopCheckThead begin.

2025-12-13 16:29:04.918 INFO  [29436] [CAuthorization::DoAuthCheck@358] DoAuthCheck end.

2025-12-13 16:29:04.919 INFO  [52520] [CAuthorization::StopCheckThead@250] StopCheckThead end.

2025-12-13 16:29:04.919 INFO  [52520] [CAuthorization::Uninit@134] Uninit end

2025-12-13 16:29:03.948 INFO  [52520] [InitPluginInstance@33] InitPluginInstance - Begin

2025-12-13 16:29:03.948 INFO  [52520] [CMonitorResourceUsage::Init@47] Init begin.

2025-12-13 16:29:03.948 INFO  [52520] [GetDllFilePath@262] path[D:\Program Files\VMV4.4.0_240813\VM4.3.0_240813_setup\VisionMaster4.3.0\Applications\Server]

2025-12-13 16:29:03.949 INFO  [52520] [CMonitorResourceUsage::LoadCfgParam@449] Now resource monitor interval[5]

2025-12-13 16:29:03.949 INFO  [52520] [CMonitorResourceUsage::StartMonitorThread@90] StartMonitorThread begin.

2025-12-13 16:29:03.949 INFO  [52520] [CMonitorResourceUsage::StartMonitorThread@121] StartCheckThread end.

2025-12-13 16:29:03.949 INFO  [52520] [InitPluginInstance@39] InitPluginInstance - End

2025-12-13 16:29:03.950 INFO  [32000] [CMonitorResourceUsage::DoMonitorRes@176] DoMonitorResource begin.

2025-12-13 16:29:03.950 INFO  [32000] [CMonitorResourceUsage::SystemVersionMoreThanWin10@155] MajorVersion[6] MinorVersion[2], 6.2 is win10

2025-12-13 16:29:03.950 INFO  [32000] [CMonitorResourceUsage::DoMonitorRes@200] Do not check process resource

2025-12-13 16:29:04.919 INFO  [52520] [UnitPluginInstance@51] UnitPluginInstance - Begin

2025-12-13 16:29:04.919 INFO  [52520] [CMonitorResourceUsage::StopMonitorThead@132] StopMonitorThead begin.

2025-12-13 16:29:04.977 INFO  [32000] [CMonitorResourceUsage::DoMonitorRes@229] DoMonitorResource end, m_bExitMonitorThread is true

2025-12-13 16:29:04.977 INFO  [52520] [CMonitorResourceUsage::StopMonitorThead@145] StopMonitorThead end.

2025-12-13 16:29:04.977 INFO  [52520] [UnitPluginInstance@55] UnitPluginInstance - End

2025-12-22 14:13:00.982 INFO  [27132] [CAuthorization::Init@57] Init begin.

2025-12-22 14:13:00.982 INFO  [27132] [GetDllFilePath@262] path[D:\Program Files\VMV4.4.0_240813\VM4.3.0_240813_setup\VisionMaster4.3.0\Applications\Server]

2025-12-22 14:13:00.982 ERROR [27132] [CDongleV4::LoadCfgParam@363] Load auth name file fail, [D:\Program Files\VMV4.4.0_240813\VM4.3.0_240813_setup\VisionMaster4.3.0\Applications\Server\ServerAuthName.ini].

2025-12-22 14:13:00.990 ERROR [27132] [CDongleV4::GetLicenseWithState@412] MVIE_GetLicense return[-2]

2025-12-22 14:13:00.990 ERROR [27132] [CDongleV4::GetLicenseInfo@473] GetLicenseWithState fail.

2025-12-22 14:13:01.033 ERROR [27132] [CDongleV5::Login@70] MV_LoginLicense fail, dongle type[0](0:dongle, 2:soft lock, 3:remote dongle) ret[5], msg[There are no available local locks.]

2025-12-22 14:13:01.033 ERROR [27132] [CDongleV5::GetLicenseInfo@242] Login fail. nRet[e0000700]

2025-12-22 14:13:01.034 ERROR [27132] [CAuthorization::Init@110] Init MVIE_GetBurnParam failure.

2025-12-22 14:13:01.034 ERROR [27132] [CAuthorization::Init@115] Not found usable dongle

2025-12-22 14:13:01.034 INFO  [27132] [CAuthorization::StartCheckThread@208] StartCheckThread begin.

2025-12-22 14:13:01.034 INFO  [27132] [CAuthorization::StartCheckThread@234] StartCheckThread end.

2025-12-22 14:13:01.034 INFO  [27132] [CAuthorization::Init@119] Init end.

2025-12-22 14:13:01.035 INFO  [28680] [CAuthorization::DoAuthCheck@260] DoAuthCheck begin.

2025-12-22 14:13:01.036 ERROR [28680] [CDongleV4::GetLicenseWithState@412] MVIE_GetLicense return[-2]

2025-12-22 14:13:01.036 ERROR [28680] [CDongleV4::GetLicenseInfo@473] GetLicenseWithState fail.

2025-12-22 14:13:01.036 ERROR [28680] [CAuthorization::DoAuthCheck@273] Can not find v4 dongle

2025-12-22 14:13:01.041 ERROR [28680] [CDongleV5::Login@70] MV_LoginLicense fail, dongle type[0](0:dongle, 2:soft lock, 3:remote dongle) ret[5], msg[There are no available local locks.]

2025-12-22 14:13:01.041 ERROR [28680] [CDongleV5::GetLicenseInfo@242] Login fail. nRet[e0000700]

2025-12-22 14:13:01.041 ERROR [28680] [CAuthorization::DoAuthCheck@296] Can not find v5 dongle and smart camera

2025-12-22 14:13:04.091 ERROR [28680] [CDongleV4::GetLicenseWithState@412] MVIE_GetLicense return[-2]

2025-12-22 14:13:04.091 ERROR [28680] [CDongleV4::GetLicenseInfo@473] GetLicenseWithState fail.

2025-12-22 14:13:04.091 ERROR [28680] [CAuthorization::DoAuthCheck@273] Can not find v4 dongle

2025-12-22 14:13:04.094 ERROR [28680] [CDongleV5::Login@70] MV_LoginLicense fail, dongle type[0](0:dongle, 2:soft lock, 3:remote dongle) ret[5], msg[There are no available local locks.]

2025-12-22 14:13:04.094 ERROR [28680] [CDongleV5::GetLicenseInfo@242] Login fail. nRet[e0000700]

2025-12-22 14:13:04.094 ERROR [28680] [CAuthorization::DoAuthCheck@296] Can not find v5 dongle and smart camera

2025-12-22 14:13:06.462 INFO  [27132] [CAuthorization::StopCheckThead@245] StopCheckThead begin.

2025-12-22 14:13:06.462 INFO  [28680] [CAuthorization::DoAuthCheck@358] DoAuthCheck end.

2025-12-22 14:13:06.463 INFO  [27132] [CAuthorization::StopCheckThead@250] StopCheckThead end.

2025-12-22 14:13:06.463 INFO  [27132] [CAuthorization::Uninit@134] Uninit end

2025-12-22 14:13:01.038 INFO  [27132] [InitPluginInstance@33] InitPluginInstance - Begin

2025-12-22 14:13:01.038 INFO  [27132] [CMonitorResourceUsage::Init@47] Init begin.

2025-12-22 14:13:01.038 INFO  [27132] [GetDllFilePath@262] path[D:\Program Files\VMV4.4.0_240813\VM4.3.0_240813_setup\VisionMaster4.3.0\Applications\Server]

2025-12-22 14:13:01.039 INFO  [27132] [CMonitorResourceUsage::LoadCfgParam@449] Now resource monitor interval[5]

2025-12-22 14:13:01.039 INFO  [27132] [CMonitorResourceUsage::StartMonitorThread@90] StartMonitorThread begin.

2025-12-22 14:13:01.039 INFO  [27132] [CMonitorResourceUsage::StartMonitorThread@121] StartCheckThread end.

2025-12-22 14:13:01.039 INFO  [27132] [InitPluginInstance@39] InitPluginInstance - End

2025-12-22 14:13:01.039 INFO  [47016] [CMonitorResourceUsage::DoMonitorRes@176] DoMonitorResource begin.

2025-12-22 14:13:01.039 INFO  [47016] [CMonitorResourceUsage::SystemVersionMoreThanWin10@155] MajorVersion[6] MinorVersion[2], 6.2 is win10

2025-12-22 14:13:01.039 INFO  [47016] [CMonitorResourceUsage::DoMonitorRes@200] Do not check process resource

2025-12-22 14:13:06.464 INFO  [27132] [UnitPluginInstance@51] UnitPluginInstance - Begin

2025-12-22 14:13:06.464 INFO  [27132] [CMonitorResourceUsage::StopMonitorThead@132] StopMonitorThead begin.

2025-12-22 14:13:06.511 INFO  [47016] [CMonitorResourceUsage::DoMonitorRes@229] DoMonitorResource end, m_bExitMonitorThread is true

2025-12-22 14:13:06.511 INFO  [27132] [CMonitorResourceUsage::StopMonitorThead@145] StopMonitorThead end.

2025-12-22 14:13:06.511 INFO  [27132] [UnitPluginInstance@55] UnitPluginInstance - End

2025-12-22 14:40:41.040 INFO  [31576] [CAuthorization::Init@57] Init begin.

2025-12-22 14:40:41.040 INFO  [31576] [GetDllFilePath@262] path[D:\Program Files\VMV4.4.0_240813\VM4.3.0_240813_setup\VisionMaster4.3.0\Applications\Server]

2025-12-22 14:40:41.040 ERROR [31576] [CDongleV4::LoadCfgParam@363] Load auth name file fail, [D:\Program Files\VMV4.4.0_240813\VM4.3.0_240813_setup\VisionMaster4.3.0\Applications\Server\ServerAuthName.ini].

2025-12-22 14:40:41.049 ERROR [31576] [CDongleV4::GetLicenseWithState@412] MVIE_GetLicense return[-2]

2025-12-22 14:40:41.049 ERROR [31576] [CDongleV4::GetLicenseInfo@473] GetLicenseWithState fail.

2025-12-22 14:40:41.097 ERROR [31576] [CDongleV5::Login@70] MV_LoginLicense fail, dongle type[0](0:dongle, 2:soft lock, 3:remote dongle) ret[5], msg[There are no available local locks.]

2025-12-22 14:40:41.097 ERROR [31576] [CDongleV5::GetLicenseInfo@242] Login fail. nRet[e0000700]

2025-12-22 14:40:41.098 ERROR [31576] [CAuthorization::Init@110] Init MVIE_GetBurnParam failure.

2025-12-22 14:40:41.098 ERROR [31576] [CAuthorization::Init@115] Not found usable dongle

2025-12-22 14:40:41.098 INFO  [31576] [CAuthorization::StartCheckThread@208] StartCheckThread begin.

2025-12-22 14:40:41.098 INFO  [31576] [CAuthorization::StartCheckThread@234] StartCheckThread end.

2025-12-22 14:40:41.098 INFO  [31576] [CAuthorization::Init@119] Init end.

2025-12-22 14:40:41.099 INFO  [18428] [CAuthorization::DoAuthCheck@260] DoAuthCheck begin.

2025-12-22 14:40:41.100 ERROR [18428] [CDongleV4::GetLicenseWithState@412] MVIE_GetLicense return[-2]

2025-12-22 14:40:41.100 ERROR [18428] [CDongleV4::GetLicenseInfo@473] GetLicenseWithState fail.

2025-12-22 14:40:41.100 ERROR [18428] [CAuthorization::DoAuthCheck@273] Can not find v4 dongle

2025-12-22 14:40:41.106 ERROR [18428] [CDongleV5::Login@70] MV_LoginLicense fail, dongle type[0](0:dongle, 2:soft lock, 3:remote dongle) ret[5], msg[There are no available local locks.]

2025-12-22 14:40:41.106 ERROR [18428] [CDongleV5::GetLicenseInfo@242] Login fail. nRet[e0000700]

2025-12-22 14:40:41.106 ERROR [18428] [CAuthorization::DoAuthCheck@296] Can not find v5 dongle and smart camera

2025-12-22 14:40:44.152 ERROR [18428] [CDongleV4::GetLicenseWithState@412] MVIE_GetLicense return[-2]

2025-12-22 14:40:44.152 ERROR [18428] [CDongleV4::GetLicenseInfo@473] GetLicenseWithState fail.

2025-12-22 14:40:44.152 ERROR [18428] [CAuthorization::DoAuthCheck@273] Can not find v4 dongle

2025-12-22 14:40:44.154 ERROR [18428] [CDongleV5::Login@70] MV_LoginLicense fail, dongle type[0](0:dongle, 2:soft lock, 3:remote dongle) ret[5], msg[There are no available local locks.]

2025-12-22 14:40:44.154 ERROR [18428] [CDongleV5::GetLicenseInfo@242] Login fail. nRet[e0000700]

2025-12-22 14:40:44.155 ERROR [18428] [CAuthorization::DoAuthCheck@296] Can not find v5 dongle and smart camera

2025-12-22 14:40:46.510 INFO  [31576] [CAuthorization::StopCheckThead@245] StopCheckThead begin.

2025-12-22 14:40:46.510 INFO  [18428] [CAuthorization::DoAuthCheck@358] DoAuthCheck end.

2025-12-22 14:40:46.511 INFO  [31576] [CAuthorization::StopCheckThead@250] StopCheckThead end.

2025-12-22 14:40:46.511 INFO  [31576] [CAuthorization::Uninit@134] Uninit end

2025-12-22 14:40:41.103 INFO  [31576] [InitPluginInstance@33] InitPluginInstance - Begin

2025-12-22 14:40:41.103 INFO  [31576] [CMonitorResourceUsage::Init@47] Init begin.

2025-12-22 14:40:41.103 INFO  [31576] [GetDllFilePath@262] path[D:\Program Files\VMV4.4.0_240813\VM4.3.0_240813_setup\VisionMaster4.3.0\Applications\Server]

2025-12-22 14:40:41.103 INFO  [31576] [CMonitorResourceUsage::LoadCfgParam@449] Now resource monitor interval[5]

2025-12-22 14:40:41.103 INFO  [31576] [CMonitorResourceUsage::StartMonitorThread@90] StartMonitorThread begin.

2025-12-22 14:40:41.103 INFO  [31576] [CMonitorResourceUsage::StartMonitorThread@121] StartCheckThread end.

2025-12-22 14:40:41.103 INFO  [31576] [InitPluginInstance@39] InitPluginInstance - End

2025-12-22 14:40:41.104 INFO  [11532] [CMonitorResourceUsage::DoMonitorRes@176] DoMonitorResource begin.

2025-12-22 14:40:41.104 INFO  [11532] [CMonitorResourceUsage::SystemVersionMoreThanWin10@155] MajorVersion[6] MinorVersion[2], 6.2 is win10

2025-12-22 14:40:41.104 INFO  [11532] [CMonitorResourceUsage::DoMonitorRes@200] Do not check process resource

2025-12-22 14:40:46.512 INFO  [31576] [UnitPluginInstance@51] UnitPluginInstance - Begin

2025-12-22 14:40:46.512 INFO  [31576] [CMonitorResourceUsage::StopMonitorThead@132] StopMonitorThead begin.

2025-12-22 14:40:46.562 INFO  [11532] [CMonitorResourceUsage::DoMonitorRes@229] DoMonitorResource end, m_bExitMonitorThread is true

2025-12-22 14:40:46.562 INFO  [31576] [CMonitorResourceUsage::StopMonitorThead@145] StopMonitorThead end.

2025-12-22 14:40:46.562 INFO  [31576] [UnitPluginInstance@55] UnitPluginInstance - End

2025-12-23 10:16:13.393 INFO  [23072] [CAuthorization::Init@57] Init begin.

2025-12-23 10:16:13.393 INFO  [23072] [GetDllFilePath@262] path[D:\Program Files\VMV4.4.0_240813\VM4.3.0_240813_setup\VisionMaster4.3.0\Applications\Server]

2025-12-23 10:16:13.393 ERROR [23072] [CDongleV4::LoadCfgParam@363] Load auth name file fail, [D:\Program Files\VMV4.4.0_240813\VM4.3.0_240813_setup\VisionMaster4.3.0\Applications\Server\ServerAuthName.ini].

2025-12-23 10:16:13.413 ERROR [23072] [CDongleV4::GetLicenseWithState@412] MVIE_GetLicense return[-2]

2025-12-23 10:16:13.413 ERROR [23072] [CDongleV4::GetLicenseInfo@473] GetLicenseWithState fail.

2025-12-23 10:16:13.468 ERROR [23072] [CDongleV5::Login@70] MV_LoginLicense fail, dongle type[0](0:dongle, 2:soft lock, 3:remote dongle) ret[5], msg[There are no available local locks.]

2025-12-23 10:16:13.468 ERROR [23072] [CDongleV5::GetLicenseInfo@242] Login fail. nRet[e0000700]

2025-12-23 10:16:13.469 ERROR [23072] [CAuthorization::Init@110] Init MVIE_GetBurnParam failure.

2025-12-23 10:16:13.469 ERROR [23072] [CAuthorization::Init@115] Not found usable dongle

2025-12-23 10:16:13.469 INFO  [23072] [CAuthorization::StartCheckThread@208] StartCheckThread begin.

2025-12-23 10:16:13.469 INFO  [23072] [CAuthorization::StartCheckThread@234] StartCheckThread end.

2025-12-23 10:16:13.469 INFO  [23072] [CAuthorization::Init@119] Init end.

2025-12-23 10:16:13.469 INFO  [11912] [CAuthorization::DoAuthCheck@260] DoAuthCheck begin.

2025-12-23 10:16:13.470 ERROR [11912] [CDongleV4::GetLicenseWithState@412] MVIE_GetLicense return[-2]

2025-12-23 10:16:13.470 ERROR [11912] [CDongleV4::GetLicenseInfo@473] GetLicenseWithState fail.

2025-12-23 10:16:13.470 ERROR [11912] [CAuthorization::DoAuthCheck@273] Can not find v4 dongle

2025-12-23 10:16:13.475 ERROR [11912] [CDongleV5::Login@70] MV_LoginLicense fail, dongle type[0](0:dongle, 2:soft lock, 3:remote dongle) ret[5], msg[There are no available local locks.]

2025-12-23 10:16:13.475 ERROR [11912] [CDongleV5::GetLicenseInfo@242] Login fail. nRet[e0000700]

2025-12-23 10:16:13.476 ERROR [11912] [CAuthorization::DoAuthCheck@296] Can not find v5 dongle and smart camera

2025-12-23 10:16:14.521 INFO  [23072] [CAuthorization::StopCheckThead@245] StopCheckThead begin.

2025-12-23 10:16:14.521 INFO  [11912] [CAuthorization::DoAuthCheck@358] DoAuthCheck end.

2025-12-23 10:16:14.521 INFO  [23072] [CAuthorization::StopCheckThead@250] StopCheckThead end.

2025-12-23 10:16:14.521 INFO  [23072] [CAuthorization::Uninit@134] Uninit end

2025-12-23 10:16:13.473 INFO  [23072] [InitPluginInstance@33] InitPluginInstance - Begin

2025-12-23 10:16:13.473 INFO  [23072] [CMonitorResourceUsage::Init@47] Init begin.

2025-12-23 10:16:13.473 INFO  [23072] [GetDllFilePath@262] path[D:\Program Files\VMV4.4.0_240813\VM4.3.0_240813_setup\VisionMaster4.3.0\Applications\Server]

2025-12-23 10:16:13.473 INFO  [23072] [CMonitorResourceUsage::LoadCfgParam@449] Now resource monitor interval[5]

2025-12-23 10:16:13.473 INFO  [23072] [CMonitorResourceUsage::StartMonitorThread@90] StartMonitorThread begin.

2025-12-23 10:16:13.473 INFO  [23072] [CMonitorResourceUsage::StartMonitorThread@121] StartCheckThread end.

2025-12-23 10:16:13.473 INFO  [23072] [InitPluginInstance@39] InitPluginInstance - End

2025-12-23 10:16:13.473 INFO  [40836] [CMonitorResourceUsage::DoMonitorRes@176] DoMonitorResource begin.

2025-12-23 10:16:13.473 INFO  [40836] [CMonitorResourceUsage::SystemVersionMoreThanWin10@155] MajorVersion[6] MinorVersion[2], 6.2 is win10

2025-12-23 10:16:13.473 INFO  [40836] [CMonitorResourceUsage::DoMonitorRes@200] Do not check process resource

2025-12-23 10:16:14.522 INFO  [23072] [UnitPluginInstance@51] UnitPluginInstance - Begin

2025-12-23 10:16:14.522 INFO  [23072] [CMonitorResourceUsage::StopMonitorThead@132] StopMonitorThead begin.

2025-12-23 10:16:14.561 INFO  [40836] [CMonitorResourceUsage::DoMonitorRes@229] DoMonitorResource end, m_bExitMonitorThread is true

2025-12-23 10:16:14.561 INFO  [23072] [CMonitorResourceUsage::StopMonitorThead@145] StopMonitorThead end.

2025-12-23 10:16:14.561 INFO  [23072] [UnitPluginInstance@55] UnitPluginInstance - End

